ESTABELECIMENTO,MUNICIPIO,REGIONAL,MACRORREGIAO,SEM_EPI,virus,positivos
ABESSS,CASCAVEL,10a RS CASCAVEL,MACRORREGIAO OESTE,19,Rinovírus,1
ABESSS,NOVA AURORA,10a RS CASCAVEL,MACRORREGIAO OESTE,22,Rinovírus,1
APMI,CASCAVEL,10a RS CASCAVEL,MACRORREGIAO OESTE,18,Influenza,1
COMPLEXO DO HOSPITAL DE CLINICAS DA UFPR HC E MVFA,CASCAVEL,10a RS CASCAVEL,MACRORREGIAO OESTE,25,VSR,1
HOESP,CASCAVEL,10a RS CASCAVEL,MACRORREGIAO OESTE,17,Influenza,1
HOSPITAL DE ENSINO SAO LUCAS,CASCAVEL,10a RS CASCAVEL,MACRORREGIAO OESTE,2,Influenza,1
HOSPITAL DE ENSINO SAO LUCAS,CASCAVEL,10a RS CASCAVEL,MACRORREGIAO OESTE,2,Rinovírus,1
HOSPITAL DE ENSINO SAO LUCAS,SANTA TEREZA DO OESTE,10a RS CASCAVEL,MACRORREGIAO OESTE,5,Adenovírus,1
HOSPITAL DE ENSINO SAO LUCAS,CASCAVEL,10a RS CASCAVEL,MACRORREGIAO OESTE,5,Rinovírus,2
HOSPITAL DE ENSINO SAO LUCAS,CASCAVEL,10a RS CASCAVEL,MACRORREGIAO OESTE,6,Rinovírus,1
HOSPITAL DE ENSINO SAO LUCAS,CASCAVEL,10a RS CASCAVEL,MACRORREGIAO OESTE,7,Covid-19,1
HOSPITAL DE ENSINO SAO LUCAS,CASCAVEL,10a RS CASCAVEL,MACRORREGIAO OESTE,7,Rinovírus,1
HOSPITAL DE ENSINO SAO LUCAS,CAFELANDIA,10a RS CASCAVEL,MACRORREGIAO OESTE,8,Covid-19,1
HOSPITAL DE ENSINO SAO LUCAS,CAFELANDIA,10a RS CASCAVEL,MACRORREGIAO OESTE,8,Rinovírus,1
HOSPITAL DE ENSINO SAO LUCAS,CASCAVEL,10a RS CASCAVEL,MACRORREGIAO OESTE,9,Covid-19,1
HOSPITAL DE ENSINO SAO LUCAS,NOVA AURORA,10a RS CASCAVEL,MACRORREGIAO OESTE,9,Influenza,1
HOSPITAL DE ENSINO SAO LUCAS,CASCAVEL,10a RS CASCAVEL,MACRORREGIAO OESTE,9,Rinovírus,2
HOSPITAL DE ENSINO SAO LUCAS,CASCAVEL,10a RS CASCAVEL,MACRORREGIAO OESTE,10,Covid-19,1
HOSPITAL DE ENSINO SAO LUCAS,CASCAVEL,10a RS CASCAVEL,MACRORREGIAO OESTE,10,Rinovírus,1
HOSPITAL DE ENSINO SAO LUCAS,CASCAVEL,10a RS CASCAVEL,MACRORREGIAO OESTE,11,Rinovírus,4
HOSPITAL DE ENSINO SAO LUCAS,NOVA AURORA,10a RS CASCAVEL,MACRORREGIAO OESTE,12,Covid-19,1
HOSPITAL DE ENSINO SAO LUCAS,CASCAVEL,10a RS CASCAVEL,MACRORREGIAO OESTE,12,Rinovírus,2
HOSPITAL DE ENSINO SAO LUCAS,CASCAVEL,10a RS CASCAVEL,MACRORREGIAO OESTE,13,Adenovírus,1
HOSPITAL DE ENSINO SAO LUCAS,CASCAVEL,10a RS CASCAVEL,MACRORREGIAO OESTE,13,Covid-19,1
HOSPITAL DE ENSINO SAO LUCAS,CASCAVEL,10a RS CASCAVEL,MACRORREGIAO OESTE,13,Influenza,3
HOSPITAL DE ENSINO SAO LUCAS,CASCAVEL,10a RS CASCAVEL,MACRORREGIAO OESTE,13,Rinovírus,2
HOSPITAL DE ENSINO SAO LUCAS,CASCAVEL,10a RS CASCAVEL,MACRORREGIAO OESTE,14,Influenza,1
HOSPITAL DE ENSINO SAO LUCAS,CASCAVEL,10a RS CASCAVEL,MACRORREGIAO OESTE,15,Covid-19,1
HOSPITAL DE ENSINO SAO LUCAS,CASCAVEL,10a RS CASCAVEL,MACRORREGIAO OESTE,15,Influenza,2
HOSPITAL DE ENSINO SAO LUCAS,CASCAVEL,10a RS CASCAVEL,MACRORREGIAO OESTE,15,Rinovírus,3
HOSPITAL DE ENSINO SAO LUCAS,CASCAVEL,10a RS CASCAVEL,MACRORREGIAO OESTE,16,Influenza,2
HOSPITAL DE ENSINO SAO LUCAS,CASCAVEL,10a RS CASCAVEL,MACRORREGIAO OESTE,17,Adenovírus,2
HOSPITAL DE ENSINO SAO LUCAS,CASCAVEL,10a RS CASCAVEL,MACRORREGIAO OESTE,17,Covid-19,4
HOSPITAL DE ENSINO SAO LUCAS,CASCAVEL,10a RS CASCAVEL,MACRORREGIAO OESTE,17,Influenza,1
HOSPITAL DE ENSINO SAO LUCAS,CAFELANDIA,10a RS CASCAVEL,MACRORREGIAO OESTE,17,Rinovírus,1
HOSPITAL DE ENSINO SAO LUCAS,CASCAVEL,10a RS CASCAVEL,MACRORREGIAO OESTE,17,Rinovírus,7
HOSPITAL DE ENSINO SAO LUCAS,CASCAVEL,10a RS CASCAVEL,MACRORREGIAO OESTE,17,VSR,1
HOSPITAL DE ENSINO SAO LUCAS,CASCAVEL,10a RS CASCAVEL,MACRORREGIAO OESTE,18,Influenza,3
HOSPITAL DE ENSINO SAO LUCAS,CASCAVEL,10a RS CASCAVEL,MACRORREGIAO OESTE,18,VSR,2
HOSPITAL DE ENSINO SAO LUCAS,CASCAVEL,10a RS CASCAVEL,MACRORREGIAO OESTE,19,Adenovírus,3
HOSPITAL DE ENSINO SAO LUCAS,CASCAVEL,10a RS CASCAVEL,MACRORREGIAO OESTE,19,Covid-19,1
HOSPITAL DE ENSINO SAO LUCAS,CASCAVEL,10a RS CASCAVEL,MACRORREGIAO OESTE,19,Influenza,1
HOSPITAL DE ENSINO SAO LUCAS,QUEDAS DO IGUACU,10a RS CASCAVEL,MACRORREGIAO OESTE,19,Influenza,1
HOSPITAL DE ENSINO SAO LUCAS,CASCAVEL,10a RS CASCAVEL,MACRORREGIAO OESTE,19,Rinovírus,7
HOSPITAL DE ENSINO SAO LUCAS,CASCAVEL,10a RS CASCAVEL,MACRORREGIAO OESTE,19,VSR,3
HOSPITAL DE ENSINO SAO LUCAS,CASCAVEL,10a RS CASCAVEL,MACRORREGIAO OESTE,20,Adenovírus,1
HOSPITAL DE ENSINO SAO LUCAS,CASCAVEL,10a RS CASCAVEL,MACRORREGIAO OESTE,20,Covid-19,1
HOSPITAL DE ENSINO SAO LUCAS,CAPITAO LEONIDAS MARQUES,10a RS CASCAVEL,MACRORREGIAO OESTE,20,Influenza,1
HOSPITAL DE ENSINO SAO LUCAS,CASCAVEL,10a RS CASCAVEL,MACRORREGIAO OESTE,20,Influenza,1
HOSPITAL DE ENSINO SAO LUCAS,JESUITAS,10a RS CASCAVEL,MACRORREGIAO OESTE,20,Influenza,1
HOSPITAL DE ENSINO SAO LUCAS,CASCAVEL,10a RS CASCAVEL,MACRORREGIAO OESTE,20,Rinovírus,1
HOSPITAL DE ENSINO SAO LUCAS,JESUITAS,10a RS CASCAVEL,MACRORREGIAO OESTE,20,Rinovírus,1
HOSPITAL DE ENSINO SAO LUCAS,CASCAVEL,10a RS CASCAVEL,MACRORREGIAO OESTE,20,VSR,7
HOSPITAL DE ENSINO SAO LUCAS,SANTA TEREZA DO OESTE,10a RS CASCAVEL,MACRORREGIAO OESTE,20,VSR,1
HOSPITAL DE ENSINO SAO LUCAS,CASCAVEL,10a RS CASCAVEL,MACRORREGIAO OESTE,21,Adenovírus,2
HOSPITAL DE ENSINO SAO LUCAS,CASCAVEL,10a RS CASCAVEL,MACRORREGIAO OESTE,21,Covid-19,1
HOSPITAL DE ENSINO SAO LUCAS,CASCAVEL,10a RS CASCAVEL,MACRORREGIAO OESTE,21,Influenza,4
HOSPITAL DE ENSINO SAO LUCAS,CASCAVEL,10a RS CASCAVEL,MACRORREGIAO OESTE,21,Rinovírus,1
HOSPITAL DE ENSINO SAO LUCAS,CASCAVEL,10a RS CASCAVEL,MACRORREGIAO OESTE,21,VSR,12
HOSPITAL DE ENSINO SAO LUCAS,CEU AZUL,10a RS CASCAVEL,MACRORREGIAO OESTE,22,Adenovírus,1
HOSPITAL DE ENSINO SAO LUCAS,CASCAVEL,10a RS CASCAVEL,MACRORREGIAO OESTE,22,Covid-19,1
HOSPITAL DE ENSINO SAO LUCAS,CASCAVEL,10a RS CASCAVEL,MACRORREGIAO OESTE,22,Influenza,5
HOSPITAL DE ENSINO SAO LUCAS,CASCAVEL,10a RS CASCAVEL,MACRORREGIAO OESTE,22,Rinovírus,5
HOSPITAL DE ENSINO SAO LUCAS,SANTA TEREZA DO OESTE,10a RS CASCAVEL,MACRORREGIAO OESTE,22,Rinovírus,1
HOSPITAL DE ENSINO SAO LUCAS,CASCAVEL,10a RS CASCAVEL,MACRORREGIAO OESTE,22,VSR,9
HOSPITAL DE ENSINO SAO LUCAS,CEU AZUL,10a RS CASCAVEL,MACRORREGIAO OESTE,22,VSR,1
HOSPITAL DE ENSINO SAO LUCAS,CORBELIA,10a RS CASCAVEL,MACRORREGIAO OESTE,22,VSR,1
HOSPITAL DE ENSINO SAO LUCAS,CASCAVEL,10a RS CASCAVEL,MACRORREGIAO OESTE,23,Adenovírus,2
HOSPITAL DE ENSINO SAO LUCAS,CASCAVEL,10a RS CASCAVEL,MACRORREGIAO OESTE,23,Influenza,2
HOSPITAL DE ENSINO SAO LUCAS,CEU AZUL,10a RS CASCAVEL,MACRORREGIAO OESTE,23,Influenza,1
HOSPITAL DE ENSINO SAO LUCAS,CASCAVEL,10a RS CASCAVEL,MACRORREGIAO OESTE,23,Rinovírus,7
HOSPITAL DE ENSINO SAO LUCAS,CEU AZUL,10a RS CASCAVEL,MACRORREGIAO OESTE,23,Rinovírus,1
HOSPITAL DE ENSINO SAO LUCAS,NOVA AURORA,10a RS CASCAVEL,MACRORREGIAO OESTE,23,Rinovírus,1
HOSPITAL DE ENSINO SAO LUCAS,BRAGANEY,10a RS CASCAVEL,MACRORREGIAO OESTE,23,VSR,1
HOSPITAL DE ENSINO SAO LUCAS,CAFELANDIA,10a RS CASCAVEL,MACRORREGIAO OESTE,23,VSR,1
HOSPITAL DE ENSINO SAO LUCAS,CASCAVEL,10a RS CASCAVEL,MACRORREGIAO OESTE,23,VSR,10
HOSPITAL DE ENSINO SAO LUCAS,CEU AZUL,10a RS CASCAVEL,MACRORREGIAO OESTE,23,VSR,1
HOSPITAL DE ENSINO SAO LUCAS,NOVA AURORA,10a RS CASCAVEL,MACRORREGIAO OESTE,23,VSR,1
HOSPITAL DE ENSINO SAO LUCAS,CASCAVEL,10a RS CASCAVEL,MACRORREGIAO OESTE,24,Influenza,1
HOSPITAL DE ENSINO SAO LUCAS,CASCAVEL,10a RS CASCAVEL,MACRORREGIAO OESTE,24,Rinovírus,3
HOSPITAL DE ENSINO SAO LUCAS,CAFELANDIA,10a RS CASCAVEL,MACRORREGIAO OESTE,24,VSR,1
HOSPITAL DE ENSINO SAO LUCAS,CASCAVEL,10a RS CASCAVEL,MACRORREGIAO OESTE,24,VSR,9
HOSPITAL DE ENSINO SAO LUCAS,CORBELIA,10a RS CASCAVEL,MACRORREGIAO OESTE,24,VSR,1
HOSPITAL DE ENSINO SAO LUCAS,NOVA AURORA,10a RS CASCAVEL,MACRORREGIAO OESTE,24,VSR,1
HOSPITAL DE ENSINO SAO LUCAS,CASCAVEL,10a RS CASCAVEL,MACRORREGIAO OESTE,25,Adenovírus,1
HOSPITAL DE ENSINO SAO LUCAS,CASCAVEL,10a RS CASCAVEL,MACRORREGIAO OESTE,25,Covid-19,1
HOSPITAL DE ENSINO SAO LUCAS,VERA CRUZ DO OESTE,10a RS CASCAVEL,MACRORREGIAO OESTE,25,Influenza,1
HOSPITAL DE ENSINO SAO LUCAS,CASCAVEL,10a RS CASCAVEL,MACRORREGIAO OESTE,25,Rinovírus,5
HOSPITAL DE ENSINO SAO LUCAS,CASCAVEL,10a RS CASCAVEL,MACRORREGIAO OESTE,25,VSR,13
HOSPITAL DE ENSINO SAO LUCAS,VERA CRUZ DO OESTE,10a RS CASCAVEL,MACRORREGIAO OESTE,25,VSR,1
HOSPITAL DE ENSINO SAO LUCAS,CASCAVEL,10a RS CASCAVEL,MACRORREGIAO OESTE,26,Adenovírus,1
HOSPITAL DE ENSINO SAO LUCAS,SANTA TEREZA DO OESTE,10a RS CASCAVEL,MACRORREGIAO OESTE,26,Adenovírus,1
HOSPITAL DE ENSINO SAO LUCAS,CASCAVEL,10a RS CASCAVEL,MACRORREGIAO OESTE,26,Covid-19,1
HOSPITAL DE ENSINO SAO LUCAS,SANTA TEREZA DO OESTE,10a RS CASCAVEL,MACRORREGIAO OESTE,26,Covid-19,1
HOSPITAL DE ENSINO SAO LUCAS,CASCAVEL,10a RS CASCAVEL,MACRORREGIAO OESTE,26,Metapneumovírus,1
HOSPITAL DE ENSINO SAO LUCAS,CAFELANDIA,10a RS CASCAVEL,MACRORREGIAO OESTE,26,Rinovírus,1
HOSPITAL DE ENSINO SAO LUCAS,CASCAVEL,10a RS CASCAVEL,MACRORREGIAO OESTE,26,Rinovírus,4
HOSPITAL DE ENSINO SAO LUCAS,SANTA TEREZA DO OESTE,10a RS CASCAVEL,MACRORREGIAO OESTE,26,Rinovírus,1
HOSPITAL DE ENSINO SAO LUCAS,CASCAVEL,10a RS CASCAVEL,MACRORREGIAO OESTE,26,VSR,12
HOSPITAL DE ENSINO SAO LUCAS,ESPIGAO ALTO DO IGUACU,10a RS CASCAVEL,MACRORREGIAO OESTE,26,VSR,1
HOSPITAL DE ENSINO SAO LUCAS,NOVA AURORA,10a RS CASCAVEL,MACRORREGIAO OESTE,26,VSR,1
HOSPITAL DE ENSINO SAO LUCAS,SANTA TEREZA DO OESTE,10a RS CASCAVEL,MACRORREGIAO OESTE,26,VSR,2
HOSPITAL DE ENSINO SAO LUCAS,CASCAVEL,10a RS CASCAVEL,MACRORREGIAO OESTE,27,Influenza,3
HOSPITAL DE ENSINO SAO LUCAS,CASCAVEL,10a RS CASCAVEL,MACRORREGIAO OESTE,27,Rinovírus,3
HOSPITAL DE ENSINO SAO LUCAS,SANTA TEREZA DO OESTE,10a RS CASCAVEL,MACRORREGIAO OESTE,27,Rinovírus,1
HOSPITAL DE ENSINO SAO LUCAS,CASCAVEL,10a RS CASCAVEL,MACRORREGIAO OESTE,27,VSR,7
HOSPITAL DE ENSINO SAO LUCAS,CEU AZUL,10a RS CASCAVEL,MACRORREGIAO OESTE,27,VSR,1
HOSPITAL DE ENSINO SAO LUCAS,FORMOSA DO OESTE,10a RS CASCAVEL,MACRORREGIAO OESTE,27,VSR,1
HOSPITAL DE ENSINO SAO LUCAS,NOVA AURORA,10a RS CASCAVEL,MACRORREGIAO OESTE,27,VSR,1
HOSPITAL DE ENSINO SAO LUCAS,CASCAVEL,10a RS CASCAVEL,MACRORREGIAO OESTE,28,Adenovírus,1
HOSPITAL DE ENSINO SAO LUCAS,CASCAVEL,10a RS CASCAVEL,MACRORREGIAO OESTE,28,Influenza,2
HOSPITAL DE ENSINO SAO LUCAS,CEU AZUL,10a RS CASCAVEL,MACRORREGIAO OESTE,28,Influenza,1
HOSPITAL DE ENSINO SAO LUCAS,CORBELIA,10a RS CASCAVEL,MACRORREGIAO OESTE,28,Influenza,1
HOSPITAL DE ENSINO SAO LUCAS,CASCAVEL,10a RS CASCAVEL,MACRORREGIAO OESTE,28,Rinovírus,3
HOSPITAL DE ENSINO SAO LUCAS,CAFELANDIA,10a RS CASCAVEL,MACRORREGIAO OESTE,28,VSR,1
HOSPITAL DE ENSINO SAO LUCAS,CASCAVEL,10a RS CASCAVEL,MACRORREGIAO OESTE,28,VSR,6
HOSPITAL DE ENSINO SAO LUCAS,CORBELIA,10a RS CASCAVEL,MACRORREGIAO OESTE,28,VSR,1
HOSPITAL DE ENSINO SAO LUCAS,CASCAVEL,10a RS CASCAVEL,MACRORREGIAO OESTE,29,Adenovírus,1
HOSPITAL DE ENSINO SAO LUCAS,BRAGANEY,10a RS CASCAVEL,MACRORREGIAO OESTE,29,Influenza,1
HOSPITAL DE ENSINO SAO LUCAS,CASCAVEL,10a RS CASCAVEL,MACRORREGIAO OESTE,29,Influenza,4
HOSPITAL DE ENSINO SAO LUCAS,BRAGANEY,10a RS CASCAVEL,MACRORREGIAO OESTE,29,Rinovírus,1
HOSPITAL DE ENSINO SAO LUCAS,CASCAVEL,10a RS CASCAVEL,MACRORREGIAO OESTE,29,Rinovírus,4
HOSPITAL DE ENSINO SAO LUCAS,QUEDAS DO IGUACU,10a RS CASCAVEL,MACRORREGIAO OESTE,29,Rinovírus,1
HOSPITAL DE ENSINO SAO LUCAS,BRAGANEY,10a RS CASCAVEL,MACRORREGIAO OESTE,29,VSR,1
HOSPITAL DE ENSINO SAO LUCAS,CASCAVEL,10a RS CASCAVEL,MACRORREGIAO OESTE,29,VSR,10
HOSPITAL DE ENSINO SAO LUCAS,IGUATU,10a RS CASCAVEL,MACRORREGIAO OESTE,29,VSR,1
HOSPITAL DE ENSINO SAO LUCAS,CASCAVEL,10a RS CASCAVEL,MACRORREGIAO OESTE,30,Influenza,2
HOSPITAL DE ENSINO SAO LUCAS,CASCAVEL,10a RS CASCAVEL,MACRORREGIAO OESTE,30,Rinovírus,2
HOSPITAL DE ENSINO SAO LUCAS,CAFELANDIA,10a RS CASCAVEL,MACRORREGIAO OESTE,30,VSR,1
HOSPITAL DE ENSINO SAO LUCAS,CASCAVEL,10a RS CASCAVEL,MACRORREGIAO OESTE,30,VSR,4
HOSPITAL DE ENSINO SAO LUCAS,CASCAVEL,10a RS CASCAVEL,MACRORREGIAO OESTE,31,Influenza,1
HOSPITAL DE ENSINO SAO LUCAS,CAFELANDIA,10a RS CASCAVEL,MACRORREGIAO OESTE,31,VSR,1
HOSPITAL DE ENSINO SAO LUCAS,CASCAVEL,10a RS CASCAVEL,MACRORREGIAO OESTE,31,VSR,2
HOSPITAL DE ENSINO SAO LUCAS,JESUITAS,10a RS CASCAVEL,MACRORREGIAO OESTE,31,VSR,1
HOSPITAL DE ENSINO SAO LUCAS,CASCAVEL,10a RS CASCAVEL,MACRORREGIAO OESTE,32,Influenza,1
HOSPITAL DE ENSINO SAO LUCAS,BRAGANEY,10a RS CASCAVEL,MACRORREGIAO OESTE,32,Rinovírus,1
HOSPITAL DE ENSINO SAO LUCAS,CASCAVEL,10a RS CASCAVEL,MACRORREGIAO OESTE,32,Rinovírus,2
HOSPITAL DE ENSINO SAO LUCAS,CASCAVEL,10a RS CASCAVEL,MACRORREGIAO OESTE,32,VSR,6
HOSPITAL DE ENSINO SAO LUCAS,CASCAVEL,10a RS CASCAVEL,MACRORREGIAO OESTE,33,Rinovírus,4
HOSPITAL DE ENSINO SAO LUCAS,SANTA TEREZA DO OESTE,10a RS CASCAVEL,MACRORREGIAO OESTE,33,Rinovírus,1
HOSPITAL DE ENSINO SAO LUCAS,CASCAVEL,10a RS CASCAVEL,MACRORREGIAO OESTE,33,VSR,2
HOSPITAL DE ENSINO SAO LUCAS,CASCAVEL,10a RS CASCAVEL,MACRORREGIAO OESTE,34,Influenza,1
HOSPITAL DE ENSINO SAO LUCAS,CASCAVEL,10a RS CASCAVEL,MACRORREGIAO OESTE,34,Metapneumovírus,2
HOSPITAL DE ENSINO SAO LUCAS,CASCAVEL,10a RS CASCAVEL,MACRORREGIAO OESTE,34,Rinovírus,6
HOSPITAL DE ENSINO SAO LUCAS,CASCAVEL,10a RS CASCAVEL,MACRORREGIAO OESTE,34,VSR,2
HOSPITAL DE ENSINO SAO LUCAS,CASCAVEL,10a RS CASCAVEL,MACRORREGIAO OESTE,35,Adenovírus,1
HOSPITAL DE ENSINO SAO LUCAS,CASCAVEL,10a RS CASCAVEL,MACRORREGIAO OESTE,35,Influenza,1
HOSPITAL DE ENSINO SAO LUCAS,CASCAVEL,10a RS CASCAVEL,MACRORREGIAO OESTE,35,Rinovírus,2
HOSPITAL DE ENSINO SAO LUCAS,NOVA AURORA,10a RS CASCAVEL,MACRORREGIAO OESTE,35,Rinovírus,1
HOSPITAL DE ENSINO SAO LUCAS,NOVA AURORA,10a RS CASCAVEL,MACRORREGIAO OESTE,35,VSR,1
HOSPITAL DE ENSINO SAO LUCAS,CASCAVEL,10a RS CASCAVEL,MACRORREGIAO OESTE,36,Influenza,1
HOSPITAL DE ENSINO SAO LUCAS,CASCAVEL,10a RS CASCAVEL,MACRORREGIAO OESTE,36,Metapneumovírus,1
HOSPITAL DE ENSINO SAO LUCAS,CASCAVEL,10a RS CASCAVEL,MACRORREGIAO OESTE,36,Rinovírus,6
HOSPITAL DO CANCER DE CASCAVEL UOPECCAN,CASCAVEL,10a RS CASCAVEL,MACRORREGIAO OESTE,27,Rinovírus,1
HOSPITAL DO CANCER DE CASCAVEL UOPECCAN,CASCAVEL,10a RS CASCAVEL,MACRORREGIAO OESTE,33,Rinovírus,1
HOSPITAL DR AURELIO,CASCAVEL,10a RS CASCAVEL,MACRORREGIAO OESTE,11,Influenza,1
HOSPITAL DR AURELIO,CASCAVEL,10a RS CASCAVEL,MACRORREGIAO OESTE,18,Influenza,1
HOSPITAL DR AURELIO,CASCAVEL,10a RS CASCAVEL,MACRORREGIAO OESTE,24,Influenza,1
HOSPITAL DR AURELIO,CASCAVEL,10a RS CASCAVEL,MACRORREGIAO OESTE,28,Rinovírus,1
HOSPITAL E MATERNIDADE DR LIMA LTDA,IGUATU,10a RS CASCAVEL,MACRORREGIAO OESTE,7,Covid-19,1
HOSPITAL E MATERNIDADE DR LIMA LTDA,CASCAVEL,10a RS CASCAVEL,MACRORREGIAO OESTE,13,Influenza,2
HOSPITAL E MATERNIDADE DR LIMA LTDA,CASCAVEL,10a RS CASCAVEL,MACRORREGIAO OESTE,19,Influenza,1
HOSPITAL E MATERNIDADE DR LIMA LTDA,CASCAVEL,10a RS CASCAVEL,MACRORREGIAO OESTE,19,Rinovírus,1
HOSPITAL E MATERNIDADE DR LIMA LTDA,CASCAVEL,10a RS CASCAVEL,MACRORREGIAO OESTE,23,Covid-19,1
HOSPITAL E MATERNIDADE DR LIMA LTDA,CEU AZUL,10a RS CASCAVEL,MACRORREGIAO OESTE,24,VSR,1
HOSPITAL E MATERNIDADE DR LIMA LTDA,CASCAVEL,10a RS CASCAVEL,MACRORREGIAO OESTE,27,Influenza,1
HOSPITAL E MATERNIDADE DR LIMA LTDA,SANTA TEREZA DO OESTE,10a RS CASCAVEL,MACRORREGIAO OESTE,27,Metapneumovírus,1
HOSPITAL FILANTROPICO POLICLINICA,QUEDAS DO IGUACU,10a RS CASCAVEL,MACRORREGIAO OESTE,24,VSR,1
HOSPITAL INFANTIL DOUTOR WALDEMAR MONASTIER,CASCAVEL,10a RS CASCAVEL,MACRORREGIAO OESTE,28,VSR,1
HOSPITAL INFANTIL PEQUENO PRINCIPE,CASCAVEL,10a RS CASCAVEL,MACRORREGIAO OESTE,19,Rinovírus,1
HOSPITAL INFANTIL PEQUENO PRINCIPE,GUARANIACU,10a RS CASCAVEL,MACRORREGIAO OESTE,26,Influenza,1
HOSPITAL INFANTIL PEQUENO PRINCIPE,QUEDAS DO IGUACU,10a RS CASCAVEL,MACRORREGIAO OESTE,33,Rinovírus,1
HOSPITAL JESUITAS,JESUITAS,10a RS CASCAVEL,MACRORREGIAO OESTE,17,Influenza,1
HOSPITAL JESUITAS,JESUITAS,10a RS CASCAVEL,MACRORREGIAO OESTE,27,Influenza,1
HOSPITAL JESUITAS,JESUITAS,10a RS CASCAVEL,MACRORREGIAO OESTE,28,Influenza,1
HOSPITAL MADRE DE DIO,CASCAVEL,10a RS CASCAVEL,MACRORREGIAO OESTE,8,Covid-19,1
HOSPITAL MADRE DE DIO,CASCAVEL,10a RS CASCAVEL,MACRORREGIAO OESTE,8,Rinovírus,1
HOSPITAL MADRE DE DIO,CASCAVEL,10a RS CASCAVEL,MACRORREGIAO OESTE,9,Influenza,2
HOSPITAL MADRE DE DIO,CASCAVEL,10a RS CASCAVEL,MACRORREGIAO OESTE,10,Rinovírus,1
HOSPITAL MADRE DE DIO,CASCAVEL,10a RS CASCAVEL,MACRORREGIAO OESTE,12,Rinovírus,1
HOSPITAL MADRE DE DIO,CASCAVEL,10a RS CASCAVEL,MACRORREGIAO OESTE,13,Rinovírus,1
HOSPITAL MADRE DE DIO,CASCAVEL,10a RS CASCAVEL,MACRORREGIAO OESTE,14,Influenza,1
HOSPITAL MADRE DE DIO,CASCAVEL,10a RS CASCAVEL,MACRORREGIAO OESTE,16,Rinovírus,1
HOSPITAL MADRE DE DIO,CASCAVEL,10a RS CASCAVEL,MACRORREGIAO OESTE,17,VSR,1
HOSPITAL MADRE DE DIO,CASCAVEL,10a RS CASCAVEL,MACRORREGIAO OESTE,19,VSR,1
HOSPITAL MADRE DE DIO,CASCAVEL,10a RS CASCAVEL,MACRORREGIAO OESTE,20,Rinovírus,2
HOSPITAL MADRE DE DIO,CASCAVEL,10a RS CASCAVEL,MACRORREGIAO OESTE,20,VSR,1
HOSPITAL MADRE DE DIO,CASCAVEL,10a RS CASCAVEL,MACRORREGIAO OESTE,21,Influenza,1
HOSPITAL MADRE DE DIO,CASCAVEL,10a RS CASCAVEL,MACRORREGIAO OESTE,21,Rinovírus,1
HOSPITAL MADRE DE DIO,CASCAVEL,10a RS CASCAVEL,MACRORREGIAO OESTE,21,VSR,4
HOSPITAL MADRE DE DIO,CASCAVEL,10a RS CASCAVEL,MACRORREGIAO OESTE,22,Influenza,1
HOSPITAL MADRE DE DIO,CASCAVEL,10a RS CASCAVEL,MACRORREGIAO OESTE,22,VSR,2
HOSPITAL MADRE DE DIO,CASCAVEL,10a RS CASCAVEL,MACRORREGIAO OESTE,23,Adenovírus,1
HOSPITAL MADRE DE DIO,CASCAVEL,10a RS CASCAVEL,MACRORREGIAO OESTE,23,VSR,1
HOSPITAL MADRE DE DIO,CASCAVEL,10a RS CASCAVEL,MACRORREGIAO OESTE,24,VSR,6
HOSPITAL MADRE DE DIO,CASCAVEL,10a RS CASCAVEL,MACRORREGIAO OESTE,25,VSR,4
HOSPITAL MADRE DE DIO,CASCAVEL,10a RS CASCAVEL,MACRORREGIAO OESTE,26,Rinovírus,1
HOSPITAL MADRE DE DIO,CASCAVEL,10a RS CASCAVEL,MACRORREGIAO OESTE,26,VSR,5
HOSPITAL MADRE DE DIO,CASCAVEL,10a RS CASCAVEL,MACRORREGIAO OESTE,27,Adenovírus,1
HOSPITAL MADRE DE DIO,CASCAVEL,10a RS CASCAVEL,MACRORREGIAO OESTE,27,VSR,2
HOSPITAL MADRE DE DIO,CASCAVEL,10a RS CASCAVEL,MACRORREGIAO OESTE,29,VSR,1
HOSPITAL MADRE DE DIO,CASCAVEL,10a RS CASCAVEL,MACRORREGIAO OESTE,30,Rinovírus,1
HOSPITAL MADRE DE DIO,CASCAVEL,10a RS CASCAVEL,MACRORREGIAO OESTE,30,VSR,1
HOSPITAL MADRE DE DIO,CASCAVEL,10a RS CASCAVEL,MACRORREGIAO OESTE,31,Rinovírus,1
HOSPITAL MADRE DE DIO,CASCAVEL,10a RS CASCAVEL,MACRORREGIAO OESTE,32,Metapneumovírus,1
HOSPITAL MADRE DE DIO,CASCAVEL,10a RS CASCAVEL,MACRORREGIAO OESTE,32,Rinovírus,1
HOSPITAL MADRE DE DIO,CAFELANDIA,10a RS CASCAVEL,MACRORREGIAO OESTE,34,Adenovírus,1
HOSPITAL MADRE DE DIO,CASCAVEL,10a RS CASCAVEL,MACRORREGIAO OESTE,34,Rinovírus,1
HOSPITAL MADRE DE DIO,BOA VISTA DA APARECIDA,10a RS CASCAVEL,MACRORREGIAO OESTE,34,VSR,1
HOSPITAL MADRE DE DIO,CAFELANDIA,10a RS CASCAVEL,MACRORREGIAO OESTE,34,VSR,1
HOSPITAL MUNICIPAL DE RETAGUARDA ALLAN BRAME PINHO,CASCAVEL,10a RS CASCAVEL,MACRORREGIAO OESTE,3,Covid-19,1
HOSPITAL MUNICIPAL DE RETAGUARDA ALLAN BRAME PINHO,CASCAVEL,10a RS CASCAVEL,MACRORREGIAO OESTE,3,Influenza,1
HOSPITAL MUNICIPAL DE RETAGUARDA ALLAN BRAME PINHO,CASCAVEL,10a RS CASCAVEL,MACRORREGIAO OESTE,4,Influenza,1
HOSPITAL MUNICIPAL DE RETAGUARDA ALLAN BRAME PINHO,CASCAVEL,10a RS CASCAVEL,MACRORREGIAO OESTE,4,Metapneumovírus,1
HOSPITAL MUNICIPAL DE RETAGUARDA ALLAN BRAME PINHO,CASCAVEL,10a RS CASCAVEL,MACRORREGIAO OESTE,4,Rinovírus,1
HOSPITAL MUNICIPAL DE RETAGUARDA ALLAN BRAME PINHO,CASCAVEL,10a RS CASCAVEL,MACRORREGIAO OESTE,5,Covid-19,1
HOSPITAL MUNICIPAL DE RETAGUARDA ALLAN BRAME PINHO,CASCAVEL,10a RS CASCAVEL,MACRORREGIAO OESTE,6,Covid-19,1
HOSPITAL MUNICIPAL DE RETAGUARDA ALLAN BRAME PINHO,CASCAVEL,10a RS CASCAVEL,MACRORREGIAO OESTE,6,Influenza,1
HOSPITAL MUNICIPAL DE RETAGUARDA ALLAN BRAME PINHO,CASCAVEL,10a RS CASCAVEL,MACRORREGIAO OESTE,7,Rinovírus,1
HOSPITAL MUNICIPAL DE RETAGUARDA ALLAN BRAME PINHO,CASCAVEL,10a RS CASCAVEL,MACRORREGIAO OESTE,8,Covid-19,2
HOSPITAL MUNICIPAL DE RETAGUARDA ALLAN BRAME PINHO,CASCAVEL,10a RS CASCAVEL,MACRORREGIAO OESTE,8,Influenza,1
HOSPITAL MUNICIPAL DE RETAGUARDA ALLAN BRAME PINHO,CASCAVEL,10a RS CASCAVEL,MACRORREGIAO OESTE,10,Covid-19,1
HOSPITAL MUNICIPAL DE RETAGUARDA ALLAN BRAME PINHO,CASCAVEL,10a RS CASCAVEL,MACRORREGIAO OESTE,10,Rinovírus,1
HOSPITAL MUNICIPAL DE RETAGUARDA ALLAN BRAME PINHO,BOA VISTA DA APARECIDA,10a RS CASCAVEL,MACRORREGIAO OESTE,11,Adenovírus,1
HOSPITAL MUNICIPAL DE RETAGUARDA ALLAN BRAME PINHO,CASCAVEL,10a RS CASCAVEL,MACRORREGIAO OESTE,11,Covid-19,1
HOSPITAL MUNICIPAL DE RETAGUARDA ALLAN BRAME PINHO,CASCAVEL,10a RS CASCAVEL,MACRORREGIAO OESTE,11,Influenza,1
HOSPITAL MUNICIPAL DE RETAGUARDA ALLAN BRAME PINHO,NOVA AURORA,10a RS CASCAVEL,MACRORREGIAO OESTE,11,Influenza,1
HOSPITAL MUNICIPAL DE RETAGUARDA ALLAN BRAME PINHO,CASCAVEL,10a RS CASCAVEL,MACRORREGIAO OESTE,11,Rinovírus,3
HOSPITAL MUNICIPAL DE RETAGUARDA ALLAN BRAME PINHO,CASCAVEL,10a RS CASCAVEL,MACRORREGIAO OESTE,12,Influenza,1
HOSPITAL MUNICIPAL DE RETAGUARDA ALLAN BRAME PINHO,CASCAVEL,10a RS CASCAVEL,MACRORREGIAO OESTE,13,Rinovírus,1
HOSPITAL MUNICIPAL DE RETAGUARDA ALLAN BRAME PINHO,CASCAVEL,10a RS CASCAVEL,MACRORREGIAO OESTE,15,Rinovírus,1
HOSPITAL MUNICIPAL DE RETAGUARDA ALLAN BRAME PINHO,SANTA TEREZA DO OESTE,10a RS CASCAVEL,MACRORREGIAO OESTE,15,Rinovírus,1
HOSPITAL MUNICIPAL DE RETAGUARDA ALLAN BRAME PINHO,CASCAVEL,10a RS CASCAVEL,MACRORREGIAO OESTE,16,Influenza,2
HOSPITAL MUNICIPAL DE RETAGUARDA ALLAN BRAME PINHO,CASCAVEL,10a RS CASCAVEL,MACRORREGIAO OESTE,16,Rinovírus,1
HOSPITAL MUNICIPAL DE RETAGUARDA ALLAN BRAME PINHO,CASCAVEL,10a RS CASCAVEL,MACRORREGIAO OESTE,17,Covid-19,1
HOSPITAL MUNICIPAL DE RETAGUARDA ALLAN BRAME PINHO,CASCAVEL,10a RS CASCAVEL,MACRORREGIAO OESTE,17,Rinovírus,3
HOSPITAL MUNICIPAL DE RETAGUARDA ALLAN BRAME PINHO,CASCAVEL,10a RS CASCAVEL,MACRORREGIAO OESTE,18,Influenza,1
HOSPITAL MUNICIPAL DE RETAGUARDA ALLAN BRAME PINHO,CASCAVEL,10a RS CASCAVEL,MACRORREGIAO OESTE,18,Rinovírus,1
HOSPITAL MUNICIPAL DE RETAGUARDA ALLAN BRAME PINHO,CASCAVEL,10a RS CASCAVEL,MACRORREGIAO OESTE,19,Influenza,1
HOSPITAL MUNICIPAL DE RETAGUARDA ALLAN BRAME PINHO,CASCAVEL,10a RS CASCAVEL,MACRORREGIAO OESTE,19,Rinovírus,1
HOSPITAL MUNICIPAL DE RETAGUARDA ALLAN BRAME PINHO,CASCAVEL,10a RS CASCAVEL,MACRORREGIAO OESTE,20,Rinovírus,2
HOSPITAL MUNICIPAL DE RETAGUARDA ALLAN BRAME PINHO,CASCAVEL,10a RS CASCAVEL,MACRORREGIAO OESTE,21,Rinovírus,1
HOSPITAL MUNICIPAL DE RETAGUARDA ALLAN BRAME PINHO,CASCAVEL,10a RS CASCAVEL,MACRORREGIAO OESTE,21,VSR,2
HOSPITAL MUNICIPAL DE RETAGUARDA ALLAN BRAME PINHO,CASCAVEL,10a RS CASCAVEL,MACRORREGIAO OESTE,22,Rinovírus,3
HOSPITAL MUNICIPAL DE RETAGUARDA ALLAN BRAME PINHO,CASCAVEL,10a RS CASCAVEL,MACRORREGIAO OESTE,23,Influenza,1
HOSPITAL MUNICIPAL DE RETAGUARDA ALLAN BRAME PINHO,CASCAVEL,10a RS CASCAVEL,MACRORREGIAO OESTE,23,Rinovírus,2
HOSPITAL MUNICIPAL DE RETAGUARDA ALLAN BRAME PINHO,CASCAVEL,10a RS CASCAVEL,MACRORREGIAO OESTE,23,VSR,1
HOSPITAL MUNICIPAL DE RETAGUARDA ALLAN BRAME PINHO,CASCAVEL,10a RS CASCAVEL,MACRORREGIAO OESTE,24,Rinovírus,1
HOSPITAL MUNICIPAL DE RETAGUARDA ALLAN BRAME PINHO,CASCAVEL,10a RS CASCAVEL,MACRORREGIAO OESTE,24,VSR,3
HOSPITAL MUNICIPAL DE RETAGUARDA ALLAN BRAME PINHO,CASCAVEL,10a RS CASCAVEL,MACRORREGIAO OESTE,25,Influenza,1
HOSPITAL MUNICIPAL DE RETAGUARDA ALLAN BRAME PINHO,CASCAVEL,10a RS CASCAVEL,MACRORREGIAO OESTE,25,Rinovírus,1
HOSPITAL MUNICIPAL DE RETAGUARDA ALLAN BRAME PINHO,CASCAVEL,10a RS CASCAVEL,MACRORREGIAO OESTE,25,VSR,2
HOSPITAL MUNICIPAL DE RETAGUARDA ALLAN BRAME PINHO,CASCAVEL,10a RS CASCAVEL,MACRORREGIAO OESTE,26,Metapneumovírus,1
HOSPITAL MUNICIPAL DE RETAGUARDA ALLAN BRAME PINHO,CASCAVEL,10a RS CASCAVEL,MACRORREGIAO OESTE,26,Rinovírus,1
HOSPITAL MUNICIPAL DE RETAGUARDA ALLAN BRAME PINHO,CASCAVEL,10a RS CASCAVEL,MACRORREGIAO OESTE,26,VSR,1
HOSPITAL MUNICIPAL DE RETAGUARDA ALLAN BRAME PINHO,CASCAVEL,10a RS CASCAVEL,MACRORREGIAO OESTE,27,Influenza,1
HOSPITAL MUNICIPAL DE RETAGUARDA ALLAN BRAME PINHO,CASCAVEL,10a RS CASCAVEL,MACRORREGIAO OESTE,29,Influenza,1
HOSPITAL MUNICIPAL DE RETAGUARDA ALLAN BRAME PINHO,CASCAVEL,10a RS CASCAVEL,MACRORREGIAO OESTE,30,Influenza,1
HOSPITAL MUNICIPAL DE RETAGUARDA ALLAN BRAME PINHO,CASCAVEL,10a RS CASCAVEL,MACRORREGIAO OESTE,30,Metapneumovírus,1
HOSPITAL MUNICIPAL DE RETAGUARDA ALLAN BRAME PINHO,CASCAVEL,10a RS CASCAVEL,MACRORREGIAO OESTE,32,Influenza,1
HOSPITAL MUNICIPAL DE RETAGUARDA ALLAN BRAME PINHO,CASCAVEL,10a RS CASCAVEL,MACRORREGIAO OESTE,34,Metapneumovírus,1
HOSPITAL MUNICIPAL DE RETAGUARDA ALLAN BRAME PINHO,CASCAVEL,10a RS CASCAVEL,MACRORREGIAO OESTE,34,Rinovírus,2
HOSPITAL MUNICIPAL DE RETAGUARDA ALLAN BRAME PINHO,CASCAVEL,10a RS CASCAVEL,MACRORREGIAO OESTE,35,Rinovírus,3
HOSPITAL MUNICIPAL DE RETAGUARDA ALLAN BRAME PINHO,CASCAVEL,10a RS CASCAVEL,MACRORREGIAO OESTE,36,Metapneumovírus,1
HOSPITAL MUNICIPAL DE RETAGUARDA ALLAN BRAME PINHO,CASCAVEL,10a RS CASCAVEL,MACRORREGIAO OESTE,36,Rinovírus,2
HOSPITAL MUNICIPAL PADRE GERMANO LAUCK,CASCAVEL,10a RS CASCAVEL,MACRORREGIAO OESTE,15,Influenza,1
HOSPITAL MUNICIPAL PADRE GERMANO LAUCK,VERA CRUZ DO OESTE,10a RS CASCAVEL,MACRORREGIAO OESTE,25,VSR,1
HOSPITAL MUNICIPAL PADRE GERMANO LAUCK,CEU AZUL,10a RS CASCAVEL,MACRORREGIAO OESTE,27,Rinovírus,1
HOSPITAL MUNICIPAL PADRE GERMANO LAUCK,CEU AZUL,10a RS CASCAVEL,MACRORREGIAO OESTE,27,VSR,1
HOSPITAL MUNICIPAL PREFEITO QUINTO ABRAO DELAZERI,CASCAVEL,10a RS CASCAVEL,MACRORREGIAO OESTE,12,Rinovírus,1
HOSPITAL MUNICIPAL PREFEITO QUINTO ABRAO DELAZERI,FORMOSA DO OESTE,10a RS CASCAVEL,MACRORREGIAO OESTE,34,Influenza,1
HOSPITAL MUNICIPAL SAO JOSE,BOA VISTA DA APARECIDA,10a RS CASCAVEL,MACRORREGIAO OESTE,11,Influenza,1
HOSPITAL MUNICIPAL SAO JOSE,BOA VISTA DA APARECIDA,10a RS CASCAVEL,MACRORREGIAO OESTE,13,Influenza,2
HOSPITAL MUNICIPAL TRES BARRAS,TRES BARRAS DO PARANA,10a RS CASCAVEL,MACRORREGIAO OESTE,12,Rinovírus,1
HOSPITAL MUNICIPAL TRES BARRAS,TRES BARRAS DO PARANA,10a RS CASCAVEL,MACRORREGIAO OESTE,21,Influenza,1
HOSPITAL MUNICIPAL TRES BARRAS,TRES BARRAS DO PARANA,10a RS CASCAVEL,MACRORREGIAO OESTE,21,Rinovírus,1
HOSPITAL REGIONAL DE TOLEDO HRT,CASCAVEL,10a RS CASCAVEL,MACRORREGIAO OESTE,26,Influenza,1
HOSPITAL REGIONAL DE TOLEDO HRT,CEU AZUL,10a RS CASCAVEL,MACRORREGIAO OESTE,31,Rinovírus,1
HOSPITAL REGIONAL DO SUDOESTE WALTER ALBERTO PECOITS F B,QUEDAS DO IGUACU,10a RS CASCAVEL,MACRORREGIAO OESTE,26,VSR,1
HOSPITAL UNIVERSITARIO DO OESTE DO PARANA,CASCAVEL,10a RS CASCAVEL,MACRORREGIAO OESTE,2,Rinovírus,1
HOSPITAL UNIVERSITARIO DO OESTE DO PARANA,LINDOESTE,10a RS CASCAVEL,MACRORREGIAO OESTE,3,Adenovírus,1
HOSPITAL UNIVERSITARIO DO OESTE DO PARANA,QUEDAS DO IGUACU,10a RS CASCAVEL,MACRORREGIAO OESTE,3,Covid-19,1
HOSPITAL UNIVERSITARIO DO OESTE DO PARANA,LINDOESTE,10a RS CASCAVEL,MACRORREGIAO OESTE,3,Rinovírus,1
HOSPITAL UNIVERSITARIO DO OESTE DO PARANA,CASCAVEL,10a RS CASCAVEL,MACRORREGIAO OESTE,4,Covid-19,1
HOSPITAL UNIVERSITARIO DO OESTE DO PARANA,CASCAVEL,10a RS CASCAVEL,MACRORREGIAO OESTE,5,Covid-19,1
HOSPITAL UNIVERSITARIO DO OESTE DO PARANA,NOVA AURORA,10a RS CASCAVEL,MACRORREGIAO OESTE,5,Influenza,1
HOSPITAL UNIVERSITARIO DO OESTE DO PARANA,CASCAVEL,10a RS CASCAVEL,MACRORREGIAO OESTE,9,Influenza,1
HOSPITAL UNIVERSITARIO DO OESTE DO PARANA,CASCAVEL,10a RS CASCAVEL,MACRORREGIAO OESTE,9,Rinovírus,1
HOSPITAL UNIVERSITARIO DO OESTE DO PARANA,SANTA TEREZA DO OESTE,10a RS CASCAVEL,MACRORREGIAO OESTE,9,Rinovírus,1
HOSPITAL UNIVERSITARIO DO OESTE DO PARANA,CAPITAO LEONIDAS MARQUES,10a RS CASCAVEL,MACRORREGIAO OESTE,10,Rinovírus,1
HOSPITAL UNIVERSITARIO DO OESTE DO PARANA,CASCAVEL,10a RS CASCAVEL,MACRORREGIAO OESTE,10,Rinovírus,1
HOSPITAL UNIVERSITARIO DO OESTE DO PARANA,FORMOSA DO OESTE,10a RS CASCAVEL,MACRORREGIAO OESTE,10,Rinovírus,1
HOSPITAL UNIVERSITARIO DO OESTE DO PARANA,NOVA AURORA,10a RS CASCAVEL,MACRORREGIAO OESTE,10,Rinovírus,1
HOSPITAL UNIVERSITARIO DO OESTE DO PARANA,SANTA TEREZA DO OESTE,10a RS CASCAVEL,MACRORREGIAO OESTE,10,Rinovírus,1
HOSPITAL UNIVERSITARIO DO OESTE DO PARANA,CAFELANDIA,10a RS CASCAVEL,MACRORREGIAO OESTE,11,Rinovírus,1
HOSPITAL UNIVERSITARIO DO OESTE DO PARANA,QUEDAS DO IGUACU,10a RS CASCAVEL,MACRORREGIAO OESTE,11,Rinovírus,1
HOSPITAL UNIVERSITARIO DO OESTE DO PARANA,CASCAVEL,10a RS CASCAVEL,MACRORREGIAO OESTE,12,Covid-19,1
HOSPITAL UNIVERSITARIO DO OESTE DO PARANA,CASCAVEL,10a RS CASCAVEL,MACRORREGIAO OESTE,12,Rinovírus,2
HOSPITAL UNIVERSITARIO DO OESTE DO PARANA,DIAMANTE DO SUL,10a RS CASCAVEL,MACRORREGIAO OESTE,12,Rinovírus,1
HOSPITAL UNIVERSITARIO DO OESTE DO PARANA,CASCAVEL,10a RS CASCAVEL,MACRORREGIAO OESTE,13,Rinovírus,2
HOSPITAL UNIVERSITARIO DO OESTE DO PARANA,CASCAVEL,10a RS CASCAVEL,MACRORREGIAO OESTE,14,Rinovírus,1
HOSPITAL UNIVERSITARIO DO OESTE DO PARANA,CASCAVEL,10a RS CASCAVEL,MACRORREGIAO OESTE,15,Rinovírus,1
HOSPITAL UNIVERSITARIO DO OESTE DO PARANA,CATANDUVAS,10a RS CASCAVEL,MACRORREGIAO OESTE,16,Adenovírus,1
HOSPITAL UNIVERSITARIO DO OESTE DO PARANA,CASCAVEL,10a RS CASCAVEL,MACRORREGIAO OESTE,16,Influenza,1
HOSPITAL UNIVERSITARIO DO OESTE DO PARANA,CASCAVEL,10a RS CASCAVEL,MACRORREGIAO OESTE,16,Rinovírus,1
HOSPITAL UNIVERSITARIO DO OESTE DO PARANA,SANTA TEREZA DO OESTE,10a RS CASCAVEL,MACRORREGIAO OESTE,16,VSR,1
HOSPITAL UNIVERSITARIO DO OESTE DO PARANA,CASCAVEL,10a RS CASCAVEL,MACRORREGIAO OESTE,17,Influenza,1
HOSPITAL UNIVERSITARIO DO OESTE DO PARANA,CASCAVEL,10a RS CASCAVEL,MACRORREGIAO OESTE,17,Rinovírus,1
HOSPITAL UNIVERSITARIO DO OESTE DO PARANA,IBEMA,10a RS CASCAVEL,MACRORREGIAO OESTE,17,Rinovírus,2
HOSPITAL UNIVERSITARIO DO OESTE DO PARANA,SANTA TEREZA DO OESTE,10a RS CASCAVEL,MACRORREGIAO OESTE,17,Rinovírus,1
HOSPITAL UNIVERSITARIO DO OESTE DO PARANA,BOA VISTA DA APARECIDA,10a RS CASCAVEL,MACRORREGIAO OESTE,17,VSR,1
HOSPITAL UNIVERSITARIO DO OESTE DO PARANA,CASCAVEL,10a RS CASCAVEL,MACRORREGIAO OESTE,18,Influenza,1
HOSPITAL UNIVERSITARIO DO OESTE DO PARANA,CASCAVEL,10a RS CASCAVEL,MACRORREGIAO OESTE,18,Rinovírus,1
HOSPITAL UNIVERSITARIO DO OESTE DO PARANA,SANTA TEREZA DO OESTE,10a RS CASCAVEL,MACRORREGIAO OESTE,18,Rinovírus,1
HOSPITAL UNIVERSITARIO DO OESTE DO PARANA,TRES BARRAS DO PARANA,10a RS CASCAVEL,MACRORREGIAO OESTE,19,Influenza,1
HOSPITAL UNIVERSITARIO DO OESTE DO PARANA,CASCAVEL,10a RS CASCAVEL,MACRORREGIAO OESTE,19,Rinovírus,1
HOSPITAL UNIVERSITARIO DO OESTE DO PARANA,CATANDUVAS,10a RS CASCAVEL,MACRORREGIAO OESTE,19,Rinovírus,1
HOSPITAL UNIVERSITARIO DO OESTE DO PARANA,GUARANIACU,10a RS CASCAVEL,MACRORREGIAO OESTE,19,Rinovírus,1
HOSPITAL UNIVERSITARIO DO OESTE DO PARANA,CASCAVEL,10a RS CASCAVEL,MACRORREGIAO OESTE,19,VSR,2
HOSPITAL UNIVERSITARIO DO OESTE DO PARANA,CASCAVEL,10a RS CASCAVEL,MACRORREGIAO OESTE,20,Influenza,2
HOSPITAL UNIVERSITARIO DO OESTE DO PARANA,CASCAVEL,10a RS CASCAVEL,MACRORREGIAO OESTE,20,Rinovírus,2
HOSPITAL UNIVERSITARIO DO OESTE DO PARANA,CASCAVEL,10a RS CASCAVEL,MACRORREGIAO OESTE,20,VSR,2
HOSPITAL UNIVERSITARIO DO OESTE DO PARANA,CASCAVEL,10a RS CASCAVEL,MACRORREGIAO OESTE,21,Influenza,1
HOSPITAL UNIVERSITARIO DO OESTE DO PARANA,BOA VISTA DA APARECIDA,10a RS CASCAVEL,MACRORREGIAO OESTE,21,Metapneumovírus,1
HOSPITAL UNIVERSITARIO DO OESTE DO PARANA,CASCAVEL,10a RS CASCAVEL,MACRORREGIAO OESTE,21,Rinovírus,2
HOSPITAL UNIVERSITARIO DO OESTE DO PARANA,CASCAVEL,10a RS CASCAVEL,MACRORREGIAO OESTE,21,VSR,4
HOSPITAL UNIVERSITARIO DO OESTE DO PARANA,QUEDAS DO IGUACU,10a RS CASCAVEL,MACRORREGIAO OESTE,21,VSR,1
HOSPITAL UNIVERSITARIO DO OESTE DO PARANA,CASCAVEL,10a RS CASCAVEL,MACRORREGIAO OESTE,22,Influenza,1
HOSPITAL UNIVERSITARIO DO OESTE DO PARANA,CAFELANDIA,10a RS CASCAVEL,MACRORREGIAO OESTE,22,Metapneumovírus,1
HOSPITAL UNIVERSITARIO DO OESTE DO PARANA,CASCAVEL,10a RS CASCAVEL,MACRORREGIAO OESTE,22,Rinovírus,1
HOSPITAL UNIVERSITARIO DO OESTE DO PARANA,SANTA TEREZA DO OESTE,10a RS CASCAVEL,MACRORREGIAO OESTE,22,Rinovírus,1
HOSPITAL UNIVERSITARIO DO OESTE DO PARANA,CASCAVEL,10a RS CASCAVEL,MACRORREGIAO OESTE,22,VSR,7
HOSPITAL UNIVERSITARIO DO OESTE DO PARANA,FORMOSA DO OESTE,10a RS CASCAVEL,MACRORREGIAO OESTE,22,VSR,1
HOSPITAL UNIVERSITARIO DO OESTE DO PARANA,NOVA AURORA,10a RS CASCAVEL,MACRORREGIAO OESTE,23,Adenovírus,1
HOSPITAL UNIVERSITARIO DO OESTE DO PARANA,NOVA AURORA,10a RS CASCAVEL,MACRORREGIAO OESTE,23,Rinovírus,1
HOSPITAL UNIVERSITARIO DO OESTE DO PARANA,CASCAVEL,10a RS CASCAVEL,MACRORREGIAO OESTE,23,VSR,4
HOSPITAL UNIVERSITARIO DO OESTE DO PARANA,CASCAVEL,10a RS CASCAVEL,MACRORREGIAO OESTE,24,Adenovírus,1
HOSPITAL UNIVERSITARIO DO OESTE DO PARANA,CASCAVEL,10a RS CASCAVEL,MACRORREGIAO OESTE,24,Rinovírus,2
HOSPITAL UNIVERSITARIO DO OESTE DO PARANA,TRES BARRAS DO PARANA,10a RS CASCAVEL,MACRORREGIAO OESTE,24,Rinovírus,1
HOSPITAL UNIVERSITARIO DO OESTE DO PARANA,CAFELANDIA,10a RS CASCAVEL,MACRORREGIAO OESTE,24,VSR,2
HOSPITAL UNIVERSITARIO DO OESTE DO PARANA,CASCAVEL,10a RS CASCAVEL,MACRORREGIAO OESTE,24,VSR,3
HOSPITAL UNIVERSITARIO DO OESTE DO PARANA,CATANDUVAS,10a RS CASCAVEL,MACRORREGIAO OESTE,24,VSR,2
HOSPITAL UNIVERSITARIO DO OESTE DO PARANA,LINDOESTE,10a RS CASCAVEL,MACRORREGIAO OESTE,24,VSR,1
HOSPITAL UNIVERSITARIO DO OESTE DO PARANA,CASCAVEL,10a RS CASCAVEL,MACRORREGIAO OESTE,25,Influenza,3
HOSPITAL UNIVERSITARIO DO OESTE DO PARANA,CAFELANDIA,10a RS CASCAVEL,MACRORREGIAO OESTE,25,VSR,1
HOSPITAL UNIVERSITARIO DO OESTE DO PARANA,CAPITAO LEONIDAS MARQUES,10a RS CASCAVEL,MACRORREGIAO OESTE,25,VSR,1
HOSPITAL UNIVERSITARIO DO OESTE DO PARANA,CASCAVEL,10a RS CASCAVEL,MACRORREGIAO OESTE,25,VSR,5
HOSPITAL UNIVERSITARIO DO OESTE DO PARANA,CASCAVEL,10a RS CASCAVEL,MACRORREGIAO OESTE,26,Adenovírus,1
HOSPITAL UNIVERSITARIO DO OESTE DO PARANA,CAFELANDIA,10a RS CASCAVEL,MACRORREGIAO OESTE,26,VSR,1
HOSPITAL UNIVERSITARIO DO OESTE DO PARANA,CASCAVEL,10a RS CASCAVEL,MACRORREGIAO OESTE,26,VSR,7
HOSPITAL UNIVERSITARIO DO OESTE DO PARANA,CASCAVEL,10a RS CASCAVEL,MACRORREGIAO OESTE,27,Rinovírus,4
HOSPITAL UNIVERSITARIO DO OESTE DO PARANA,CASCAVEL,10a RS CASCAVEL,MACRORREGIAO OESTE,27,VSR,4
HOSPITAL UNIVERSITARIO DO OESTE DO PARANA,NOVA AURORA,10a RS CASCAVEL,MACRORREGIAO OESTE,27,VSR,1
HOSPITAL UNIVERSITARIO DO OESTE DO PARANA,CASCAVEL,10a RS CASCAVEL,MACRORREGIAO OESTE,28,Adenovírus,1
HOSPITAL UNIVERSITARIO DO OESTE DO PARANA,GUARANIACU,10a RS CASCAVEL,MACRORREGIAO OESTE,28,Metapneumovírus,1
HOSPITAL UNIVERSITARIO DO OESTE DO PARANA,CASCAVEL,10a RS CASCAVEL,MACRORREGIAO OESTE,28,Rinovírus,1
HOSPITAL UNIVERSITARIO DO OESTE DO PARANA,QUEDAS DO IGUACU,10a RS CASCAVEL,MACRORREGIAO OESTE,28,Rinovírus,1
HOSPITAL UNIVERSITARIO DO OESTE DO PARANA,CASCAVEL,10a RS CASCAVEL,MACRORREGIAO OESTE,29,Rinovírus,2
HOSPITAL UNIVERSITARIO DO OESTE DO PARANA,LINDOESTE,10a RS CASCAVEL,MACRORREGIAO OESTE,29,Rinovírus,1
HOSPITAL UNIVERSITARIO DO OESTE DO PARANA,TRES BARRAS DO PARANA,10a RS CASCAVEL,MACRORREGIAO OESTE,29,Rinovírus,1
HOSPITAL UNIVERSITARIO DO OESTE DO PARANA,CASCAVEL,10a RS CASCAVEL,MACRORREGIAO OESTE,29,VSR,2
HOSPITAL UNIVERSITARIO DO OESTE DO PARANA,GUARANIACU,10a RS CASCAVEL,MACRORREGIAO OESTE,29,VSR,1
HOSPITAL UNIVERSITARIO DO OESTE DO PARANA,LINDOESTE,10a RS CASCAVEL,MACRORREGIAO OESTE,29,VSR,1
HOSPITAL UNIVERSITARIO DO OESTE DO PARANA,GUARANIACU,10a RS CASCAVEL,MACRORREGIAO OESTE,30,Influenza,1
HOSPITAL UNIVERSITARIO DO OESTE DO PARANA,QUEDAS DO IGUACU,10a RS CASCAVEL,MACRORREGIAO OESTE,30,Influenza,1
HOSPITAL UNIVERSITARIO DO OESTE DO PARANA,SANTA TEREZA DO OESTE,10a RS CASCAVEL,MACRORREGIAO OESTE,30,Metapneumovírus,1
HOSPITAL UNIVERSITARIO DO OESTE DO PARANA,CASCAVEL,10a RS CASCAVEL,MACRORREGIAO OESTE,30,Rinovírus,1
HOSPITAL UNIVERSITARIO DO OESTE DO PARANA,GUARANIACU,10a RS CASCAVEL,MACRORREGIAO OESTE,30,Rinovírus,1
HOSPITAL UNIVERSITARIO DO OESTE DO PARANA,GUARANIACU,10a RS CASCAVEL,MACRORREGIAO OESTE,30,VSR,1
HOSPITAL UNIVERSITARIO DO OESTE DO PARANA,CASCAVEL,10a RS CASCAVEL,MACRORREGIAO OESTE,31,Influenza,2
HOSPITAL UNIVERSITARIO DO OESTE DO PARANA,CASCAVEL,10a RS CASCAVEL,MACRORREGIAO OESTE,31,Rinovírus,2
HOSPITAL UNIVERSITARIO DO OESTE DO PARANA,CASCAVEL,10a RS CASCAVEL,MACRORREGIAO OESTE,32,Rinovírus,2
HOSPITAL UNIVERSITARIO DO OESTE DO PARANA,QUEDAS DO IGUACU,10a RS CASCAVEL,MACRORREGIAO OESTE,32,Rinovírus,1
HOSPITAL UNIVERSITARIO DO OESTE DO PARANA,IBEMA,10a RS CASCAVEL,MACRORREGIAO OESTE,32,VSR,1
HOSPITAL UNIVERSITARIO DO OESTE DO PARANA,CASCAVEL,10a RS CASCAVEL,MACRORREGIAO OESTE,33,Metapneumovírus,1
HOSPITAL UNIVERSITARIO DO OESTE DO PARANA,SANTA TEREZA DO OESTE,10a RS CASCAVEL,MACRORREGIAO OESTE,33,Metapneumovírus,1
HOSPITAL UNIVERSITARIO DO OESTE DO PARANA,CASCAVEL,10a RS CASCAVEL,MACRORREGIAO OESTE,33,Rinovírus,1
HOSPITAL UNIVERSITARIO DO OESTE DO PARANA,SANTA TEREZA DO OESTE,10a RS CASCAVEL,MACRORREGIAO OESTE,33,VSR,1
HOSPITAL UNIVERSITARIO DO OESTE DO PARANA,CAFELANDIA,10a RS CASCAVEL,MACRORREGIAO OESTE,34,Rinovírus,1
HOSPITAL UNIVERSITARIO DO OESTE DO PARANA,CAFELANDIA,10a RS CASCAVEL,MACRORREGIAO OESTE,36,Rinovírus,1
HPU HOSPITAL POLICLINICA UNIMED,CASCAVEL,10a RS CASCAVEL,MACRORREGIAO OESTE,7,Influenza,1
HPU HOSPITAL POLICLINICA UNIMED,CASCAVEL,10a RS CASCAVEL,MACRORREGIAO OESTE,8,Covid-19,1
HPU HOSPITAL POLICLINICA UNIMED,CASCAVEL,10a RS CASCAVEL,MACRORREGIAO OESTE,11,Influenza,1
HPU HOSPITAL POLICLINICA UNIMED,CASCAVEL,10a RS CASCAVEL,MACRORREGIAO OESTE,11,Rinovírus,1
HPU HOSPITAL POLICLINICA UNIMED,CASCAVEL,10a RS CASCAVEL,MACRORREGIAO OESTE,14,Rinovírus,1
HPU HOSPITAL POLICLINICA UNIMED,CASCAVEL,10a RS CASCAVEL,MACRORREGIAO OESTE,16,Influenza,1
HPU HOSPITAL POLICLINICA UNIMED,NOVA AURORA,10a RS CASCAVEL,MACRORREGIAO OESTE,16,Influenza,1
HPU HOSPITAL POLICLINICA UNIMED,CASCAVEL,10a RS CASCAVEL,MACRORREGIAO OESTE,21,Rinovírus,1
HPU HOSPITAL POLICLINICA UNIMED,CASCAVEL,10a RS CASCAVEL,MACRORREGIAO OESTE,22,Influenza,1
HPU HOSPITAL POLICLINICA UNIMED,CASCAVEL,10a RS CASCAVEL,MACRORREGIAO OESTE,23,Rinovírus,1
HPU HOSPITAL POLICLINICA UNIMED,CASCAVEL,10a RS CASCAVEL,MACRORREGIAO OESTE,24,Rinovírus,1
HPU HOSPITAL POLICLINICA UNIMED,CASCAVEL,10a RS CASCAVEL,MACRORREGIAO OESTE,27,Influenza,1
HPU HOSPITAL POLICLINICA UNIMED,CASCAVEL,10a RS CASCAVEL,MACRORREGIAO OESTE,27,Rinovírus,2
HPU HOSPITAL POLICLINICA UNIMED,CORBELIA,10a RS CASCAVEL,MACRORREGIAO OESTE,27,Rinovírus,1
HPU HOSPITAL POLICLINICA UNIMED,CASCAVEL,10a RS CASCAVEL,MACRORREGIAO OESTE,27,VSR,3
HPU HOSPITAL POLICLINICA UNIMED,SANTA TEREZA DO OESTE,10a RS CASCAVEL,MACRORREGIAO OESTE,28,Influenza,1
HPU HOSPITAL POLICLINICA UNIMED,CASCAVEL,10a RS CASCAVEL,MACRORREGIAO OESTE,29,Influenza,2
METROPOLITANA DE SARANDI,CAFELANDIA,10a RS CASCAVEL,MACRORREGIAO OESTE,9,Rinovírus,1
PRONTO ATENDIMENTO MUNICIPAL,CATANDUVAS,10a RS CASCAVEL,MACRORREGIAO OESTE,25,Rinovírus,1
UPA BRASILIA,CASCAVEL,10a RS CASCAVEL,MACRORREGIAO OESTE,5,Influenza,1
UPA BRASILIA,CASCAVEL,10a RS CASCAVEL,MACRORREGIAO OESTE,5,Rinovírus,1
UPA BRASILIA,CASCAVEL,10a RS CASCAVEL,MACRORREGIAO OESTE,6,Covid-19,1
UPA BRASILIA,CASCAVEL,10a RS CASCAVEL,MACRORREGIAO OESTE,6,Rinovírus,2
UPA BRASILIA,CASCAVEL,10a RS CASCAVEL,MACRORREGIAO OESTE,11,Influenza,1
UPA BRASILIA,CASCAVEL,10a RS CASCAVEL,MACRORREGIAO OESTE,15,Covid-19,1
UPA BRASILIA,CASCAVEL,10a RS CASCAVEL,MACRORREGIAO OESTE,15,Rinovírus,1
UPA BRASILIA,CASCAVEL,10a RS CASCAVEL,MACRORREGIAO OESTE,16,Adenovírus,1
UPA BRASILIA,CASCAVEL,10a RS CASCAVEL,MACRORREGIAO OESTE,16,Influenza,1
UPA BRASILIA,CASCAVEL,10a RS CASCAVEL,MACRORREGIAO OESTE,16,Rinovírus,1
UPA BRASILIA,CASCAVEL,10a RS CASCAVEL,MACRORREGIAO OESTE,17,Influenza,1
UPA BRASILIA,CASCAVEL,10a RS CASCAVEL,MACRORREGIAO OESTE,17,Rinovírus,1
UPA BRASILIA,CASCAVEL,10a RS CASCAVEL,MACRORREGIAO OESTE,18,Covid-19,1
UPA BRASILIA,CASCAVEL,10a RS CASCAVEL,MACRORREGIAO OESTE,19,Influenza,1
UPA BRASILIA,CASCAVEL,10a RS CASCAVEL,MACRORREGIAO OESTE,19,Rinovírus,2
UPA BRASILIA,CASCAVEL,10a RS CASCAVEL,MACRORREGIAO OESTE,22,Covid-19,1
UPA BRASILIA,CASCAVEL,10a RS CASCAVEL,MACRORREGIAO OESTE,22,Rinovírus,2
UPA BRASILIA,CASCAVEL,10a RS CASCAVEL,MACRORREGIAO OESTE,24,Rinovírus,1
UPA BRASILIA,CASCAVEL,10a RS CASCAVEL,MACRORREGIAO OESTE,26,VSR,1
UPA BRASILIA,CASCAVEL,10a RS CASCAVEL,MACRORREGIAO OESTE,27,Rinovírus,1
UPA BRASILIA,CASCAVEL,10a RS CASCAVEL,MACRORREGIAO OESTE,27,VSR,1
UPA BRASILIA,CASCAVEL,10a RS CASCAVEL,MACRORREGIAO OESTE,30,Rinovírus,1
UPA BRASILIA,CASCAVEL,10a RS CASCAVEL,MACRORREGIAO OESTE,34,VSR,1
UPA BRASILIA,CASCAVEL,10a RS CASCAVEL,MACRORREGIAO OESTE,35,Metapneumovírus,1
UPA II UNIDADE DE PRONTO ATENDIMENTO,CASCAVEL,10a RS CASCAVEL,MACRORREGIAO OESTE,31,VSR,1
UPA TANCREDO NEVES,CASCAVEL,10a RS CASCAVEL,MACRORREGIAO OESTE,4,Influenza,1
UPA TANCREDO NEVES,CASCAVEL,10a RS CASCAVEL,MACRORREGIAO OESTE,8,Covid-19,1
UPA TANCREDO NEVES,CASCAVEL,10a RS CASCAVEL,MACRORREGIAO OESTE,9,Rinovírus,1
UPA TANCREDO NEVES,CASCAVEL,10a RS CASCAVEL,MACRORREGIAO OESTE,10,Rinovírus,1
UPA TANCREDO NEVES,CASCAVEL,10a RS CASCAVEL,MACRORREGIAO OESTE,11,Rinovírus,2
UPA TANCREDO NEVES,CASCAVEL,10a RS CASCAVEL,MACRORREGIAO OESTE,12,Rinovírus,3
UPA TANCREDO NEVES,CASCAVEL,10a RS CASCAVEL,MACRORREGIAO OESTE,13,Rinovírus,1
UPA TANCREDO NEVES,CASCAVEL,10a RS CASCAVEL,MACRORREGIAO OESTE,15,VSR,1
UPA TANCREDO NEVES,CASCAVEL,10a RS CASCAVEL,MACRORREGIAO OESTE,16,Rinovírus,3
UPA TANCREDO NEVES,CASCAVEL,10a RS CASCAVEL,MACRORREGIAO OESTE,18,Rinovírus,2
UPA TANCREDO NEVES,CASCAVEL,10a RS CASCAVEL,MACRORREGIAO OESTE,19,Influenza,1
UPA TANCREDO NEVES,CASCAVEL,10a RS CASCAVEL,MACRORREGIAO OESTE,19,Rinovírus,1
UPA TANCREDO NEVES,CASCAVEL,10a RS CASCAVEL,MACRORREGIAO OESTE,21,Rinovírus,1
UPA TANCREDO NEVES,CASCAVEL,10a RS CASCAVEL,MACRORREGIAO OESTE,21,VSR,3
UPA TANCREDO NEVES,CASCAVEL,10a RS CASCAVEL,MACRORREGIAO OESTE,22,Adenovírus,1
UPA TANCREDO NEVES,CASCAVEL,10a RS CASCAVEL,MACRORREGIAO OESTE,22,Influenza,1
UPA TANCREDO NEVES,CASCAVEL,10a RS CASCAVEL,MACRORREGIAO OESTE,22,Rinovírus,2
UPA TANCREDO NEVES,CASCAVEL,10a RS CASCAVEL,MACRORREGIAO OESTE,22,VSR,3
UPA TANCREDO NEVES,CASCAVEL,10a RS CASCAVEL,MACRORREGIAO OESTE,23,Rinovírus,3
UPA TANCREDO NEVES,CASCAVEL,10a RS CASCAVEL,MACRORREGIAO OESTE,23,VSR,3
UPA TANCREDO NEVES,CASCAVEL,10a RS CASCAVEL,MACRORREGIAO OESTE,24,Rinovírus,2
UPA TANCREDO NEVES,CASCAVEL,10a RS CASCAVEL,MACRORREGIAO OESTE,24,VSR,4
UPA TANCREDO NEVES,CASCAVEL,10a RS CASCAVEL,MACRORREGIAO OESTE,25,Covid-19,1
UPA TANCREDO NEVES,CASCAVEL,10a RS CASCAVEL,MACRORREGIAO OESTE,25,VSR,1
UPA TANCREDO NEVES,CASCAVEL,10a RS CASCAVEL,MACRORREGIAO OESTE,26,Influenza,2
UPA TANCREDO NEVES,CASCAVEL,10a RS CASCAVEL,MACRORREGIAO OESTE,26,Rinovírus,3
UPA TANCREDO NEVES,CASCAVEL,10a RS CASCAVEL,MACRORREGIAO OESTE,26,VSR,3
UPA TANCREDO NEVES,CASCAVEL,10a RS CASCAVEL,MACRORREGIAO OESTE,27,Influenza,1
UPA TANCREDO NEVES,CASCAVEL,10a RS CASCAVEL,MACRORREGIAO OESTE,27,VSR,8
UPA TANCREDO NEVES,CASCAVEL,10a RS CASCAVEL,MACRORREGIAO OESTE,28,VSR,3
UPA TANCREDO NEVES,CASCAVEL,10a RS CASCAVEL,MACRORREGIAO OESTE,29,Metapneumovírus,2
UPA TANCREDO NEVES,CASCAVEL,10a RS CASCAVEL,MACRORREGIAO OESTE,29,Rinovírus,1
UPA TANCREDO NEVES,CASCAVEL,10a RS CASCAVEL,MACRORREGIAO OESTE,29,VSR,1
UPA TANCREDO NEVES,CASCAVEL,10a RS CASCAVEL,MACRORREGIAO OESTE,30,Influenza,1
UPA TANCREDO NEVES,CASCAVEL,10a RS CASCAVEL,MACRORREGIAO OESTE,30,Rinovírus,1
UPA TANCREDO NEVES,CASCAVEL,10a RS CASCAVEL,MACRORREGIAO OESTE,30,VSR,1
UPA TANCREDO NEVES,CASCAVEL,10a RS CASCAVEL,MACRORREGIAO OESTE,31,VSR,1
UPA TANCREDO NEVES,CASCAVEL,10a RS CASCAVEL,MACRORREGIAO OESTE,34,Rinovírus,2
UPA TANCREDO NEVES,CASCAVEL,10a RS CASCAVEL,MACRORREGIAO OESTE,34,VSR,1
UPA TANCREDO NEVES,CASCAVEL,10a RS CASCAVEL,MACRORREGIAO OESTE,35,Rinovírus,1
UPA VENEZA,CASCAVEL,10a RS CASCAVEL,MACRORREGIAO OESTE,3,Rinovírus,1
UPA VENEZA,CASCAVEL,10a RS CASCAVEL,MACRORREGIAO OESTE,7,Rinovírus,1
UPA VENEZA,CASCAVEL,10a RS CASCAVEL,MACRORREGIAO OESTE,8,Rinovírus,1
UPA VENEZA,CASCAVEL,10a RS CASCAVEL,MACRORREGIAO OESTE,9,Influenza,1
UPA VENEZA,CASCAVEL,10a RS CASCAVEL,MACRORREGIAO OESTE,9,Rinovírus,2
UPA VENEZA,CASCAVEL,10a RS CASCAVEL,MACRORREGIAO OESTE,10,Adenovírus,1
UPA VENEZA,CASCAVEL,10a RS CASCAVEL,MACRORREGIAO OESTE,10,Rinovírus,3
UPA VENEZA,CASCAVEL,10a RS CASCAVEL,MACRORREGIAO OESTE,11,Influenza,1
UPA VENEZA,CASCAVEL,10a RS CASCAVEL,MACRORREGIAO OESTE,11,Rinovírus,3
UPA VENEZA,CASCAVEL,10a RS CASCAVEL,MACRORREGIAO OESTE,12,Influenza,1
UPA VENEZA,CASCAVEL,10a RS CASCAVEL,MACRORREGIAO OESTE,12,Rinovírus,2
UPA VENEZA,CASCAVEL,10a RS CASCAVEL,MACRORREGIAO OESTE,13,Influenza,2
UPA VENEZA,CASCAVEL,10a RS CASCAVEL,MACRORREGIAO OESTE,13,Rinovírus,3
UPA VENEZA,CASCAVEL,10a RS CASCAVEL,MACRORREGIAO OESTE,15,Influenza,1
UPA VENEZA,CASCAVEL,10a RS CASCAVEL,MACRORREGIAO OESTE,15,Rinovírus,3
UPA VENEZA,CASCAVEL,10a RS CASCAVEL,MACRORREGIAO OESTE,16,Influenza,2
UPA VENEZA,CASCAVEL,10a RS CASCAVEL,MACRORREGIAO OESTE,16,Rinovírus,3
UPA VENEZA,CASCAVEL,10a RS CASCAVEL,MACRORREGIAO OESTE,17,Influenza,2
UPA VENEZA,CASCAVEL,10a RS CASCAVEL,MACRORREGIAO OESTE,17,Rinovírus,2
UPA VENEZA,CASCAVEL,10a RS CASCAVEL,MACRORREGIAO OESTE,18,Rinovírus,1
UPA VENEZA,CASCAVEL,10a RS CASCAVEL,MACRORREGIAO OESTE,19,Influenza,1
UPA VENEZA,CASCAVEL,10a RS CASCAVEL,MACRORREGIAO OESTE,19,VSR,1
UPA VENEZA,CASCAVEL,10a RS CASCAVEL,MACRORREGIAO OESTE,20,Influenza,1
UPA VENEZA,CASCAVEL,10a RS CASCAVEL,MACRORREGIAO OESTE,20,VSR,1
UPA VENEZA,CASCAVEL,10a RS CASCAVEL,MACRORREGIAO OESTE,21,Adenovírus,1
UPA VENEZA,CASCAVEL,10a RS CASCAVEL,MACRORREGIAO OESTE,21,Influenza,1
UPA VENEZA,CASCAVEL,10a RS CASCAVEL,MACRORREGIAO OESTE,21,Rinovírus,6
UPA VENEZA,CASCAVEL,10a RS CASCAVEL,MACRORREGIAO OESTE,21,VSR,6
UPA VENEZA,CASCAVEL,10a RS CASCAVEL,MACRORREGIAO OESTE,22,Rinovírus,2
UPA VENEZA,CASCAVEL,10a RS CASCAVEL,MACRORREGIAO OESTE,22,VSR,1
UPA VENEZA,CASCAVEL,10a RS CASCAVEL,MACRORREGIAO OESTE,23,Adenovírus,1
UPA VENEZA,CASCAVEL,10a RS CASCAVEL,MACRORREGIAO OESTE,23,Influenza,1
UPA VENEZA,CASCAVEL,10a RS CASCAVEL,MACRORREGIAO OESTE,23,Rinovírus,1
UPA VENEZA,CASCAVEL,10a RS CASCAVEL,MACRORREGIAO OESTE,23,VSR,3
UPA VENEZA,CASCAVEL,10a RS CASCAVEL,MACRORREGIAO OESTE,24,Adenovírus,2
UPA VENEZA,CASCAVEL,10a RS CASCAVEL,MACRORREGIAO OESTE,24,Influenza,2
UPA VENEZA,CASCAVEL,10a RS CASCAVEL,MACRORREGIAO OESTE,24,Rinovírus,2
UPA VENEZA,CASCAVEL,10a RS CASCAVEL,MACRORREGIAO OESTE,24,VSR,11
UPA VENEZA,CASCAVEL,10a RS CASCAVEL,MACRORREGIAO OESTE,25,Adenovírus,1
UPA VENEZA,CASCAVEL,10a RS CASCAVEL,MACRORREGIAO OESTE,25,Metapneumovírus,1
UPA VENEZA,CASCAVEL,10a RS CASCAVEL,MACRORREGIAO OESTE,25,Rinovírus,2
UPA VENEZA,CASCAVEL,10a RS CASCAVEL,MACRORREGIAO OESTE,25,VSR,10
UPA VENEZA,CASCAVEL,10a RS CASCAVEL,MACRORREGIAO OESTE,26,Influenza,1
UPA VENEZA,CASCAVEL,10a RS CASCAVEL,MACRORREGIAO OESTE,26,Rinovírus,1
UPA VENEZA,CASCAVEL,10a RS CASCAVEL,MACRORREGIAO OESTE,26,VSR,4
UPA VENEZA,CASCAVEL,10a RS CASCAVEL,MACRORREGIAO OESTE,27,Rinovírus,1
UPA VENEZA,CASCAVEL,10a RS CASCAVEL,MACRORREGIAO OESTE,27,VSR,3
UPA VENEZA,CASCAVEL,10a RS CASCAVEL,MACRORREGIAO OESTE,29,VSR,1
UPA VENEZA,CASCAVEL,10a RS CASCAVEL,MACRORREGIAO OESTE,30,Rinovírus,2
UPA VENEZA,CASCAVEL,10a RS CASCAVEL,MACRORREGIAO OESTE,30,VSR,4
UPA VENEZA,CASCAVEL,10a RS CASCAVEL,MACRORREGIAO OESTE,31,Metapneumovírus,1
UPA VENEZA,CASCAVEL,10a RS CASCAVEL,MACRORREGIAO OESTE,31,Rinovírus,1
UPA VENEZA,CASCAVEL,10a RS CASCAVEL,MACRORREGIAO OESTE,31,VSR,1
UPA VENEZA,CASCAVEL,10a RS CASCAVEL,MACRORREGIAO OESTE,33,Adenovírus,1
UPA VENEZA,CASCAVEL,10a RS CASCAVEL,MACRORREGIAO OESTE,33,Influenza,2
UPA VENEZA,CASCAVEL,10a RS CASCAVEL,MACRORREGIAO OESTE,33,Metapneumovírus,1
UPA VENEZA,CASCAVEL,10a RS CASCAVEL,MACRORREGIAO OESTE,33,Rinovírus,2
UPA VENEZA,CASCAVEL,10a RS CASCAVEL,MACRORREGIAO OESTE,33,VSR,1
UPA VENEZA,CASCAVEL,10a RS CASCAVEL,MACRORREGIAO OESTE,34,Metapneumovírus,1
UPA VENEZA,CASCAVEL,10a RS CASCAVEL,MACRORREGIAO OESTE,34,Rinovírus,4
UPA VENEZA,CASCAVEL,10a RS CASCAVEL,MACRORREGIAO OESTE,34,VSR,2
UPA VENEZA,CASCAVEL,10a RS CASCAVEL,MACRORREGIAO OESTE,35,Adenovírus,1
UPA VENEZA,CASCAVEL,10a RS CASCAVEL,MACRORREGIAO OESTE,35,Rinovírus,2
CENTER CLINICAS,PEABIRU,11a RS CAMPO MOURAO,MACRORREGIONAL NOROESTE,26,VSR,1
HOSPITAL DA CRIANCA DE MARINGA,CAMPO MOURAO,11a RS CAMPO MOURAO,MACRORREGIONAL NOROESTE,19,VSR,1
HOSPITAL DA CRIANCA DE MARINGA,CAMPO MOURAO,11a RS CAMPO MOURAO,MACRORREGIONAL NOROESTE,24,VSR,1
HOSPITAL DA CRIANCA DE MARINGA,CAMPO MOURAO,11a RS CAMPO MOURAO,MACRORREGIONAL NOROESTE,30,VSR,1
HOSPITAL DE ENSINO SAO LUCAS,UBIRATA,11a RS CAMPO MOURAO,MACRORREGIONAL NOROESTE,15,Covid-19,1
HOSPITAL DE ENSINO SAO LUCAS,UBIRATA,11a RS CAMPO MOURAO,MACRORREGIONAL NOROESTE,15,Rinovírus,1
HOSPITAL DE ENSINO SAO LUCAS,UBIRATA,11a RS CAMPO MOURAO,MACRORREGIONAL NOROESTE,17,Rinovírus,1
HOSPITAL DE ENSINO SAO LUCAS,UBIRATA,11a RS CAMPO MOURAO,MACRORREGIONAL NOROESTE,24,Influenza,1
HOSPITAL DE ENSINO SAO LUCAS,CAMPO MOURAO,11a RS CAMPO MOURAO,MACRORREGIONAL NOROESTE,25,VSR,1
HOSPITAL DE ENSINO SAO LUCAS,CAMPINA DA LAGOA,11a RS CAMPO MOURAO,MACRORREGIONAL NOROESTE,28,Rinovírus,1
HOSPITAL DE ENSINO SAO LUCAS,CAMPINA DA LAGOA,11a RS CAMPO MOURAO,MACRORREGIONAL NOROESTE,28,VSR,1
HOSPITAL DE ENSINO SAO LUCAS,CAMPINA DA LAGOA,11a RS CAMPO MOURAO,MACRORREGIONAL NOROESTE,29,Rinovírus,1
HOSPITAL DE ENSINO SAO LUCAS,CAMPINA DA LAGOA,11a RS CAMPO MOURAO,MACRORREGIONAL NOROESTE,29,VSR,1
HOSPITAL DE ENSINO SAO LUCAS,UBIRATA,11a RS CAMPO MOURAO,MACRORREGIONAL NOROESTE,33,VSR,1
HOSPITAL DE ENSINO SAO LUCAS,UBIRATA,11a RS CAMPO MOURAO,MACRORREGIONAL NOROESTE,34,Adenovírus,1
HOSPITAL DE ENSINO SAO LUCAS,CAMPINA DA LAGOA,11a RS CAMPO MOURAO,MACRORREGIONAL NOROESTE,34,Rinovírus,1
HOSPITAL DE ENSINO SAO LUCAS,CAMPINA DA LAGOA,11a RS CAMPO MOURAO,MACRORREGIONAL NOROESTE,34,VSR,1
HOSPITAL DE ENSINO SAO LUCAS,UBIRATA,11a RS CAMPO MOURAO,MACRORREGIONAL NOROESTE,34,VSR,1
HOSPITAL DE ENSINO SAO LUCAS,BOA ESPERANCA,11a RS CAMPO MOURAO,MACRORREGIONAL NOROESTE,36,Rinovírus,1
HOSPITAL INFANTIL PEQUENO PRINCIPE,BARBOSA FERRAZ,11a RS CAMPO MOURAO,MACRORREGIONAL NOROESTE,25,Rinovírus,1
HOSPITAL INFANTIL PEQUENO PRINCIPE,PEABIRU,11a RS CAMPO MOURAO,MACRORREGIONAL NOROESTE,26,VSR,1
HOSPITAL INFANTIL PEQUENO PRINCIPE,CAMPO MOURAO,11a RS CAMPO MOURAO,MACRORREGIONAL NOROESTE,29,Rinovírus,1
HOSPITAL INFANTIL PEQUENO PRINCIPE,FENIX,11a RS CAMPO MOURAO,MACRORREGIONAL NOROESTE,30,Rinovírus,1
HOSPITAL INFANTIL PEQUENO PRINCIPE,FENIX,11a RS CAMPO MOURAO,MACRORREGIONAL NOROESTE,30,VSR,1
HOSPITAL MUNICIPAL DR VALDOMIRO PERES,TERRA BOA,11a RS CAMPO MOURAO,MACRORREGIONAL NOROESTE,22,VSR,1
HOSPITAL MUNICIPAL DR VALDOMIRO PERES,TERRA BOA,11a RS CAMPO MOURAO,MACRORREGIONAL NOROESTE,24,Rinovírus,5
HOSPITAL MUNICIPAL DR VALDOMIRO PERES,TERRA BOA,11a RS CAMPO MOURAO,MACRORREGIONAL NOROESTE,24,VSR,3
HOSPITAL MUNICIPAL DR VALDOMIRO PERES,TERRA BOA,11a RS CAMPO MOURAO,MACRORREGIONAL NOROESTE,29,Rinovírus,1
HOSPITAL MUNICIPAL DR VALDOMIRO PERES,TERRA BOA,11a RS CAMPO MOURAO,MACRORREGIONAL NOROESTE,30,Metapneumovírus,1
HOSPITAL MUNICIPAL DR VALDOMIRO PERES,TERRA BOA,11a RS CAMPO MOURAO,MACRORREGIONAL NOROESTE,30,Rinovírus,1
HOSPITAL MUNICIPAL JALDEMO GOMES DUARTE ALTAMIRA DO PARANA,ALTAMIRA DO PARANA,11a RS CAMPO MOURAO,MACRORREGIONAL NOROESTE,20,Influenza,1
HOSPITAL MUNICIPAL PADRE GERMANO LAUCK,UBIRATA,11a RS CAMPO MOURAO,MACRORREGIONAL NOROESTE,19,Rinovírus,1
HOSPITAL SANTA CASA DE MISERICORDIA,PEABIRU,11a RS CAMPO MOURAO,MACRORREGIONAL NOROESTE,7,Rinovírus,1
HOSPITAL SANTA CASA DE MISERICORDIA,PEABIRU,11a RS CAMPO MOURAO,MACRORREGIONAL NOROESTE,8,Adenovírus,1
HOSPITAL SANTA CASA DE MISERICORDIA,PEABIRU,11a RS CAMPO MOURAO,MACRORREGIONAL NOROESTE,8,Rinovírus,1
HOSPITAL SANTA CASA DE MISERICORDIA,UBIRATA,11a RS CAMPO MOURAO,MACRORREGIONAL NOROESTE,10,Rinovírus,1
HOSPITAL SANTA CASA DE MISERICORDIA,CAMPO MOURAO,11a RS CAMPO MOURAO,MACRORREGIONAL NOROESTE,11,Rinovírus,1
HOSPITAL SANTA CASA DE MISERICORDIA,QUINTA DO SOL,11a RS CAMPO MOURAO,MACRORREGIONAL NOROESTE,11,Rinovírus,1
HOSPITAL SANTA CASA DE MISERICORDIA,ARARUNA,11a RS CAMPO MOURAO,MACRORREGIONAL NOROESTE,13,Rinovírus,1
HOSPITAL SANTA CASA DE MISERICORDIA,CAMPO MOURAO,11a RS CAMPO MOURAO,MACRORREGIONAL NOROESTE,16,Influenza,1
HOSPITAL SANTA CASA DE MISERICORDIA,CAMPINA DA LAGOA,11a RS CAMPO MOURAO,MACRORREGIONAL NOROESTE,16,Rinovírus,1
HOSPITAL SANTA CASA DE MISERICORDIA,PEABIRU,11a RS CAMPO MOURAO,MACRORREGIONAL NOROESTE,17,Rinovírus,1
HOSPITAL SANTA CASA DE MISERICORDIA,CAMPO MOURAO,11a RS CAMPO MOURAO,MACRORREGIONAL NOROESTE,18,Rinovírus,1
HOSPITAL SANTA CASA DE MISERICORDIA,CAMPO MOURAO,11a RS CAMPO MOURAO,MACRORREGIONAL NOROESTE,19,Adenovírus,1
HOSPITAL SANTA CASA DE MISERICORDIA,FENIX,11a RS CAMPO MOURAO,MACRORREGIONAL NOROESTE,19,Influenza,1
HOSPITAL SANTA CASA DE MISERICORDIA,QUINTA DO SOL,11a RS CAMPO MOURAO,MACRORREGIONAL NOROESTE,19,VSR,1
HOSPITAL SANTA CASA DE MISERICORDIA,BARBOSA FERRAZ,11a RS CAMPO MOURAO,MACRORREGIONAL NOROESTE,20,Influenza,2
HOSPITAL SANTA CASA DE MISERICORDIA,CAMPO MOURAO,11a RS CAMPO MOURAO,MACRORREGIONAL NOROESTE,20,Influenza,1
HOSPITAL SANTA CASA DE MISERICORDIA,CAMPO MOURAO,11a RS CAMPO MOURAO,MACRORREGIONAL NOROESTE,20,VSR,2
HOSPITAL SANTA CASA DE MISERICORDIA,FENIX,11a RS CAMPO MOURAO,MACRORREGIONAL NOROESTE,20,VSR,1
HOSPITAL SANTA CASA DE MISERICORDIA,BARBOSA FERRAZ,11a RS CAMPO MOURAO,MACRORREGIONAL NOROESTE,21,Influenza,2
HOSPITAL SANTA CASA DE MISERICORDIA,PEABIRU,11a RS CAMPO MOURAO,MACRORREGIONAL NOROESTE,21,Influenza,1
HOSPITAL SANTA CASA DE MISERICORDIA,CAMPO MOURAO,11a RS CAMPO MOURAO,MACRORREGIONAL NOROESTE,22,VSR,1
HOSPITAL SANTA CASA DE MISERICORDIA,MAMBORE,11a RS CAMPO MOURAO,MACRORREGIONAL NOROESTE,23,Influenza,1
HOSPITAL SANTA CASA DE MISERICORDIA,PEABIRU,11a RS CAMPO MOURAO,MACRORREGIONAL NOROESTE,24,Rinovírus,1
HOSPITAL SANTA CASA DE MISERICORDIA,CAMPO MOURAO,11a RS CAMPO MOURAO,MACRORREGIONAL NOROESTE,24,VSR,2
HOSPITAL SANTA CASA DE MISERICORDIA,PEABIRU,11a RS CAMPO MOURAO,MACRORREGIONAL NOROESTE,25,VSR,1
HOSPITAL SANTA CASA DE MISERICORDIA,CAMPO MOURAO,11a RS CAMPO MOURAO,MACRORREGIONAL NOROESTE,26,VSR,1
HOSPITAL SANTA CASA DE MISERICORDIA,FAROL,11a RS CAMPO MOURAO,MACRORREGIONAL NOROESTE,26,VSR,1
HOSPITAL SANTA CASA DE MISERICORDIA,PEABIRU,11a RS CAMPO MOURAO,MACRORREGIONAL NOROESTE,26,VSR,1
HOSPITAL SANTA CASA DE MISERICORDIA,CAMPO MOURAO,11a RS CAMPO MOURAO,MACRORREGIONAL NOROESTE,27,VSR,2
HOSPITAL SANTA CASA DE MISERICORDIA,BARBOSA FERRAZ,11a RS CAMPO MOURAO,MACRORREGIONAL NOROESTE,28,VSR,1
HOSPITAL SANTA CASA DE MISERICORDIA,CAMPO MOURAO,11a RS CAMPO MOURAO,MACRORREGIONAL NOROESTE,28,VSR,2
HOSPITAL SANTA CASA DE MISERICORDIA,CAMPO MOURAO,11a RS CAMPO MOURAO,MACRORREGIONAL NOROESTE,29,VSR,1
HOSPITAL SANTA CASA DE MISERICORDIA,NOVA CANTU,11a RS CAMPO MOURAO,MACRORREGIONAL NOROESTE,32,Adenovírus,1
HOSPITAL SANTA CASA DE MISERICORDIA,NOVA CANTU,11a RS CAMPO MOURAO,MACRORREGIONAL NOROESTE,32,VSR,1
HOSPITAL SANTA CASA DE MISERICORDIA,UBIRATA,11a RS CAMPO MOURAO,MACRORREGIONAL NOROESTE,32,VSR,1
HOSPITAL SANTA CASA DE MISERICORDIA,QUINTA DO SOL,11a RS CAMPO MOURAO,MACRORREGIONAL NOROESTE,35,Rinovírus,1
HOSPITAL UNIVERSITARIO REGIONAL DE MARINGA,PEABIRU,11a RS CAMPO MOURAO,MACRORREGIONAL NOROESTE,12,Covid-19,1
HPU HOSPITAL POLICLINICA UNIMED,CAMPINA DA LAGOA,11a RS CAMPO MOURAO,MACRORREGIONAL NOROESTE,28,Rinovírus,1
SANTA CASA DE ENGENHEIRO BELTRAO,BARBOSA FERRAZ,11a RS CAMPO MOURAO,MACRORREGIONAL NOROESTE,31,VSR,1
SANTA CASA DE MARINGA HOSPITAL E MAT M AUXILIADORA,CAMPO MOURAO,11a RS CAMPO MOURAO,MACRORREGIONAL NOROESTE,36,Rinovírus,1
SANTA CASA DE MISERICORDIA DE GOIOERE,JURANDA,11a RS CAMPO MOURAO,MACRORREGIONAL NOROESTE,6,Influenza,1
SANTA CASA DE MISERICORDIA DE GOIOERE,MOREIRA SALES,11a RS CAMPO MOURAO,MACRORREGIONAL NOROESTE,24,Influenza,1
SANTA CASA DE MISERICORDIA DE GOIOERE,JURANDA,11a RS CAMPO MOURAO,MACRORREGIONAL NOROESTE,33,VSR,1
SANTA CASA SAO VICENTE DE PAULO DE TERRA BOA,TERRA BOA,11a RS CAMPO MOURAO,MACRORREGIONAL NOROESTE,4,Covid-19,1
SANTA CASA SAO VICENTE DE PAULO DE TERRA BOA,TERRA BOA,11a RS CAMPO MOURAO,MACRORREGIONAL NOROESTE,14,Adenovírus,1
SANTA CASA SAO VICENTE DE PAULO DE TERRA BOA,FENIX,11a RS CAMPO MOURAO,MACRORREGIONAL NOROESTE,19,Influenza,1
SANTA CASA SAO VICENTE DE PAULO DE TERRA BOA,TERRA BOA,11a RS CAMPO MOURAO,MACRORREGIONAL NOROESTE,22,Influenza,2
SANTA CASA SAO VICENTE DE PAULO DE TERRA BOA,TERRA BOA,11a RS CAMPO MOURAO,MACRORREGIONAL NOROESTE,23,Rinovírus,1
SANTA CASA SAO VICENTE DE PAULO DE TERRA BOA,TERRA BOA,11a RS CAMPO MOURAO,MACRORREGIONAL NOROESTE,24,VSR,2
UNIDADE DE PRONTO ATENDIMENTO,PEABIRU,11a RS CAMPO MOURAO,MACRORREGIONAL NOROESTE,21,Influenza,1
UNIDADE DE PRONTO ATENDIMENTO,PEABIRU,11a RS CAMPO MOURAO,MACRORREGIONAL NOROESTE,21,Rinovírus,1
UNIDADE DE PRONTO ATENDIMENTO,PEABIRU,11a RS CAMPO MOURAO,MACRORREGIONAL NOROESTE,22,Adenovírus,1
UNIDADE DE PRONTO ATENDIMENTO,PEABIRU,11a RS CAMPO MOURAO,MACRORREGIONAL NOROESTE,22,VSR,1
UNIDADE DE PRONTO ATENDIMENTO,PEABIRU,11a RS CAMPO MOURAO,MACRORREGIONAL NOROESTE,23,Rinovírus,2
UNIDADE DE PRONTO ATENDIMENTO,PEABIRU,11a RS CAMPO MOURAO,MACRORREGIONAL NOROESTE,23,VSR,2
UNIDADE DE PRONTO ATENDIMENTO,PEABIRU,11a RS CAMPO MOURAO,MACRORREGIONAL NOROESTE,26,Rinovírus,2
UNIDADE DE PRONTO ATENDIMENTO,PEABIRU,11a RS CAMPO MOURAO,MACRORREGIONAL NOROESTE,26,VSR,2
UNIDADE DE PRONTO ATENDIMENTO,PEABIRU,11a RS CAMPO MOURAO,MACRORREGIONAL NOROESTE,27,VSR,1
UNIDADE DE PRONTO ATENDIMENTO,PEABIRU,11a RS CAMPO MOURAO,MACRORREGIONAL NOROESTE,28,Adenovírus,1
UNIDADE DE PRONTO ATENDIMENTO,PEABIRU,11a RS CAMPO MOURAO,MACRORREGIONAL NOROESTE,32,VSR,1
UNIDADE DE PRONTO ATENDIMENTO UPA DE CAMPO MOURAO,CAMPO MOURAO,11a RS CAMPO MOURAO,MACRORREGIONAL NOROESTE,7,Metapneumovírus,1
UNIDADE DE PRONTO ATENDIMENTO UPA DE CAMPO MOURAO,CAMPO MOURAO,11a RS CAMPO MOURAO,MACRORREGIONAL NOROESTE,11,Rinovírus,1
UNIDADE DE PRONTO ATENDIMENTO UPA DE CAMPO MOURAO,CAMPO MOURAO,11a RS CAMPO MOURAO,MACRORREGIONAL NOROESTE,16,Influenza,1
UNIDADE DE PRONTO ATENDIMENTO UPA DE CAMPO MOURAO,MAMBORE,11a RS CAMPO MOURAO,MACRORREGIONAL NOROESTE,16,Influenza,1
UNIDADE DE PRONTO ATENDIMENTO UPA DE CAMPO MOURAO,CAMPO MOURAO,11a RS CAMPO MOURAO,MACRORREGIONAL NOROESTE,17,Influenza,1
UNIDADE DE PRONTO ATENDIMENTO UPA DE CAMPO MOURAO,CAMPO MOURAO,11a RS CAMPO MOURAO,MACRORREGIONAL NOROESTE,21,VSR,1
UNIDADE DE PRONTO ATENDIMENTO UPA DE CAMPO MOURAO,CAMPO MOURAO,11a RS CAMPO MOURAO,MACRORREGIONAL NOROESTE,29,Rinovírus,1
UNIMED REGIONAL DE CAMPO MOURAO,CAMPO MOURAO,11a RS CAMPO MOURAO,MACRORREGIONAL NOROESTE,3,VSR,1
UNIMED REGIONAL DE CAMPO MOURAO,CAMPO MOURAO,11a RS CAMPO MOURAO,MACRORREGIONAL NOROESTE,10,Rinovírus,1
UNIMED REGIONAL DE CAMPO MOURAO,CAMPO MOURAO,11a RS CAMPO MOURAO,MACRORREGIONAL NOROESTE,11,Rinovírus,1
UNIMED REGIONAL DE CAMPO MOURAO,CAMPO MOURAO,11a RS CAMPO MOURAO,MACRORREGIONAL NOROESTE,23,VSR,1
UNIMED REGIONAL DE CAMPO MOURAO,CAMPO MOURAO,11a RS CAMPO MOURAO,MACRORREGIONAL NOROESTE,25,VSR,5
UNIMED REGIONAL DE CAMPO MOURAO,ENGENHEIRO BELTRAO,11a RS CAMPO MOURAO,MACRORREGIONAL NOROESTE,25,VSR,1
UNIMED REGIONAL DE CAMPO MOURAO,CAMPO MOURAO,11a RS CAMPO MOURAO,MACRORREGIONAL NOROESTE,28,VSR,1
UNIMED REGIONAL DE CAMPO MOURAO,CAMPO MOURAO,11a RS CAMPO MOURAO,MACRORREGIONAL NOROESTE,29,Rinovírus,1
UNIMED REGIONAL DE CAMPO MOURAO,CAMPO MOURAO,11a RS CAMPO MOURAO,MACRORREGIONAL NOROESTE,33,Metapneumovírus,1
UOPECCAN FILIAL UMUARAMA,TERRA BOA,11a RS CAMPO MOURAO,MACRORREGIONAL NOROESTE,10,Covid-19,1
ASSOCIACAO BENEFICENTE SAO FRANCISCO DE ASSIS,DOURADINA,12a RS UMUARAMA,MACRORREGIONAL NOROESTE,22,Influenza,1
HNSG,ALTO PIQUIRI,12a RS UMUARAMA,MACRORREGIONAL NOROESTE,23,Influenza,1
HOSPITAL INFANTIL PEQUENO PRINCIPE,SAO JORGE DO PATROCINIO,12a RS UMUARAMA,MACRORREGIONAL NOROESTE,11,Rinovírus,1
HOSPITAL MUNICIPAL AGNALDO GOUVEIA,SAO JORGE DO PATROCINIO,12a RS UMUARAMA,MACRORREGIONAL NOROESTE,12,Rinovírus,1
HOSPITAL MUNICIPAL AGNALDO GOUVEIA,SAO JORGE DO PATROCINIO,12a RS UMUARAMA,MACRORREGIONAL NOROESTE,15,Influenza,1
HOSPITAL MUNICIPAL AGNALDO GOUVEIA,SAO JORGE DO PATROCINIO,12a RS UMUARAMA,MACRORREGIONAL NOROESTE,17,Influenza,1
HOSPITAL MUNICIPAL AGNALDO GOUVEIA,ICARAIMA,12a RS UMUARAMA,MACRORREGIONAL NOROESTE,20,Rinovírus,1
HOSPITAL MUNICIPAL AGNALDO GOUVEIA,SAO JORGE DO PATROCINIO,12a RS UMUARAMA,MACRORREGIONAL NOROESTE,22,Adenovírus,1
HOSPITAL MUNICIPAL AGNALDO GOUVEIA,SAO JORGE DO PATROCINIO,12a RS UMUARAMA,MACRORREGIONAL NOROESTE,22,Influenza,2
HOSPITAL MUNICIPAL AGNALDO GOUVEIA,SAO JORGE DO PATROCINIO,12a RS UMUARAMA,MACRORREGIONAL NOROESTE,23,Rinovírus,1
HOSPITAL MUNICIPAL AGNALDO GOUVEIA,ESPERANCA NOVA,12a RS UMUARAMA,MACRORREGIONAL NOROESTE,24,Rinovírus,1
HOSPITAL MUNICIPAL AGNALDO GOUVEIA,SAO JORGE DO PATROCINIO,12a RS UMUARAMA,MACRORREGIONAL NOROESTE,24,Rinovírus,1
HOSPITAL MUNICIPAL AGNALDO GOUVEIA,SAO JORGE DO PATROCINIO,12a RS UMUARAMA,MACRORREGIONAL NOROESTE,25,Influenza,1
HOSPITAL MUNICIPAL AGNALDO GOUVEIA,SAO JORGE DO PATROCINIO,12a RS UMUARAMA,MACRORREGIONAL NOROESTE,25,Rinovírus,2
HOSPITAL MUNICIPAL AGNALDO GOUVEIA,SAO JORGE DO PATROCINIO,12a RS UMUARAMA,MACRORREGIONAL NOROESTE,26,VSR,1
HOSPITAL MUNICIPAL AGNALDO GOUVEIA,SAO JORGE DO PATROCINIO,12a RS UMUARAMA,MACRORREGIONAL NOROESTE,27,VSR,3
HOSPITAL MUNICIPAL AGNALDO GOUVEIA,SAO JORGE DO PATROCINIO,12a RS UMUARAMA,MACRORREGIONAL NOROESTE,28,Adenovírus,1
HOSPITAL MUNICIPAL AGNALDO GOUVEIA,SAO JORGE DO PATROCINIO,12a RS UMUARAMA,MACRORREGIONAL NOROESTE,28,Metapneumovírus,1
HOSPITAL MUNICIPAL AGNALDO GOUVEIA,SAO JORGE DO PATROCINIO,12a RS UMUARAMA,MACRORREGIONAL NOROESTE,28,VSR,3
HOSPITAL MUNICIPAL AGNALDO GOUVEIA,SAO JORGE DO PATROCINIO,12a RS UMUARAMA,MACRORREGIONAL NOROESTE,29,VSR,1
HOSPITAL MUNICIPAL AGNALDO GOUVEIA,SAO JORGE DO PATROCINIO,12a RS UMUARAMA,MACRORREGIONAL NOROESTE,30,Metapneumovírus,1
HOSPITAL MUNICIPAL AGNALDO GOUVEIA,SAO JORGE DO PATROCINIO,12a RS UMUARAMA,MACRORREGIONAL NOROESTE,30,VSR,1
HOSPITAL MUNICIPAL AGNALDO GOUVEIA,SAO JORGE DO PATROCINIO,12a RS UMUARAMA,MACRORREGIONAL NOROESTE,31,Metapneumovírus,1
HOSPITAL MUNICIPAL AGNALDO GOUVEIA,ESPERANCA NOVA,12a RS UMUARAMA,MACRORREGIONAL NOROESTE,33,Rinovírus,1
HOSPITAL MUNICIPAL AGNALDO GOUVEIA,SAO JORGE DO PATROCINIO,12a RS UMUARAMA,MACRORREGIONAL NOROESTE,34,Influenza,1
HOSPITAL MUNICIPAL AGNALDO GOUVEIA,ESPERANCA NOVA,12a RS UMUARAMA,MACRORREGIONAL NOROESTE,34,VSR,1
HOSPITAL REGIONAL DE TOLEDO HRT,MARILUZ,12a RS UMUARAMA,MACRORREGIONAL NOROESTE,15,Influenza,1
UOPECCAN FILIAL UMUARAMA,PEROBAL,12a RS UMUARAMA,MACRORREGIONAL NOROESTE,18,Influenza,1
UOPECCAN FILIAL UMUARAMA,XAMBRE,12a RS UMUARAMA,MACRORREGIONAL NOROESTE,19,Influenza,1
UOPECCAN FILIAL UMUARAMA,UMUARAMA,12a RS UMUARAMA,MACRORREGIONAL NOROESTE,20,Influenza,1
UOPECCAN FILIAL UMUARAMA,CRUZEIRO DO OESTE,12a RS UMUARAMA,MACRORREGIONAL NOROESTE,20,Rinovírus,1
UOPECCAN FILIAL UMUARAMA,UMUARAMA,12a RS UMUARAMA,MACRORREGIONAL NOROESTE,22,Influenza,1
UOPECCAN FILIAL UMUARAMA,UMUARAMA,12a RS UMUARAMA,MACRORREGIONAL NOROESTE,22,Rinovírus,2
UOPECCAN FILIAL UMUARAMA,MARILUZ,12a RS UMUARAMA,MACRORREGIONAL NOROESTE,23,Influenza,1
UOPECCAN FILIAL UMUARAMA,PEROLA,12a RS UMUARAMA,MACRORREGIONAL NOROESTE,23,Influenza,1
UOPECCAN FILIAL UMUARAMA,MARILUZ,12a RS UMUARAMA,MACRORREGIONAL NOROESTE,27,Rinovírus,1
UOPECCAN FILIAL UMUARAMA,DOURADINA,12a RS UMUARAMA,MACRORREGIONAL NOROESTE,29,VSR,1
UOPECCAN FILIAL UMUARAMA,UMUARAMA,12a RS UMUARAMA,MACRORREGIONAL NOROESTE,31,Rinovírus,1
FUNDHOSPAR FUNDACAO HOSPITALAR DO PARANA,TAPEJARA,13a RS CIANORTE,MACRORREGIONAL NOROESTE,3,Influenza,1
FUNDHOSPAR FUNDACAO HOSPITALAR DO PARANA,TAPEJARA,13a RS CIANORTE,MACRORREGIONAL NOROESTE,7,Covid-19,1
FUNDHOSPAR FUNDACAO HOSPITALAR DO PARANA,CIANORTE,13a RS CIANORTE,MACRORREGIONAL NOROESTE,9,Rinovírus,1
FUNDHOSPAR FUNDACAO HOSPITALAR DO PARANA,CIANORTE,13a RS CIANORTE,MACRORREGIONAL NOROESTE,11,Influenza,1
FUNDHOSPAR FUNDACAO HOSPITALAR DO PARANA,CIANORTE,13a RS CIANORTE,MACRORREGIONAL NOROESTE,13,Influenza,1
FUNDHOSPAR FUNDACAO HOSPITALAR DO PARANA,CIANORTE,13a RS CIANORTE,MACRORREGIONAL NOROESTE,15,Influenza,1
FUNDHOSPAR FUNDACAO HOSPITALAR DO PARANA,CIANORTE,13a RS CIANORTE,MACRORREGIONAL NOROESTE,15,Rinovírus,1
FUNDHOSPAR FUNDACAO HOSPITALAR DO PARANA,CIANORTE,13a RS CIANORTE,MACRORREGIONAL NOROESTE,16,Influenza,1
FUNDHOSPAR FUNDACAO HOSPITALAR DO PARANA,CIANORTE,13a RS CIANORTE,MACRORREGIONAL NOROESTE,19,Influenza,1
FUNDHOSPAR FUNDACAO HOSPITALAR DO PARANA,TAPEJARA,13a RS CIANORTE,MACRORREGIONAL NOROESTE,19,Influenza,1
FUNDHOSPAR FUNDACAO HOSPITALAR DO PARANA,TUNEIRAS DO OESTE,13a RS CIANORTE,MACRORREGIONAL NOROESTE,21,Influenza,1
FUNDHOSPAR FUNDACAO HOSPITALAR DO PARANA,CIANORTE,13a RS CIANORTE,MACRORREGIONAL NOROESTE,22,Influenza,1
FUNDHOSPAR FUNDACAO HOSPITALAR DO PARANA,CIANORTE,13a RS CIANORTE,MACRORREGIONAL NOROESTE,24,Influenza,1
FUNDHOSPAR FUNDACAO HOSPITALAR DO PARANA,CIANORTE,13a RS CIANORTE,MACRORREGIONAL NOROESTE,27,VSR,1
FUNDHOSPAR FUNDACAO HOSPITALAR DO PARANA,CIANORTE,13a RS CIANORTE,MACRORREGIONAL NOROESTE,31,Metapneumovírus,2
FUNDHOSPAR FUNDACAO HOSPITALAR DO PARANA,RONDON,13a RS CIANORTE,MACRORREGIONAL NOROESTE,33,Influenza,1
HOSPITAL INFANTIL PEQUENO PRINCIPE,CIANORTE,13a RS CIANORTE,MACRORREGIONAL NOROESTE,14,Influenza,1
HOSPITAL SANTA MONICA,RONDON,13a RS CIANORTE,MACRORREGIONAL NOROESTE,22,Adenovírus,1
HOSPITAL SANTA MONICA,RONDON,13a RS CIANORTE,MACRORREGIONAL NOROESTE,22,VSR,3
HOSPITAL UNIVERSITARIO REGIONAL DE MARINGA,CIANORTE,13a RS CIANORTE,MACRORREGIONAL NOROESTE,17,Rinovírus,1
INSTITUTO BOM JESUS,TAPEJARA,13a RS CIANORTE,MACRORREGIONAL NOROESTE,3,Metapneumovírus,1
INSTITUTO BOM JESUS,CIANORTE,13a RS CIANORTE,MACRORREGIONAL NOROESTE,8,Metapneumovírus,1
INSTITUTO BOM JESUS,TUNEIRAS DO OESTE,13a RS CIANORTE,MACRORREGIONAL NOROESTE,8,Rinovírus,1
INSTITUTO BOM JESUS,CIANORTE,13a RS CIANORTE,MACRORREGIONAL NOROESTE,9,Rinovírus,1
INSTITUTO BOM JESUS,CIANORTE,13a RS CIANORTE,MACRORREGIONAL NOROESTE,10,Rinovírus,5
INSTITUTO BOM JESUS,CIANORTE,13a RS CIANORTE,MACRORREGIONAL NOROESTE,10,VSR,2
INSTITUTO BOM JESUS,CIANORTE,13a RS CIANORTE,MACRORREGIONAL NOROESTE,12,VSR,1
INSTITUTO BOM JESUS,CIANORTE,13a RS CIANORTE,MACRORREGIONAL NOROESTE,13,Adenovírus,1
INSTITUTO BOM JESUS,CIANORTE,13a RS CIANORTE,MACRORREGIONAL NOROESTE,14,VSR,1
INSTITUTO BOM JESUS,TAPEJARA,13a RS CIANORTE,MACRORREGIONAL NOROESTE,20,Adenovírus,1
INSTITUTO BOM JESUS,TAPEJARA,13a RS CIANORTE,MACRORREGIONAL NOROESTE,20,Rinovírus,1
INSTITUTO BOM JESUS,CIANORTE,13a RS CIANORTE,MACRORREGIONAL NOROESTE,21,Influenza,1
INSTITUTO BOM JESUS,CIDADE GAUCHA,13a RS CIANORTE,MACRORREGIONAL NOROESTE,22,Rinovírus,1
INSTITUTO BOM JESUS,CIANORTE,13a RS CIANORTE,MACRORREGIONAL NOROESTE,22,VSR,1
INSTITUTO BOM JESUS,TAPEJARA,13a RS CIANORTE,MACRORREGIONAL NOROESTE,22,VSR,1
INSTITUTO BOM JESUS,CIANORTE,13a RS CIANORTE,MACRORREGIONAL NOROESTE,24,Influenza,1
INSTITUTO BOM JESUS,CIDADE GAUCHA,13a RS CIANORTE,MACRORREGIONAL NOROESTE,26,VSR,1
INSTITUTO BOM JESUS,CIANORTE,13a RS CIANORTE,MACRORREGIONAL NOROESTE,27,Adenovírus,1
INSTITUTO BOM JESUS,CIANORTE,13a RS CIANORTE,MACRORREGIONAL NOROESTE,29,VSR,2
INSTITUTO BOM JESUS,SAO TOME,13a RS CIANORTE,MACRORREGIONAL NOROESTE,33,Adenovírus,1
INSTITUTO BOM JESUS,CIANORTE,13a RS CIANORTE,MACRORREGIONAL NOROESTE,33,Metapneumovírus,1
INSTITUTO BOM JESUS,CIANORTE,13a RS CIANORTE,MACRORREGIONAL NOROESTE,34,VSR,2
HOSPITAL ANGELINA CARON,PARANAVAI,14a RS PARANAVAI,MACRORREGIONAL NOROESTE,29,Influenza,1
HOSPITAL GERAL UNIMED HGU,PARANAVAI,14a RS PARANAVAI,MACRORREGIONAL NOROESTE,25,Metapneumovírus,1
HOSPITAL MUNICIPAL LEONOR CALEGARI BOVIS,MARILENA,14a RS PARANAVAI,MACRORREGIONAL NOROESTE,12,Covid-19,1
HOSPITAL MUNICIPAL LEONOR CALEGARI BOVIS,MARILENA,14a RS PARANAVAI,MACRORREGIONAL NOROESTE,12,Influenza,1
HOSPITAL MUNICIPAL N SRA APARECIDA,SAO JOAO DO CAIUA,14a RS PARANAVAI,MACRORREGIONAL NOROESTE,26,Influenza,1
HOSPITAL MUNICIPAL N SRA APARECIDA,SAO JOAO DO CAIUA,14a RS PARANAVAI,MACRORREGIONAL NOROESTE,29,Adenovírus,1
HOSPITAL MUNICIPAL N SRA APARECIDA,SAO JOAO DO CAIUA,14a RS PARANAVAI,MACRORREGIONAL NOROESTE,29,Influenza,1
HOSPITAL MUNICIPAL N SRA APARECIDA,SAO JOAO DO CAIUA,14a RS PARANAVAI,MACRORREGIONAL NOROESTE,29,VSR,1
HOSPITAL MUNICIPAL PADRE GERMANO LAUCK,GUAIRACA,14a RS PARANAVAI,MACRORREGIONAL NOROESTE,17,Influenza,1
HOSPITAL PARANA,PARANAVAI,14a RS PARANAVAI,MACRORREGIONAL NOROESTE,17,Influenza,1
HOSPITAL UNIVERSITARIO REGIONAL DE MARINGA,SANTA ISABEL DO IVAI,14a RS PARANAVAI,MACRORREGIONAL NOROESTE,4,Covid-19,1
HOSPITAL UNIVERSITARIO REGIONAL DE MARINGA,SANTA ISABEL DO IVAI,14a RS PARANAVAI,MACRORREGIONAL NOROESTE,4,Metapneumovírus,1
SANTA CASA DE MARINGA HOSPITAL E MAT M AUXILIADORA,PARANAVAI,14a RS PARANAVAI,MACRORREGIONAL NOROESTE,27,Adenovírus,1
SANTA CASA DE PARANAVAI,SAO PEDRO DO PARANA,14a RS PARANAVAI,MACRORREGIONAL NOROESTE,3,Covid-19,1
SANTA CASA DE PARANAVAI,QUERENCIA DO NORTE,14a RS PARANAVAI,MACRORREGIONAL NOROESTE,15,Influenza,1
SANTA CASA DE PARANAVAI,ALTO PARANA,14a RS PARANAVAI,MACRORREGIONAL NOROESTE,17,Influenza,1
SANTA CASA DE PARANAVAI,ALTO PARANA,14a RS PARANAVAI,MACRORREGIONAL NOROESTE,17,Rinovírus,1
SANTA CASA DE PARANAVAI,LOANDA,14a RS PARANAVAI,MACRORREGIONAL NOROESTE,19,VSR,1
SANTA CASA DE PARANAVAI,PARANAVAI,14a RS PARANAVAI,MACRORREGIONAL NOROESTE,22,Influenza,1
SANTA CASA DE PARANAVAI,PARANAVAI,14a RS PARANAVAI,MACRORREGIONAL NOROESTE,23,Influenza,1
SANTA CASA DE PARANAVAI,NOVA LONDRINA,14a RS PARANAVAI,MACRORREGIONAL NOROESTE,23,VSR,1
SANTA CASA DE PARANAVAI,NOVA LONDRINA,14a RS PARANAVAI,MACRORREGIONAL NOROESTE,25,Influenza,1
SANTA CASA DE PARANAVAI,PLANALTINA DO PARANA,14a RS PARANAVAI,MACRORREGIONAL NOROESTE,25,Influenza,1
SANTA CASA DE PARANAVAI,LOANDA,14a RS PARANAVAI,MACRORREGIONAL NOROESTE,25,VSR,1
SANTA CASA DE PARANAVAI,SAO CARLOS DO IVAI,14a RS PARANAVAI,MACRORREGIONAL NOROESTE,26,VSR,1
SANTA CASA DE PARANAVAI,GUAIRACA,14a RS PARANAVAI,MACRORREGIONAL NOROESTE,27,Influenza,1
SANTA CASA DE PARANAVAI,GUAIRACA,14a RS PARANAVAI,MACRORREGIONAL NOROESTE,28,Influenza,1
SANTA CASA DE PARANAVAI,PARANAVAI,14a RS PARANAVAI,MACRORREGIONAL NOROESTE,29,VSR,1
SANTA CASA DE PARANAVAI,SANTA ISABEL DO IVAI,14a RS PARANAVAI,MACRORREGIONAL NOROESTE,29,VSR,1
SANTA CASA DE PARANAVAI,LOANDA,14a RS PARANAVAI,MACRORREGIONAL NOROESTE,30,Rinovírus,1
SANTA CASA DE PARANAVAI,SANTA CRUZ DE MONTE CASTELO,14a RS PARANAVAI,MACRORREGIONAL NOROESTE,36,Rinovírus,1
UOPECCAN FILIAL UMUARAMA,QUERENCIA DO NORTE,14a RS PARANAVAI,MACRORREGIONAL NOROESTE,7,Covid-19,1
HNSG,MARINGA,15a RS MARINGA,MACRORREGIONAL NOROESTE,11,Influenza,1
HOSP MUN E REG SAGRADO CORACAO DE JESUS NOVA ESPERANCA,UNIFLOR,15a RS MARINGA,MACRORREGIONAL NOROESTE,3,Rinovírus,1
HOSP MUN E REG SAGRADO CORACAO DE JESUS NOVA ESPERANCA,NOVA ESPERANCA,15a RS MARINGA,MACRORREGIONAL NOROESTE,9,Metapneumovírus,1
HOSP MUN E REG SAGRADO CORACAO DE JESUS NOVA ESPERANCA,NOVA ESPERANCA,15a RS MARINGA,MACRORREGIONAL NOROESTE,9,Rinovírus,1
HOSP MUN E REG SAGRADO CORACAO DE JESUS NOVA ESPERANCA,NOVA ESPERANCA,15a RS MARINGA,MACRORREGIONAL NOROESTE,12,Covid-19,1
HOSP MUN E REG SAGRADO CORACAO DE JESUS NOVA ESPERANCA,NOVA ESPERANCA,15a RS MARINGA,MACRORREGIONAL NOROESTE,13,Rinovírus,1
HOSP MUN E REG SAGRADO CORACAO DE JESUS NOVA ESPERANCA,NOVA ESPERANCA,15a RS MARINGA,MACRORREGIONAL NOROESTE,14,Rinovírus,1
HOSP MUN E REG SAGRADO CORACAO DE JESUS NOVA ESPERANCA,MARINGA,15a RS MARINGA,MACRORREGIONAL NOROESTE,15,Rinovírus,1
HOSP MUN E REG SAGRADO CORACAO DE JESUS NOVA ESPERANCA,NOVA ESPERANCA,15a RS MARINGA,MACRORREGIONAL NOROESTE,15,Rinovírus,1
HOSP MUN E REG SAGRADO CORACAO DE JESUS NOVA ESPERANCA,OURIZONA,15a RS MARINGA,MACRORREGIONAL NOROESTE,16,Rinovírus,1
HOSP MUN E REG SAGRADO CORACAO DE JESUS NOVA ESPERANCA,UNIFLOR,15a RS MARINGA,MACRORREGIONAL NOROESTE,17,Rinovírus,1
HOSP MUN E REG SAGRADO CORACAO DE JESUS NOVA ESPERANCA,NOVA ESPERANCA,15a RS MARINGA,MACRORREGIONAL NOROESTE,17,VSR,1
HOSP MUN E REG SAGRADO CORACAO DE JESUS NOVA ESPERANCA,NOVA ESPERANCA,15a RS MARINGA,MACRORREGIONAL NOROESTE,19,Influenza,1
HOSP MUN E REG SAGRADO CORACAO DE JESUS NOVA ESPERANCA,NOVA ESPERANCA,15a RS MARINGA,MACRORREGIONAL NOROESTE,19,Metapneumovírus,1
HOSP MUN E REG SAGRADO CORACAO DE JESUS NOVA ESPERANCA,NOVA ESPERANCA,15a RS MARINGA,MACRORREGIONAL NOROESTE,20,Influenza,1
HOSP MUN E REG SAGRADO CORACAO DE JESUS NOVA ESPERANCA,NOVA ESPERANCA,15a RS MARINGA,MACRORREGIONAL NOROESTE,20,VSR,1
HOSP MUN E REG SAGRADO CORACAO DE JESUS NOVA ESPERANCA,NOVA ESPERANCA,15a RS MARINGA,MACRORREGIONAL NOROESTE,21,Rinovírus,1
HOSP MUN E REG SAGRADO CORACAO DE JESUS NOVA ESPERANCA,NOVA ESPERANCA,15a RS MARINGA,MACRORREGIONAL NOROESTE,21,VSR,1
HOSP MUN E REG SAGRADO CORACAO DE JESUS NOVA ESPERANCA,NOVA ESPERANCA,15a RS MARINGA,MACRORREGIONAL NOROESTE,22,Influenza,1
HOSP MUN E REG SAGRADO CORACAO DE JESUS NOVA ESPERANCA,NOVA ESPERANCA,15a RS MARINGA,MACRORREGIONAL NOROESTE,22,VSR,1
HOSP MUN E REG SAGRADO CORACAO DE JESUS NOVA ESPERANCA,NOVA ESPERANCA,15a RS MARINGA,MACRORREGIONAL NOROESTE,23,Influenza,1
HOSP MUN E REG SAGRADO CORACAO DE JESUS NOVA ESPERANCA,NOVA ESPERANCA,15a RS MARINGA,MACRORREGIONAL NOROESTE,23,VSR,6
HOSP MUN E REG SAGRADO CORACAO DE JESUS NOVA ESPERANCA,NOVA ESPERANCA,15a RS MARINGA,MACRORREGIONAL NOROESTE,24,Rinovírus,1
HOSP MUN E REG SAGRADO CORACAO DE JESUS NOVA ESPERANCA,NOVA ESPERANCA,15a RS MARINGA,MACRORREGIONAL NOROESTE,24,VSR,1
HOSP MUN E REG SAGRADO CORACAO DE JESUS NOVA ESPERANCA,NOVA ESPERANCA,15a RS MARINGA,MACRORREGIONAL NOROESTE,26,VSR,1
HOSP MUN E REG SAGRADO CORACAO DE JESUS NOVA ESPERANCA,NOVA ESPERANCA,15a RS MARINGA,MACRORREGIONAL NOROESTE,27,Adenovírus,1
HOSP MUN E REG SAGRADO CORACAO DE JESUS NOVA ESPERANCA,NOVA ESPERANCA,15a RS MARINGA,MACRORREGIONAL NOROESTE,27,Metapneumovírus,1
HOSP MUN E REG SAGRADO CORACAO DE JESUS NOVA ESPERANCA,NOVA ESPERANCA,15a RS MARINGA,MACRORREGIONAL NOROESTE,27,Rinovírus,2
HOSP MUN E REG SAGRADO CORACAO DE JESUS NOVA ESPERANCA,NOVA ESPERANCA,15a RS MARINGA,MACRORREGIONAL NOROESTE,27,VSR,1
HOSP MUN E REG SAGRADO CORACAO DE JESUS NOVA ESPERANCA,SAO JORGE DO IVAI,15a RS MARINGA,MACRORREGIONAL NOROESTE,28,Rinovírus,1
HOSP MUN E REG SAGRADO CORACAO DE JESUS NOVA ESPERANCA,NOVA ESPERANCA,15a RS MARINGA,MACRORREGIONAL NOROESTE,28,VSR,1
HOSP MUN E REG SAGRADO CORACAO DE JESUS NOVA ESPERANCA,NOVA ESPERANCA,15a RS MARINGA,MACRORREGIONAL NOROESTE,29,Rinovírus,3
HOSP MUN E REG SAGRADO CORACAO DE JESUS NOVA ESPERANCA,NOVA ESPERANCA,15a RS MARINGA,MACRORREGIONAL NOROESTE,30,Rinovírus,1
HOSP MUN E REG SAGRADO CORACAO DE JESUS NOVA ESPERANCA,NOVA ESPERANCA,15a RS MARINGA,MACRORREGIONAL NOROESTE,33,Rinovírus,2
HOSP MUN E REG SAGRADO CORACAO DE JESUS NOVA ESPERANCA,NOVA ESPERANCA,15a RS MARINGA,MACRORREGIONAL NOROESTE,34,VSR,1
HOSPITAL BOM SAMARITANO DE MARINGA,PAICANDU,15a RS MARINGA,MACRORREGIONAL NOROESTE,3,Adenovírus,1
HOSPITAL BOM SAMARITANO DE MARINGA,PAICANDU,15a RS MARINGA,MACRORREGIONAL NOROESTE,3,Rinovírus,1
HOSPITAL BOM SAMARITANO DE MARINGA,ITAMBE,15a RS MARINGA,MACRORREGIONAL NOROESTE,5,Rinovírus,1
HOSPITAL BOM SAMARITANO DE MARINGA,SARANDI,15a RS MARINGA,MACRORREGIONAL NOROESTE,6,Rinovírus,1
HOSPITAL BOM SAMARITANO DE MARINGA,SARANDI,15a RS MARINGA,MACRORREGIONAL NOROESTE,6,VSR,1
HOSPITAL BOM SAMARITANO DE MARINGA,MANDAGUARI,15a RS MARINGA,MACRORREGIONAL NOROESTE,7,Rinovírus,1
HOSPITAL BOM SAMARITANO DE MARINGA,PAICANDU,15a RS MARINGA,MACRORREGIONAL NOROESTE,7,Rinovírus,1
HOSPITAL BOM SAMARITANO DE MARINGA,MANDAGUARI,15a RS MARINGA,MACRORREGIONAL NOROESTE,8,Rinovírus,1
HOSPITAL BOM SAMARITANO DE MARINGA,MARINGA,15a RS MARINGA,MACRORREGIONAL NOROESTE,8,Rinovírus,1
HOSPITAL BOM SAMARITANO DE MARINGA,SARANDI,15a RS MARINGA,MACRORREGIONAL NOROESTE,8,Rinovírus,1
HOSPITAL BOM SAMARITANO DE MARINGA,MARINGA,15a RS MARINGA,MACRORREGIONAL NOROESTE,9,Rinovírus,2
HOSPITAL BOM SAMARITANO DE MARINGA,SARANDI,15a RS MARINGA,MACRORREGIONAL NOROESTE,9,Rinovírus,1
HOSPITAL BOM SAMARITANO DE MARINGA,MARINGA,15a RS MARINGA,MACRORREGIONAL NOROESTE,10,Covid-19,1
HOSPITAL BOM SAMARITANO DE MARINGA,MARINGA,15a RS MARINGA,MACRORREGIONAL NOROESTE,10,VSR,2
HOSPITAL BOM SAMARITANO DE MARINGA,MARINGA,15a RS MARINGA,MACRORREGIONAL NOROESTE,11,Rinovírus,2
HOSPITAL BOM SAMARITANO DE MARINGA,MARINGA,15a RS MARINGA,MACRORREGIONAL NOROESTE,11,VSR,3
HOSPITAL BOM SAMARITANO DE MARINGA,MARINGA,15a RS MARINGA,MACRORREGIONAL NOROESTE,12,Adenovírus,1
HOSPITAL BOM SAMARITANO DE MARINGA,MARINGA,15a RS MARINGA,MACRORREGIONAL NOROESTE,12,Rinovírus,2
HOSPITAL BOM SAMARITANO DE MARINGA,MARINGA,15a RS MARINGA,MACRORREGIONAL NOROESTE,12,VSR,1
HOSPITAL BOM SAMARITANO DE MARINGA,SARANDI,15a RS MARINGA,MACRORREGIONAL NOROESTE,12,VSR,1
HOSPITAL BOM SAMARITANO DE MARINGA,SARANDI,15a RS MARINGA,MACRORREGIONAL NOROESTE,13,VSR,1
HOSPITAL BOM SAMARITANO DE MARINGA,MARINGA,15a RS MARINGA,MACRORREGIONAL NOROESTE,15,Rinovírus,1
HOSPITAL BOM SAMARITANO DE MARINGA,PAICANDU,15a RS MARINGA,MACRORREGIONAL NOROESTE,15,Rinovírus,1
HOSPITAL BOM SAMARITANO DE MARINGA,MARINGA,15a RS MARINGA,MACRORREGIONAL NOROESTE,15,VSR,2
HOSPITAL BOM SAMARITANO DE MARINGA,SARANDI,15a RS MARINGA,MACRORREGIONAL NOROESTE,15,VSR,1
HOSPITAL BOM SAMARITANO DE MARINGA,MARINGA,15a RS MARINGA,MACRORREGIONAL NOROESTE,19,Rinovírus,1
HOSPITAL BOM SAMARITANO DE MARINGA,SARANDI,15a RS MARINGA,MACRORREGIONAL NOROESTE,19,Rinovírus,1
HOSPITAL BOM SAMARITANO DE MARINGA,MARINGA,15a RS MARINGA,MACRORREGIONAL NOROESTE,19,VSR,5
HOSPITAL BOM SAMARITANO DE MARINGA,PAICANDU,15a RS MARINGA,MACRORREGIONAL NOROESTE,19,VSR,1
HOSPITAL BOM SAMARITANO DE MARINGA,MANDAGUACU,15a RS MARINGA,MACRORREGIONAL NOROESTE,20,Adenovírus,1
HOSPITAL BOM SAMARITANO DE MARINGA,MARINGA,15a RS MARINGA,MACRORREGIONAL NOROESTE,20,Rinovírus,1
HOSPITAL BOM SAMARITANO DE MARINGA,MANDAGUACU,15a RS MARINGA,MACRORREGIONAL NOROESTE,20,VSR,1
HOSPITAL BOM SAMARITANO DE MARINGA,MARINGA,15a RS MARINGA,MACRORREGIONAL NOROESTE,20,VSR,2
HOSPITAL BOM SAMARITANO DE MARINGA,MARINGA,15a RS MARINGA,MACRORREGIONAL NOROESTE,21,Rinovírus,1
HOSPITAL BOM SAMARITANO DE MARINGA,MARINGA,15a RS MARINGA,MACRORREGIONAL NOROESTE,24,Rinovírus,1
HOSPITAL BOM SAMARITANO DE MARINGA,ITAMBE,15a RS MARINGA,MACRORREGIONAL NOROESTE,32,Rinovírus,1
HOSPITAL DA CRIANCA DE MARINGA,MARINGA,15a RS MARINGA,MACRORREGIONAL NOROESTE,5,VSR,1
HOSPITAL DA CRIANCA DE MARINGA,MARINGA,15a RS MARINGA,MACRORREGIONAL NOROESTE,6,Rinovírus,1
HOSPITAL DA CRIANCA DE MARINGA,MARINGA,15a RS MARINGA,MACRORREGIONAL NOROESTE,8,Rinovírus,1
HOSPITAL DA CRIANCA DE MARINGA,SARANDI,15a RS MARINGA,MACRORREGIONAL NOROESTE,11,VSR,1
HOSPITAL DA CRIANCA DE MARINGA,MARINGA,15a RS MARINGA,MACRORREGIONAL NOROESTE,13,VSR,1
HOSPITAL DA CRIANCA DE MARINGA,MARINGA,15a RS MARINGA,MACRORREGIONAL NOROESTE,15,VSR,1
HOSPITAL DA CRIANCA DE MARINGA,MARINGA,15a RS MARINGA,MACRORREGIONAL NOROESTE,18,Rinovírus,1
HOSPITAL DA CRIANCA DE MARINGA,MARINGA,15a RS MARINGA,MACRORREGIONAL NOROESTE,18,VSR,1
HOSPITAL DA CRIANCA DE MARINGA,MARINGA,15a RS MARINGA,MACRORREGIONAL NOROESTE,19,Rinovírus,1
HOSPITAL DA CRIANCA DE MARINGA,MARINGA,15a RS MARINGA,MACRORREGIONAL NOROESTE,21,Rinovírus,1
HOSPITAL DA CRIANCA DE MARINGA,MARINGA,15a RS MARINGA,MACRORREGIONAL NOROESTE,21,VSR,1
HOSPITAL DA CRIANCA DE MARINGA,MARINGA,15a RS MARINGA,MACRORREGIONAL NOROESTE,22,VSR,1
HOSPITAL DA CRIANCA DE MARINGA,MARINGA,15a RS MARINGA,MACRORREGIONAL NOROESTE,23,Rinovírus,3
HOSPITAL DA CRIANCA DE MARINGA,MARINGA,15a RS MARINGA,MACRORREGIONAL NOROESTE,23,VSR,1
HOSPITAL DA CRIANCA DE MARINGA,MARINGA,15a RS MARINGA,MACRORREGIONAL NOROESTE,24,Rinovírus,2
HOSPITAL DA CRIANCA DE MARINGA,MARINGA,15a RS MARINGA,MACRORREGIONAL NOROESTE,26,Rinovírus,1
HOSPITAL DA CRIANCA DE MARINGA,MARINGA,15a RS MARINGA,MACRORREGIONAL NOROESTE,26,VSR,1
HOSPITAL DA CRIANCA DE MARINGA,MARINGA,15a RS MARINGA,MACRORREGIONAL NOROESTE,27,VSR,1
HOSPITAL DA CRIANCA DE MARINGA,MARINGA,15a RS MARINGA,MACRORREGIONAL NOROESTE,28,Influenza,1
HOSPITAL DA CRIANCA DE MARINGA,MARINGA,15a RS MARINGA,MACRORREGIONAL NOROESTE,28,VSR,1
HOSPITAL DA CRIANCA DE MARINGA,MARINGA,15a RS MARINGA,MACRORREGIONAL NOROESTE,29,Influenza,1
HOSPITAL DA CRIANCA DE MARINGA,MARINGA,15a RS MARINGA,MACRORREGIONAL NOROESTE,29,Rinovírus,1
HOSPITAL DA CRIANCA DE MARINGA,MARINGA,15a RS MARINGA,MACRORREGIONAL NOROESTE,30,Adenovírus,1
HOSPITAL DA CRIANCA DE MARINGA,MARINGA,15a RS MARINGA,MACRORREGIONAL NOROESTE,30,Metapneumovírus,1
HOSPITAL DA CRIANCA DE MARINGA,MARINGA,15a RS MARINGA,MACRORREGIONAL NOROESTE,30,Rinovírus,2
HOSPITAL DA CRIANCA DE MARINGA,MARINGA,15a RS MARINGA,MACRORREGIONAL NOROESTE,30,VSR,1
HOSPITAL DA CRIANCA DE MARINGA,MARINGA,15a RS MARINGA,MACRORREGIONAL NOROESTE,32,Covid-19,1
HOSPITAL DA CRIANCA DE MARINGA,MARINGA,15a RS MARINGA,MACRORREGIONAL NOROESTE,32,Metapneumovírus,1
HOSPITAL DA CRIANCA DE MARINGA,MARINGA,15a RS MARINGA,MACRORREGIONAL NOROESTE,32,Rinovírus,1
HOSPITAL DA CRIANCA DE MARINGA,MARINGA,15a RS MARINGA,MACRORREGIONAL NOROESTE,32,VSR,1
HOSPITAL E MATERNIDADE SANTA CLARA,SANTO INACIO,15a RS MARINGA,MACRORREGIONAL NOROESTE,2,VSR,1
HOSPITAL E MATERNIDADE SANTA CLARA,PARANACITY,15a RS MARINGA,MACRORREGIONAL NOROESTE,3,Rinovírus,1
HOSPITAL E MATERNIDADE SANTA CLARA,SANTO INACIO,15a RS MARINGA,MACRORREGIONAL NOROESTE,7,Rinovírus,1
HOSPITAL E MATERNIDADE SANTA CLARA,SANTO INACIO,15a RS MARINGA,MACRORREGIONAL NOROESTE,7,VSR,1
HOSPITAL E MATERNIDADE SANTA CLARA,COLORADO,15a RS MARINGA,MACRORREGIONAL NOROESTE,8,Rinovírus,1
HOSPITAL E MATERNIDADE SANTA CLARA,SANTO INACIO,15a RS MARINGA,MACRORREGIONAL NOROESTE,8,Rinovírus,1
HOSPITAL E MATERNIDADE SANTA CLARA,SANTO INACIO,15a RS MARINGA,MACRORREGIONAL NOROESTE,8,VSR,1
HOSPITAL E MATERNIDADE SANTA CLARA,COLORADO,15a RS MARINGA,MACRORREGIONAL NOROESTE,9,Covid-19,1
HOSPITAL E MATERNIDADE SANTA CLARA,COLORADO,15a RS MARINGA,MACRORREGIONAL NOROESTE,10,Rinovírus,1
HOSPITAL E MATERNIDADE SANTA CLARA,SANTO INACIO,15a RS MARINGA,MACRORREGIONAL NOROESTE,10,VSR,3
HOSPITAL E MATERNIDADE SANTA CLARA,COLORADO,15a RS MARINGA,MACRORREGIONAL NOROESTE,11,Influenza,1
HOSPITAL E MATERNIDADE SANTA CLARA,SARANDI,15a RS MARINGA,MACRORREGIONAL NOROESTE,11,Rinovírus,1
HOSPITAL E MATERNIDADE SANTA CLARA,COLORADO,15a RS MARINGA,MACRORREGIONAL NOROESTE,12,Metapneumovírus,1
HOSPITAL E MATERNIDADE SANTA CLARA,LOBATO,15a RS MARINGA,MACRORREGIONAL NOROESTE,13,Rinovírus,1
HOSPITAL E MATERNIDADE SANTA CLARA,COLORADO,15a RS MARINGA,MACRORREGIONAL NOROESTE,16,VSR,1
HOSPITAL E MATERNIDADE SANTA CLARA,COLORADO,15a RS MARINGA,MACRORREGIONAL NOROESTE,17,VSR,1
HOSPITAL E MATERNIDADE SANTA CLARA,COLORADO,15a RS MARINGA,MACRORREGIONAL NOROESTE,18,Adenovírus,2
HOSPITAL E MATERNIDADE SANTA CLARA,SANTA FE,15a RS MARINGA,MACRORREGIONAL NOROESTE,18,Metapneumovírus,1
HOSPITAL E MATERNIDADE SANTA CLARA,COLORADO,15a RS MARINGA,MACRORREGIONAL NOROESTE,18,VSR,3
HOSPITAL E MATERNIDADE SANTA CLARA,PARANACITY,15a RS MARINGA,MACRORREGIONAL NOROESTE,19,Rinovírus,1
HOSPITAL E MATERNIDADE SANTA CLARA,COLORADO,15a RS MARINGA,MACRORREGIONAL NOROESTE,19,VSR,1
HOSPITAL E MATERNIDADE SANTA CLARA,ITAGUAJE,15a RS MARINGA,MACRORREGIONAL NOROESTE,19,VSR,2
HOSPITAL E MATERNIDADE SANTA CLARA,NOSSA SENHORA DAS GRACAS,15a RS MARINGA,MACRORREGIONAL NOROESTE,19,VSR,1
HOSPITAL E MATERNIDADE SANTA CLARA,SANTA INES,15a RS MARINGA,MACRORREGIONAL NOROESTE,19,VSR,1
HOSPITAL E MATERNIDADE SANTA CLARA,PARANACITY,15a RS MARINGA,MACRORREGIONAL NOROESTE,20,Rinovírus,1
HOSPITAL E MATERNIDADE SANTA CLARA,COLORADO,15a RS MARINGA,MACRORREGIONAL NOROESTE,22,VSR,1
HOSPITAL E MATERNIDADE SANTA CLARA,ATALAIA,15a RS MARINGA,MACRORREGIONAL NOROESTE,23,VSR,3
HOSPITAL E MATERNIDADE SANTA CLARA,ITAGUAJE,15a RS MARINGA,MACRORREGIONAL NOROESTE,23,VSR,2
HOSPITAL E MATERNIDADE SANTA CLARA,NOSSA SENHORA DAS GRACAS,15a RS MARINGA,MACRORREGIONAL NOROESTE,23,VSR,1
HOSPITAL E MATERNIDADE SANTA CLARA,ATALAIA,15a RS MARINGA,MACRORREGIONAL NOROESTE,24,VSR,2
HOSPITAL E MATERNIDADE SANTA CLARA,COLORADO,15a RS MARINGA,MACRORREGIONAL NOROESTE,24,VSR,2
HOSPITAL E MATERNIDADE SANTA CLARA,PARANACITY,15a RS MARINGA,MACRORREGIONAL NOROESTE,24,VSR,1
HOSPITAL E MATERNIDADE SANTA CLARA,COLORADO,15a RS MARINGA,MACRORREGIONAL NOROESTE,25,Influenza,1
HOSPITAL E MATERNIDADE SANTA CLARA,COLORADO,15a RS MARINGA,MACRORREGIONAL NOROESTE,25,VSR,1
HOSPITAL E MATERNIDADE SANTA CLARA,NOSSA SENHORA DAS GRACAS,15a RS MARINGA,MACRORREGIONAL NOROESTE,25,VSR,1
HOSPITAL E MATERNIDADE SANTA CLARA,COLORADO,15a RS MARINGA,MACRORREGIONAL NOROESTE,26,Rinovírus,1
HOSPITAL E MATERNIDADE SANTA CLARA,COLORADO,15a RS MARINGA,MACRORREGIONAL NOROESTE,26,VSR,1
HOSPITAL E MATERNIDADE SANTA CLARA,PARANACITY,15a RS MARINGA,MACRORREGIONAL NOROESTE,27,Influenza,1
HOSPITAL E MATERNIDADE SANTA CLARA,COLORADO,15a RS MARINGA,MACRORREGIONAL NOROESTE,27,Rinovírus,1
HOSPITAL E MATERNIDADE SANTA CLARA,PARANACITY,15a RS MARINGA,MACRORREGIONAL NOROESTE,28,VSR,1
HOSPITAL E MATERNIDADE SANTA CLARA,COLORADO,15a RS MARINGA,MACRORREGIONAL NOROESTE,29,Metapneumovírus,1
HOSPITAL E MATERNIDADE SANTA CLARA,COLORADO,15a RS MARINGA,MACRORREGIONAL NOROESTE,29,Rinovírus,1
HOSPITAL E MATERNIDADE SANTA CLARA,ITAGUAJE,15a RS MARINGA,MACRORREGIONAL NOROESTE,30,Metapneumovírus,1
HOSPITAL E MATERNIDADE SANTA CLARA,COLORADO,15a RS MARINGA,MACRORREGIONAL NOROESTE,30,VSR,1
HOSPITAL E MATERNIDADE SANTA CLARA,COLORADO,15a RS MARINGA,MACRORREGIONAL NOROESTE,32,Influenza,1
HOSPITAL E MATERNIDADE SANTA CLARA,COLORADO,15a RS MARINGA,MACRORREGIONAL NOROESTE,32,Rinovírus,1
HOSPITAL E MATERNIDADE SANTA CLARA,ITAGUAJE,15a RS MARINGA,MACRORREGIONAL NOROESTE,33,Metapneumovírus,2
HOSPITAL E MATERNIDADE SANTA CLARA,SANTA INES,15a RS MARINGA,MACRORREGIONAL NOROESTE,34,Metapneumovírus,1
HOSPITAL E MATERNIDADE SAO MARCOS,MARINGA,15a RS MARINGA,MACRORREGIONAL NOROESTE,11,Covid-19,1
HOSPITAL GERAL UNIMED HGU,MARINGA,15a RS MARINGA,MACRORREGIONAL NOROESTE,8,Rinovírus,1
HOSPITAL INFANTIL PEQUENO PRINCIPE,MARINGA,15a RS MARINGA,MACRORREGIONAL NOROESTE,26,Rinovírus,1
HOSPITAL INFANTIL PEQUENO PRINCIPE,MARINGA,15a RS MARINGA,MACRORREGIONAL NOROESTE,33,Rinovírus,1
HOSPITAL MEMORIAL UNINGA,MARINGA,15a RS MARINGA,MACRORREGIONAL NOROESTE,28,VSR,1
HOSPITAL MUNICIPAL DE MARINGA THELMA VILLANOVA KASPROWICZ,MARINGA,15a RS MARINGA,MACRORREGIONAL NOROESTE,7,Covid-19,2
HOSPITAL MUNICIPAL DE MARINGA THELMA VILLANOVA KASPROWICZ,MARINGA,15a RS MARINGA,MACRORREGIONAL NOROESTE,17,Influenza,2
HOSPITAL MUNICIPAL DE MARINGA THELMA VILLANOVA KASPROWICZ,MARINGA,15a RS MARINGA,MACRORREGIONAL NOROESTE,17,VSR,1
HOSPITAL MUNICIPAL DE MARINGA THELMA VILLANOVA KASPROWICZ,MARINGA,15a RS MARINGA,MACRORREGIONAL NOROESTE,18,Influenza,1
HOSPITAL MUNICIPAL DE MARINGA THELMA VILLANOVA KASPROWICZ,MARINGA,15a RS MARINGA,MACRORREGIONAL NOROESTE,19,Covid-19,1
HOSPITAL MUNICIPAL DE MARINGA THELMA VILLANOVA KASPROWICZ,MARINGA,15a RS MARINGA,MACRORREGIONAL NOROESTE,22,Rinovírus,1
HOSPITAL MUNICIPAL DE MARINGA THELMA VILLANOVA KASPROWICZ,MARINGA,15a RS MARINGA,MACRORREGIONAL NOROESTE,23,Influenza,1
HOSPITAL MUNICIPAL DE MARINGA THELMA VILLANOVA KASPROWICZ,MARINGA,15a RS MARINGA,MACRORREGIONAL NOROESTE,23,Rinovírus,1
HOSPITAL MUNICIPAL DE MARINGA THELMA VILLANOVA KASPROWICZ,MARINGA,15a RS MARINGA,MACRORREGIONAL NOROESTE,23,VSR,1
HOSPITAL MUNICIPAL DE MARINGA THELMA VILLANOVA KASPROWICZ,MARINGA,15a RS MARINGA,MACRORREGIONAL NOROESTE,24,Influenza,3
HOSPITAL MUNICIPAL DE MARINGA THELMA VILLANOVA KASPROWICZ,MARINGA,15a RS MARINGA,MACRORREGIONAL NOROESTE,24,Rinovírus,2
HOSPITAL MUNICIPAL DE MARINGA THELMA VILLANOVA KASPROWICZ,MARINGA,15a RS MARINGA,MACRORREGIONAL NOROESTE,25,Rinovírus,1
HOSPITAL MUNICIPAL DE MARINGA THELMA VILLANOVA KASPROWICZ,MARINGA,15a RS MARINGA,MACRORREGIONAL NOROESTE,25,VSR,2
HOSPITAL MUNICIPAL DE MARINGA THELMA VILLANOVA KASPROWICZ,MARINGA,15a RS MARINGA,MACRORREGIONAL NOROESTE,26,Influenza,1
HOSPITAL MUNICIPAL DE MARINGA THELMA VILLANOVA KASPROWICZ,MARINGA,15a RS MARINGA,MACRORREGIONAL NOROESTE,27,Rinovírus,1
HOSPITAL MUNICIPAL DE MARINGA THELMA VILLANOVA KASPROWICZ,MARINGA,15a RS MARINGA,MACRORREGIONAL NOROESTE,28,Metapneumovírus,1
HOSPITAL MUNICIPAL DE MARINGA THELMA VILLANOVA KASPROWICZ,MARINGA,15a RS MARINGA,MACRORREGIONAL NOROESTE,28,Rinovírus,1
HOSPITAL MUNICIPAL DE MARINGA THELMA VILLANOVA KASPROWICZ,MARINGA,15a RS MARINGA,MACRORREGIONAL NOROESTE,29,Influenza,1
HOSPITAL MUNICIPAL DE MARINGA THELMA VILLANOVA KASPROWICZ,MARINGA,15a RS MARINGA,MACRORREGIONAL NOROESTE,29,VSR,3
HOSPITAL MUNICIPAL DE MARINGA THELMA VILLANOVA KASPROWICZ,MARINGA,15a RS MARINGA,MACRORREGIONAL NOROESTE,30,Rinovírus,1
HOSPITAL MUNICIPAL DE MARINGA THELMA VILLANOVA KASPROWICZ,MARINGA,15a RS MARINGA,MACRORREGIONAL NOROESTE,31,Rinovírus,1
HOSPITAL MUNICIPAL DE MARINGA THELMA VILLANOVA KASPROWICZ,MARINGA,15a RS MARINGA,MACRORREGIONAL NOROESTE,31,VSR,3
HOSPITAL MUNICIPAL DE MARINGA THELMA VILLANOVA KASPROWICZ,MARINGA,15a RS MARINGA,MACRORREGIONAL NOROESTE,32,Influenza,1
HOSPITAL MUNICIPAL DE MARINGA THELMA VILLANOVA KASPROWICZ,MARINGA,15a RS MARINGA,MACRORREGIONAL NOROESTE,34,Rinovírus,1
HOSPITAL MUNICIPAL DE MARINGA THELMA VILLANOVA KASPROWICZ,MARINGA,15a RS MARINGA,MACRORREGIONAL NOROESTE,35,Rinovírus,1
HOSPITAL PARANA,MARINGA,15a RS MARINGA,MACRORREGIONAL NOROESTE,7,Rinovírus,1
HOSPITAL REGIONAL CRISTO REI,ASTORGA,15a RS MARINGA,MACRORREGIONAL NOROESTE,8,Rinovírus,1
HOSPITAL REGIONAL CRISTO REI,ASTORGA,15a RS MARINGA,MACRORREGIONAL NOROESTE,16,VSR,1
HOSPITAL REGIONAL CRISTO REI,ASTORGA,15a RS MARINGA,MACRORREGIONAL NOROESTE,20,Rinovírus,1
HOSPITAL REGIONAL CRISTO REI,ASTORGA,15a RS MARINGA,MACRORREGIONAL NOROESTE,20,VSR,1
HOSPITAL REGIONAL CRISTO REI,ASTORGA,15a RS MARINGA,MACRORREGIONAL NOROESTE,22,VSR,1
HOSPITAL REGIONAL CRISTO REI,ASTORGA,15a RS MARINGA,MACRORREGIONAL NOROESTE,33,Rinovírus,1
HOSPITAL SANTA RITA,MARINGA,15a RS MARINGA,MACRORREGIONAL NOROESTE,2,Rinovírus,1
HOSPITAL SANTA RITA,MARINGA,15a RS MARINGA,MACRORREGIONAL NOROESTE,28,Rinovírus,1
HOSPITAL UNIVERSITARIO REGIONAL DE MARINGA,PAICANDU,15a RS MARINGA,MACRORREGIONAL NOROESTE,7,VSR,1
HOSPITAL UNIVERSITARIO REGIONAL DE MARINGA,PAICANDU,15a RS MARINGA,MACRORREGIONAL NOROESTE,8,Influenza,1
HOSPITAL UNIVERSITARIO REGIONAL DE MARINGA,MARINGA,15a RS MARINGA,MACRORREGIONAL NOROESTE,8,Rinovírus,1
HOSPITAL UNIVERSITARIO REGIONAL DE MARINGA,PAICANDU,15a RS MARINGA,MACRORREGIONAL NOROESTE,8,Rinovírus,2
HOSPITAL UNIVERSITARIO REGIONAL DE MARINGA,SARANDI,15a RS MARINGA,MACRORREGIONAL NOROESTE,10,Rinovírus,1
HOSPITAL UNIVERSITARIO REGIONAL DE MARINGA,MARIALVA,15a RS MARINGA,MACRORREGIONAL NOROESTE,11,Rinovírus,1
HOSPITAL UNIVERSITARIO REGIONAL DE MARINGA,SANTO INACIO,15a RS MARINGA,MACRORREGIONAL NOROESTE,11,VSR,1
HOSPITAL UNIVERSITARIO REGIONAL DE MARINGA,MARINGA,15a RS MARINGA,MACRORREGIONAL NOROESTE,12,VSR,1
HOSPITAL UNIVERSITARIO REGIONAL DE MARINGA,MARINGA,15a RS MARINGA,MACRORREGIONAL NOROESTE,13,Covid-19,1
HOSPITAL UNIVERSITARIO REGIONAL DE MARINGA,MARIALVA,15a RS MARINGA,MACRORREGIONAL NOROESTE,13,Rinovírus,1
HOSPITAL UNIVERSITARIO REGIONAL DE MARINGA,MARINGA,15a RS MARINGA,MACRORREGIONAL NOROESTE,13,VSR,1
HOSPITAL UNIVERSITARIO REGIONAL DE MARINGA,MARINGA,15a RS MARINGA,MACRORREGIONAL NOROESTE,15,Rinovírus,2
HOSPITAL UNIVERSITARIO REGIONAL DE MARINGA,MARINGA,15a RS MARINGA,MACRORREGIONAL NOROESTE,15,VSR,1
HOSPITAL UNIVERSITARIO REGIONAL DE MARINGA,MARINGA,15a RS MARINGA,MACRORREGIONAL NOROESTE,16,Rinovírus,1
HOSPITAL UNIVERSITARIO REGIONAL DE MARINGA,MARINGA,15a RS MARINGA,MACRORREGIONAL NOROESTE,18,Rinovírus,1
HOSPITAL UNIVERSITARIO REGIONAL DE MARINGA,SARANDI,15a RS MARINGA,MACRORREGIONAL NOROESTE,18,Rinovírus,1
HOSPITAL UNIVERSITARIO REGIONAL DE MARINGA,MARINGA,15a RS MARINGA,MACRORREGIONAL NOROESTE,19,VSR,1
HOSPITAL UNIVERSITARIO REGIONAL DE MARINGA,PAICANDU,15a RS MARINGA,MACRORREGIONAL NOROESTE,20,VSR,1
HOSPITAL UNIVERSITARIO REGIONAL DE MARINGA,MARINGA,15a RS MARINGA,MACRORREGIONAL NOROESTE,21,Covid-19,1
HOSPITAL UNIVERSITARIO REGIONAL DE MARINGA,MARIALVA,15a RS MARINGA,MACRORREGIONAL NOROESTE,21,Influenza,1
HOSPITAL UNIVERSITARIO REGIONAL DE MARINGA,PAICANDU,15a RS MARINGA,MACRORREGIONAL NOROESTE,21,Rinovírus,1
HOSPITAL UNIVERSITARIO REGIONAL DE MARINGA,SARANDI,15a RS MARINGA,MACRORREGIONAL NOROESTE,21,VSR,1
HOSPITAL UNIVERSITARIO REGIONAL DE MARINGA,MARINGA,15a RS MARINGA,MACRORREGIONAL NOROESTE,24,Rinovírus,1
HOSPITAL UNIVERSITARIO REGIONAL DE MARINGA,NOVA ESPERANCA,15a RS MARINGA,MACRORREGIONAL NOROESTE,25,Influenza,1
HOSPITAL UNIVERSITARIO REGIONAL DE MARINGA,FLORESTA,15a RS MARINGA,MACRORREGIONAL NOROESTE,26,Influenza,1
HOSPITAL UNIVERSITARIO REGIONAL DE MARINGA,SANTA FE,15a RS MARINGA,MACRORREGIONAL NOROESTE,27,VSR,1
HOSPITAL UNIVERSITARIO REGIONAL DE MARINGA,MARIALVA,15a RS MARINGA,MACRORREGIONAL NOROESTE,28,VSR,1
HOSPITAL UNIVERSITARIO REGIONAL DE MARINGA,MARINGA,15a RS MARINGA,MACRORREGIONAL NOROESTE,29,VSR,1
HOSPITAL UNIVERSITARIO REGIONAL DE MARINGA,PARANACITY,15a RS MARINGA,MACRORREGIONAL NOROESTE,30,Rinovírus,1
HOSPITAL UNIVERSITARIO REGIONAL DE MARINGA,MARINGA,15a RS MARINGA,MACRORREGIONAL NOROESTE,34,VSR,1
INSTITUTO BOM JESUS,MARIALVA,15a RS MARINGA,MACRORREGIONAL NOROESTE,6,Influenza,1
METROPOLITANA DE SARANDI,MARINGA,15a RS MARINGA,MACRORREGIONAL NOROESTE,2,Covid-19,1
METROPOLITANA DE SARANDI,MARINGA,15a RS MARINGA,MACRORREGIONAL NOROESTE,2,Influenza,1
METROPOLITANA DE SARANDI,SARANDI,15a RS MARINGA,MACRORREGIONAL NOROESTE,2,VSR,1
METROPOLITANA DE SARANDI,MARINGA,15a RS MARINGA,MACRORREGIONAL NOROESTE,3,Metapneumovírus,1
METROPOLITANA DE SARANDI,SARANDI,15a RS MARINGA,MACRORREGIONAL NOROESTE,3,Rinovírus,1
METROPOLITANA DE SARANDI,SARANDI,15a RS MARINGA,MACRORREGIONAL NOROESTE,5,Influenza,1
METROPOLITANA DE SARANDI,MARINGA,15a RS MARINGA,MACRORREGIONAL NOROESTE,6,Covid-19,1
METROPOLITANA DE SARANDI,PAICANDU,15a RS MARINGA,MACRORREGIONAL NOROESTE,8,Rinovírus,1
METROPOLITANA DE SARANDI,SARANDI,15a RS MARINGA,MACRORREGIONAL NOROESTE,8,Rinovírus,1
METROPOLITANA DE SARANDI,MARINGA,15a RS MARINGA,MACRORREGIONAL NOROESTE,10,Rinovírus,1
METROPOLITANA DE SARANDI,MARINGA,15a RS MARINGA,MACRORREGIONAL NOROESTE,11,Covid-19,2
METROPOLITANA DE SARANDI,ITAMBE,15a RS MARINGA,MACRORREGIONAL NOROESTE,12,Rinovírus,1
METROPOLITANA DE SARANDI,SARANDI,15a RS MARINGA,MACRORREGIONAL NOROESTE,12,Rinovírus,1
METROPOLITANA DE SARANDI,MARIALVA,15a RS MARINGA,MACRORREGIONAL NOROESTE,13,Rinovírus,1
METROPOLITANA DE SARANDI,SARANDI,15a RS MARINGA,MACRORREGIONAL NOROESTE,13,Rinovírus,1
METROPOLITANA DE SARANDI,ITAMBE,15a RS MARINGA,MACRORREGIONAL NOROESTE,14,Rinovírus,1
METROPOLITANA DE SARANDI,MARINGA,15a RS MARINGA,MACRORREGIONAL NOROESTE,14,Rinovírus,1
METROPOLITANA DE SARANDI,MARIALVA,15a RS MARINGA,MACRORREGIONAL NOROESTE,14,VSR,1
METROPOLITANA DE SARANDI,MARIALVA,15a RS MARINGA,MACRORREGIONAL NOROESTE,15,Influenza,1
METROPOLITANA DE SARANDI,MARIALVA,15a RS MARINGA,MACRORREGIONAL NOROESTE,15,Rinovírus,1
METROPOLITANA DE SARANDI,MARIALVA,15a RS MARINGA,MACRORREGIONAL NOROESTE,16,VSR,1
METROPOLITANA DE SARANDI,MARINGA,15a RS MARINGA,MACRORREGIONAL NOROESTE,17,Rinovírus,1
METROPOLITANA DE SARANDI,MARINGA,15a RS MARINGA,MACRORREGIONAL NOROESTE,17,VSR,2
METROPOLITANA DE SARANDI,MARINGA,15a RS MARINGA,MACRORREGIONAL NOROESTE,18,Influenza,1
METROPOLITANA DE SARANDI,MARINGA,15a RS MARINGA,MACRORREGIONAL NOROESTE,18,Rinovírus,1
METROPOLITANA DE SARANDI,PAICANDU,15a RS MARINGA,MACRORREGIONAL NOROESTE,19,Influenza,1
METROPOLITANA DE SARANDI,SARANDI,15a RS MARINGA,MACRORREGIONAL NOROESTE,19,Influenza,1
METROPOLITANA DE SARANDI,MARINGA,15a RS MARINGA,MACRORREGIONAL NOROESTE,20,Rinovírus,1
METROPOLITANA DE SARANDI,MARINGA,15a RS MARINGA,MACRORREGIONAL NOROESTE,20,VSR,1
METROPOLITANA DE SARANDI,SARANDI,15a RS MARINGA,MACRORREGIONAL NOROESTE,20,VSR,1
METROPOLITANA DE SARANDI,SARANDI,15a RS MARINGA,MACRORREGIONAL NOROESTE,21,Influenza,1
METROPOLITANA DE SARANDI,MARINGA,15a RS MARINGA,MACRORREGIONAL NOROESTE,21,Rinovírus,2
METROPOLITANA DE SARANDI,MARINGA,15a RS MARINGA,MACRORREGIONAL NOROESTE,21,VSR,1
METROPOLITANA DE SARANDI,MARINGA,15a RS MARINGA,MACRORREGIONAL NOROESTE,23,Influenza,2
METROPOLITANA DE SARANDI,SARANDI,15a RS MARINGA,MACRORREGIONAL NOROESTE,23,Influenza,1
METROPOLITANA DE SARANDI,MARINGA,15a RS MARINGA,MACRORREGIONAL NOROESTE,23,VSR,1
METROPOLITANA DE SARANDI,MARINGA,15a RS MARINGA,MACRORREGIONAL NOROESTE,24,Influenza,1
METROPOLITANA DE SARANDI,SARANDI,15a RS MARINGA,MACRORREGIONAL NOROESTE,24,Influenza,1
METROPOLITANA DE SARANDI,MARINGA,15a RS MARINGA,MACRORREGIONAL NOROESTE,24,VSR,2
METROPOLITANA DE SARANDI,SARANDI,15a RS MARINGA,MACRORREGIONAL NOROESTE,24,VSR,1
METROPOLITANA DE SARANDI,MARIALVA,15a RS MARINGA,MACRORREGIONAL NOROESTE,25,Metapneumovírus,1
METROPOLITANA DE SARANDI,MARINGA,15a RS MARINGA,MACRORREGIONAL NOROESTE,25,Rinovírus,1
METROPOLITANA DE SARANDI,SARANDI,15a RS MARINGA,MACRORREGIONAL NOROESTE,25,Rinovírus,1
METROPOLITANA DE SARANDI,MARINGA,15a RS MARINGA,MACRORREGIONAL NOROESTE,25,VSR,1
METROPOLITANA DE SARANDI,MARINGA,15a RS MARINGA,MACRORREGIONAL NOROESTE,26,Influenza,2
METROPOLITANA DE SARANDI,MARINGA,15a RS MARINGA,MACRORREGIONAL NOROESTE,26,Metapneumovírus,1
METROPOLITANA DE SARANDI,MARIALVA,15a RS MARINGA,MACRORREGIONAL NOROESTE,26,Rinovírus,1
METROPOLITANA DE SARANDI,MARINGA,15a RS MARINGA,MACRORREGIONAL NOROESTE,26,Rinovírus,2
METROPOLITANA DE SARANDI,MARINGA,15a RS MARINGA,MACRORREGIONAL NOROESTE,27,Influenza,2
METROPOLITANA DE SARANDI,MARINGA,15a RS MARINGA,MACRORREGIONAL NOROESTE,27,Rinovírus,1
METROPOLITANA DE SARANDI,MARINGA,15a RS MARINGA,MACRORREGIONAL NOROESTE,27,VSR,1
METROPOLITANA DE SARANDI,MARINGA,15a RS MARINGA,MACRORREGIONAL NOROESTE,28,Rinovírus,1
METROPOLITANA DE SARANDI,FLORAI,15a RS MARINGA,MACRORREGIONAL NOROESTE,28,VSR,1
METROPOLITANA DE SARANDI,MARIALVA,15a RS MARINGA,MACRORREGIONAL NOROESTE,29,Influenza,1
METROPOLITANA DE SARANDI,MARINGA,15a RS MARINGA,MACRORREGIONAL NOROESTE,29,Rinovírus,1
METROPOLITANA DE SARANDI,MARINGA,15a RS MARINGA,MACRORREGIONAL NOROESTE,29,VSR,1
METROPOLITANA DE SARANDI,SARANDI,15a RS MARINGA,MACRORREGIONAL NOROESTE,29,VSR,1
METROPOLITANA DE SARANDI,MARINGA,15a RS MARINGA,MACRORREGIONAL NOROESTE,30,Adenovírus,1
METROPOLITANA DE SARANDI,MANDAGUACU,15a RS MARINGA,MACRORREGIONAL NOROESTE,30,Influenza,1
METROPOLITANA DE SARANDI,MARIALVA,15a RS MARINGA,MACRORREGIONAL NOROESTE,30,Influenza,1
METROPOLITANA DE SARANDI,MARINGA,15a RS MARINGA,MACRORREGIONAL NOROESTE,30,Rinovírus,1
METROPOLITANA DE SARANDI,MANDAGUACU,15a RS MARINGA,MACRORREGIONAL NOROESTE,31,Influenza,1
METROPOLITANA DE SARANDI,MARINGA,15a RS MARINGA,MACRORREGIONAL NOROESTE,31,Influenza,1
METROPOLITANA DE SARANDI,SARANDI,15a RS MARINGA,MACRORREGIONAL NOROESTE,31,Influenza,2
METROPOLITANA DE SARANDI,MARINGA,15a RS MARINGA,MACRORREGIONAL NOROESTE,31,Rinovírus,1
METROPOLITANA DE SARANDI,MARINGA,15a RS MARINGA,MACRORREGIONAL NOROESTE,31,VSR,1
METROPOLITANA DE SARANDI,SARANDI,15a RS MARINGA,MACRORREGIONAL NOROESTE,33,Rinovírus,1
METROPOLITANA DE SARANDI,MARIALVA,15a RS MARINGA,MACRORREGIONAL NOROESTE,34,VSR,1
PRONTO ATENDIMENTO DA CRIANCA PAC,MARINGA,15a RS MARINGA,MACRORREGIONAL NOROESTE,10,Rinovírus,1
PRONTO ATENDIMENTO DA CRIANCA PAC,MARINGA,15a RS MARINGA,MACRORREGIONAL NOROESTE,11,Rinovírus,1
PRONTO ATENDIMENTO DA CRIANCA PAC,MANDAGUACU,15a RS MARINGA,MACRORREGIONAL NOROESTE,12,Rinovírus,1
PRONTO ATENDIMENTO DA CRIANCA PAC,MARINGA,15a RS MARINGA,MACRORREGIONAL NOROESTE,13,Rinovírus,1
PRONTO ATENDIMENTO DA CRIANCA PAC,MANDAGUACU,15a RS MARINGA,MACRORREGIONAL NOROESTE,16,Adenovírus,1
PRONTO ATENDIMENTO DA CRIANCA PAC,MANDAGUACU,15a RS MARINGA,MACRORREGIONAL NOROESTE,16,Rinovírus,1
PRONTO ATENDIMENTO DA CRIANCA PAC,MARINGA,15a RS MARINGA,MACRORREGIONAL NOROESTE,16,Rinovírus,1
PRONTO ATENDIMENTO DA CRIANCA PAC,MARINGA,15a RS MARINGA,MACRORREGIONAL NOROESTE,16,VSR,3
PRONTO ATENDIMENTO DA CRIANCA PAC,MARINGA,15a RS MARINGA,MACRORREGIONAL NOROESTE,17,Rinovírus,1
PRONTO ATENDIMENTO DA CRIANCA PAC,MARINGA,15a RS MARINGA,MACRORREGIONAL NOROESTE,17,VSR,1
PRONTO ATENDIMENTO DA CRIANCA PAC,MARINGA,15a RS MARINGA,MACRORREGIONAL NOROESTE,18,Rinovírus,1
PRONTO ATENDIMENTO DA CRIANCA PAC,MARINGA,15a RS MARINGA,MACRORREGIONAL NOROESTE,18,VSR,1
PRONTO ATENDIMENTO DA CRIANCA PAC,MARINGA,15a RS MARINGA,MACRORREGIONAL NOROESTE,19,Rinovírus,1
PRONTO ATENDIMENTO DA CRIANCA PAC,MARINGA,15a RS MARINGA,MACRORREGIONAL NOROESTE,19,VSR,6
PRONTO ATENDIMENTO DA CRIANCA PAC,MARINGA,15a RS MARINGA,MACRORREGIONAL NOROESTE,20,Rinovírus,2
PRONTO ATENDIMENTO DA CRIANCA PAC,MARINGA,15a RS MARINGA,MACRORREGIONAL NOROESTE,20,VSR,1
PRONTO ATENDIMENTO DA CRIANCA PAC,MARINGA,15a RS MARINGA,MACRORREGIONAL NOROESTE,21,Influenza,1
PRONTO ATENDIMENTO DA CRIANCA PAC,MARINGA,15a RS MARINGA,MACRORREGIONAL NOROESTE,21,Metapneumovírus,1
PRONTO ATENDIMENTO DA CRIANCA PAC,MARINGA,15a RS MARINGA,MACRORREGIONAL NOROESTE,21,Rinovírus,1
PRONTO ATENDIMENTO DA CRIANCA PAC,MARINGA,15a RS MARINGA,MACRORREGIONAL NOROESTE,21,VSR,2
PRONTO ATENDIMENTO DA CRIANCA PAC,MARINGA,15a RS MARINGA,MACRORREGIONAL NOROESTE,26,Rinovírus,3
PRONTO ATENDIMENTO DA CRIANCA PAC,MARINGA,15a RS MARINGA,MACRORREGIONAL NOROESTE,27,Rinovírus,1
PRONTO ATENDIMENTO DA CRIANCA PAC,MANDAGUARI,15a RS MARINGA,MACRORREGIONAL NOROESTE,28,Adenovírus,1
PRONTO ATENDIMENTO DA CRIANCA PAC,MARINGA,15a RS MARINGA,MACRORREGIONAL NOROESTE,28,Adenovírus,2
PRONTO ATENDIMENTO DA CRIANCA PAC,MARINGA,15a RS MARINGA,MACRORREGIONAL NOROESTE,28,Influenza,1
PRONTO ATENDIMENTO DA CRIANCA PAC,MARINGA,15a RS MARINGA,MACRORREGIONAL NOROESTE,28,Metapneumovírus,1
PRONTO ATENDIMENTO DA CRIANCA PAC,MARINGA,15a RS MARINGA,MACRORREGIONAL NOROESTE,28,Rinovírus,6
PRONTO ATENDIMENTO DA CRIANCA PAC,MARINGA,15a RS MARINGA,MACRORREGIONAL NOROESTE,28,VSR,3
PRONTO ATENDIMENTO DA CRIANCA PAC,MARINGA,15a RS MARINGA,MACRORREGIONAL NOROESTE,29,Influenza,2
PRONTO ATENDIMENTO DA CRIANCA PAC,MARINGA,15a RS MARINGA,MACRORREGIONAL NOROESTE,29,Metapneumovírus,1
PRONTO ATENDIMENTO DA CRIANCA PAC,MARINGA,15a RS MARINGA,MACRORREGIONAL NOROESTE,29,Rinovírus,2
PRONTO ATENDIMENTO DA CRIANCA PAC,MARINGA,15a RS MARINGA,MACRORREGIONAL NOROESTE,29,VSR,4
PRONTO ATENDIMENTO DA CRIANCA PAC,MARINGA,15a RS MARINGA,MACRORREGIONAL NOROESTE,30,Adenovírus,1
PRONTO ATENDIMENTO DA CRIANCA PAC,MARINGA,15a RS MARINGA,MACRORREGIONAL NOROESTE,30,Influenza,1
PRONTO ATENDIMENTO DA CRIANCA PAC,MARINGA,15a RS MARINGA,MACRORREGIONAL NOROESTE,30,Rinovírus,1
PRONTO ATENDIMENTO DA CRIANCA PAC,MARINGA,15a RS MARINGA,MACRORREGIONAL NOROESTE,30,VSR,1
PRONTO ATENDIMENTO DA CRIANCA PAC,MARINGA,15a RS MARINGA,MACRORREGIONAL NOROESTE,31,Rinovírus,1
PRONTO ATENDIMENTO DA CRIANCA PAC,MARINGA,15a RS MARINGA,MACRORREGIONAL NOROESTE,31,VSR,1
PRONTO ATENDIMENTO DA CRIANCA PAC,MARINGA,15a RS MARINGA,MACRORREGIONAL NOROESTE,32,Rinovírus,1
PRONTO ATENDIMENTO DA CRIANCA PAC,MARINGA,15a RS MARINGA,MACRORREGIONAL NOROESTE,32,VSR,2
PRONTO ATENDIMENTO DA CRIANCA PAC,MARINGA,15a RS MARINGA,MACRORREGIONAL NOROESTE,33,Rinovírus,4
PRONTO ATENDIMENTO DA CRIANCA PAC,MARINGA,15a RS MARINGA,MACRORREGIONAL NOROESTE,34,Adenovírus,2
PRONTO ATENDIMENTO DA CRIANCA PAC,MARINGA,15a RS MARINGA,MACRORREGIONAL NOROESTE,34,Metapneumovírus,3
PRONTO ATENDIMENTO DA CRIANCA PAC,MARINGA,15a RS MARINGA,MACRORREGIONAL NOROESTE,34,Rinovírus,2
PRONTO ATENDIMENTO DA CRIANCA PAC,MARINGA,15a RS MARINGA,MACRORREGIONAL NOROESTE,35,Metapneumovírus,1
PRONTO ATENDIMENTO DA CRIANCA PAC,MARINGA,15a RS MARINGA,MACRORREGIONAL NOROESTE,35,Rinovírus,1
PRONTO ATENDIMENTO DA CRIANCA PAC,MARINGA,15a RS MARINGA,MACRORREGIONAL NOROESTE,35,VSR,1
SANTA CASA DE MARINGA HOSPITAL E MAT M AUXILIADORA,MARIALVA,15a RS MARINGA,MACRORREGIONAL NOROESTE,9,Metapneumovírus,1
SANTA CASA DE MARINGA HOSPITAL E MAT M AUXILIADORA,MARINGA,15a RS MARINGA,MACRORREGIONAL NOROESTE,9,Rinovírus,1
SANTA CASA DE MARINGA HOSPITAL E MAT M AUXILIADORA,MUNHOZ DE MELO,15a RS MARINGA,MACRORREGIONAL NOROESTE,10,Metapneumovírus,1
SANTA CASA DE MARINGA HOSPITAL E MAT M AUXILIADORA,ITAMBE,15a RS MARINGA,MACRORREGIONAL NOROESTE,15,Influenza,1
SANTA CASA DE MARINGA HOSPITAL E MAT M AUXILIADORA,MARIALVA,15a RS MARINGA,MACRORREGIONAL NOROESTE,15,VSR,1
SANTA CASA DE MARINGA HOSPITAL E MAT M AUXILIADORA,MARINGA,15a RS MARINGA,MACRORREGIONAL NOROESTE,15,VSR,1
SANTA CASA DE MARINGA HOSPITAL E MAT M AUXILIADORA,MARINGA,15a RS MARINGA,MACRORREGIONAL NOROESTE,16,Covid-19,1
SANTA CASA DE MARINGA HOSPITAL E MAT M AUXILIADORA,MARINGA,15a RS MARINGA,MACRORREGIONAL NOROESTE,16,Influenza,1
SANTA CASA DE MARINGA HOSPITAL E MAT M AUXILIADORA,SARANDI,15a RS MARINGA,MACRORREGIONAL NOROESTE,16,Influenza,1
SANTA CASA DE MARINGA HOSPITAL E MAT M AUXILIADORA,SARANDI,15a RS MARINGA,MACRORREGIONAL NOROESTE,16,Rinovírus,1
SANTA CASA DE MARINGA HOSPITAL E MAT M AUXILIADORA,NOVA ESPERANCA,15a RS MARINGA,MACRORREGIONAL NOROESTE,18,Rinovírus,1
SANTA CASA DE MARINGA HOSPITAL E MAT M AUXILIADORA,MARINGA,15a RS MARINGA,MACRORREGIONAL NOROESTE,19,Adenovírus,1
SANTA CASA DE MARINGA HOSPITAL E MAT M AUXILIADORA,MARIALVA,15a RS MARINGA,MACRORREGIONAL NOROESTE,19,VSR,2
SANTA CASA DE MARINGA HOSPITAL E MAT M AUXILIADORA,MARINGA,15a RS MARINGA,MACRORREGIONAL NOROESTE,19,VSR,4
SANTA CASA DE MARINGA HOSPITAL E MAT M AUXILIADORA,ASTORGA,15a RS MARINGA,MACRORREGIONAL NOROESTE,20,VSR,1
SANTA CASA DE MARINGA HOSPITAL E MAT M AUXILIADORA,MARINGA,15a RS MARINGA,MACRORREGIONAL NOROESTE,20,VSR,1
SANTA CASA DE MARINGA HOSPITAL E MAT M AUXILIADORA,MANDAGUARI,15a RS MARINGA,MACRORREGIONAL NOROESTE,21,Influenza,1
SANTA CASA DE MARINGA HOSPITAL E MAT M AUXILIADORA,MARINGA,15a RS MARINGA,MACRORREGIONAL NOROESTE,21,VSR,2
SANTA CASA DE MARINGA HOSPITAL E MAT M AUXILIADORA,SARANDI,15a RS MARINGA,MACRORREGIONAL NOROESTE,22,Adenovírus,1
SANTA CASA DE MARINGA HOSPITAL E MAT M AUXILIADORA,MARINGA,15a RS MARINGA,MACRORREGIONAL NOROESTE,22,Influenza,1
SANTA CASA DE MARINGA HOSPITAL E MAT M AUXILIADORA,MARINGA,15a RS MARINGA,MACRORREGIONAL NOROESTE,22,VSR,1
SANTA CASA DE MARINGA HOSPITAL E MAT M AUXILIADORA,NOVA ESPERANCA,15a RS MARINGA,MACRORREGIONAL NOROESTE,22,VSR,1
SANTA CASA DE MARINGA HOSPITAL E MAT M AUXILIADORA,MARINGA,15a RS MARINGA,MACRORREGIONAL NOROESTE,23,Rinovírus,1
SANTA CASA DE MARINGA HOSPITAL E MAT M AUXILIADORA,ASTORGA,15a RS MARINGA,MACRORREGIONAL NOROESTE,24,Metapneumovírus,1
SANTA CASA DE MARINGA HOSPITAL E MAT M AUXILIADORA,MARINGA,15a RS MARINGA,MACRORREGIONAL NOROESTE,24,VSR,1
SANTA CASA DE MARINGA HOSPITAL E MAT M AUXILIADORA,MARINGA,15a RS MARINGA,MACRORREGIONAL NOROESTE,25,Rinovírus,1
SANTA CASA DE MARINGA HOSPITAL E MAT M AUXILIADORA,SARANDI,15a RS MARINGA,MACRORREGIONAL NOROESTE,26,Rinovírus,2
SANTA CASA DE MARINGA HOSPITAL E MAT M AUXILIADORA,SARANDI,15a RS MARINGA,MACRORREGIONAL NOROESTE,26,VSR,1
SANTA CASA DE MARINGA HOSPITAL E MAT M AUXILIADORA,FLORESTA,15a RS MARINGA,MACRORREGIONAL NOROESTE,27,Influenza,1
SANTA CASA DE MARINGA HOSPITAL E MAT M AUXILIADORA,MARIALVA,15a RS MARINGA,MACRORREGIONAL NOROESTE,27,Rinovírus,1
SANTA CASA DE MARINGA HOSPITAL E MAT M AUXILIADORA,SARANDI,15a RS MARINGA,MACRORREGIONAL NOROESTE,27,Rinovírus,1
SANTA CASA DE MARINGA HOSPITAL E MAT M AUXILIADORA,MARINGA,15a RS MARINGA,MACRORREGIONAL NOROESTE,27,VSR,2
SANTA CASA DE MARINGA HOSPITAL E MAT M AUXILIADORA,SARANDI,15a RS MARINGA,MACRORREGIONAL NOROESTE,27,VSR,1
SANTA CASA DE MARINGA HOSPITAL E MAT M AUXILIADORA,PAICANDU,15a RS MARINGA,MACRORREGIONAL NOROESTE,28,Rinovírus,1
SANTA CASA DE MARINGA HOSPITAL E MAT M AUXILIADORA,MARIALVA,15a RS MARINGA,MACRORREGIONAL NOROESTE,28,VSR,1
SANTA CASA DE MARINGA HOSPITAL E MAT M AUXILIADORA,MARINGA,15a RS MARINGA,MACRORREGIONAL NOROESTE,28,VSR,1
SANTA CASA DE MARINGA HOSPITAL E MAT M AUXILIADORA,MARINGA,15a RS MARINGA,MACRORREGIONAL NOROESTE,29,VSR,3
SANTA CASA DE MARINGA HOSPITAL E MAT M AUXILIADORA,MANDAGUACU,15a RS MARINGA,MACRORREGIONAL NOROESTE,30,Covid-19,1
SANTA CASA DE MARINGA HOSPITAL E MAT M AUXILIADORA,MANDAGUACU,15a RS MARINGA,MACRORREGIONAL NOROESTE,30,Metapneumovírus,1
SANTA CASA DE MARINGA HOSPITAL E MAT M AUXILIADORA,ASTORGA,15a RS MARINGA,MACRORREGIONAL NOROESTE,32,Adenovírus,1
SANTA CASA DE MARINGA HOSPITAL E MAT M AUXILIADORA,SARANDI,15a RS MARINGA,MACRORREGIONAL NOROESTE,32,VSR,1
SANTA CASA DE MARINGA HOSPITAL E MAT M AUXILIADORA,MARINGA,15a RS MARINGA,MACRORREGIONAL NOROESTE,36,Metapneumovírus,2
SANTA CASA DE MARINGA HOSPITAL E MAT M AUXILIADORA,MARIALVA,15a RS MARINGA,MACRORREGIONAL NOROESTE,36,Rinovírus,1
SANTA CASA DE MARINGA HOSPITAL E MAT M AUXILIADORA,MARIALVA,15a RS MARINGA,MACRORREGIONAL NOROESTE,36,VSR,1
UNIDADE DE PRONTO ATENDIMENTO UPA ZONA NORTE,MARINGA,15a RS MARINGA,MACRORREGIONAL NOROESTE,7,Covid-19,1
UNIDADE DE PRONTO ATENDIMENTO UPA ZONA NORTE,MARINGA,15a RS MARINGA,MACRORREGIONAL NOROESTE,8,VSR,1
UNIDADE DE PRONTO ATENDIMENTO UPA ZONA NORTE,MARINGA,15a RS MARINGA,MACRORREGIONAL NOROESTE,10,Rinovírus,1
UNIDADE DE PRONTO ATENDIMENTO UPA ZONA NORTE,MARINGA,15a RS MARINGA,MACRORREGIONAL NOROESTE,11,Covid-19,1
UNIDADE DE PRONTO ATENDIMENTO UPA ZONA NORTE,MARINGA,15a RS MARINGA,MACRORREGIONAL NOROESTE,18,Influenza,1
UNIDADE DE PRONTO ATENDIMENTO UPA ZONA NORTE,MARINGA,15a RS MARINGA,MACRORREGIONAL NOROESTE,22,Rinovírus,1
UNIDADE DE PRONTO ATENDIMENTO UPA ZONA NORTE,MARINGA,15a RS MARINGA,MACRORREGIONAL NOROESTE,23,Influenza,1
UNIDADE DE PRONTO ATENDIMENTO UPA ZONA NORTE,MARINGA,15a RS MARINGA,MACRORREGIONAL NOROESTE,24,VSR,1
UNIDADE DE PRONTO ATENDIMENTO UPA ZONA NORTE,MARINGA,15a RS MARINGA,MACRORREGIONAL NOROESTE,25,Rinovírus,1
UNIDADE DE PRONTO ATENDIMENTO UPA ZONA NORTE,MARINGA,15a RS MARINGA,MACRORREGIONAL NOROESTE,26,Rinovírus,1
UNIDADE DE PRONTO ATENDIMENTO UPA ZONA NORTE,MARINGA,15a RS MARINGA,MACRORREGIONAL NOROESTE,30,Influenza,1
UNIDADE DE PRONTO ATENDIMENTO UPA ZONA NORTE,MARINGA,15a RS MARINGA,MACRORREGIONAL NOROESTE,30,VSR,1
UNIDADE DE PRONTO ATENDIMENTO UPA ZONA SUL,MARINGA,15a RS MARINGA,MACRORREGIONAL NOROESTE,2,VSR,1
UNIDADE DE PRONTO ATENDIMENTO UPA ZONA SUL,MARINGA,15a RS MARINGA,MACRORREGIONAL NOROESTE,7,Influenza,1
UNIDADE DE PRONTO ATENDIMENTO UPA ZONA SUL,MARINGA,15a RS MARINGA,MACRORREGIONAL NOROESTE,15,Influenza,1
UNIDADE DE PRONTO ATENDIMENTO UPA ZONA SUL,MARINGA,15a RS MARINGA,MACRORREGIONAL NOROESTE,16,Rinovírus,1
UNIDADE DE PRONTO ATENDIMENTO UPA ZONA SUL,MARINGA,15a RS MARINGA,MACRORREGIONAL NOROESTE,18,VSR,1
UNIDADE DE PRONTO ATENDIMENTO UPA ZONA SUL,MARINGA,15a RS MARINGA,MACRORREGIONAL NOROESTE,22,Influenza,2
UNIDADE DE PRONTO ATENDIMENTO UPA ZONA SUL,MARINGA,15a RS MARINGA,MACRORREGIONAL NOROESTE,23,Influenza,3
UNIDADE DE PRONTO ATENDIMENTO UPA ZONA SUL,MARINGA,15a RS MARINGA,MACRORREGIONAL NOROESTE,23,Rinovírus,1
UNIDADE DE PRONTO ATENDIMENTO UPA ZONA SUL,MARINGA,15a RS MARINGA,MACRORREGIONAL NOROESTE,24,Rinovírus,2
UNIDADE DE PRONTO ATENDIMENTO UPA ZONA SUL,MARINGA,15a RS MARINGA,MACRORREGIONAL NOROESTE,24,VSR,1
UNIDADE DE PRONTO ATENDIMENTO UPA ZONA SUL,MARINGA,15a RS MARINGA,MACRORREGIONAL NOROESTE,25,VSR,2
UNIDADE DE PRONTO ATENDIMENTO UPA ZONA SUL,MARINGA,15a RS MARINGA,MACRORREGIONAL NOROESTE,28,Influenza,1
UNIDADE DE PRONTO ATENDIMENTO UPA ZONA SUL,MARINGA,15a RS MARINGA,MACRORREGIONAL NOROESTE,29,Rinovírus,1
UNIDADE DE PRONTO ATENDIMENTO UPA ZONA SUL,MARINGA,15a RS MARINGA,MACRORREGIONAL NOROESTE,29,VSR,2
UNIDADE DE PRONTO ATENDIMENTO UPA ZONA SUL,MARINGA,15a RS MARINGA,MACRORREGIONAL NOROESTE,30,Rinovírus,1
UNIDADE DE PRONTO ATENDIMENTO UPA ZONA SUL,MARINGA,15a RS MARINGA,MACRORREGIONAL NOROESTE,35,Rinovírus,1
UNIDADE DE PRONTO ATENDIMENTO UPA ZONA SUL,MARINGA,15a RS MARINGA,MACRORREGIONAL NOROESTE,36,Rinovírus,1
HNSG HOSPITAL DA PROVIDENCIA,APUCARANA,16a RS APUCARANA,MACRORREGIONAL NORTE,3,Covid-19,1
HNSG HOSPITAL DA PROVIDENCIA,APUCARANA,16a RS APUCARANA,MACRORREGIONAL NORTE,8,Covid-19,1
HNSG HOSPITAL DA PROVIDENCIA,APUCARANA,16a RS APUCARANA,MACRORREGIONAL NORTE,10,Rinovírus,1
HNSG HOSPITAL DA PROVIDENCIA,GRANDES RIOS,16a RS APUCARANA,MACRORREGIONAL NORTE,19,Rinovírus,1
HNSG HOSPITAL DA PROVIDENCIA,APUCARANA,16a RS APUCARANA,MACRORREGIONAL NORTE,22,Influenza,1
HNSG HOSPITAL DA PROVIDENCIA,APUCARANA,16a RS APUCARANA,MACRORREGIONAL NORTE,23,Influenza,1
HNSG HOSPITAL DA PROVIDENCIA,APUCARANA,16a RS APUCARANA,MACRORREGIONAL NORTE,23,Rinovírus,1
HNSG HOSPITAL DA PROVIDENCIA,SAO PEDRO DO IVAI,16a RS APUCARANA,MACRORREGIONAL NORTE,23,VSR,1
HNSG HOSPITAL DA PROVIDENCIA,APUCARANA,16a RS APUCARANA,MACRORREGIONAL NORTE,24,Influenza,1
HNSG HOSPITAL DA PROVIDENCIA,APUCARANA,16a RS APUCARANA,MACRORREGIONAL NORTE,24,Rinovírus,1
HNSG HOSPITAL DA PROVIDENCIA,JANDAIA DO SUL,16a RS APUCARANA,MACRORREGIONAL NORTE,24,VSR,1
HNSG HOSPITAL DA PROVIDENCIA,APUCARANA,16a RS APUCARANA,MACRORREGIONAL NORTE,25,Influenza,2
HNSG HOSPITAL DA PROVIDENCIA,APUCARANA,16a RS APUCARANA,MACRORREGIONAL NORTE,27,Rinovírus,1
HNSG HOSPITAL DA PROVIDENCIA,GRANDES RIOS,16a RS APUCARANA,MACRORREGIONAL NORTE,27,VSR,1
HNSG HOSPITAL DA PROVIDENCIA,CAMBIRA,16a RS APUCARANA,MACRORREGIONAL NORTE,28,Influenza,1
HNSG HOSPITAL DA PROVIDENCIA,APUCARANA,16a RS APUCARANA,MACRORREGIONAL NORTE,29,VSR,1
HNSG HOSPITAL DA PROVIDENCIA,RIO BOM,16a RS APUCARANA,MACRORREGIONAL NORTE,30,Influenza,1
HNSG HOSPITAL DA PROVIDENCIA,SAO PEDRO DO IVAI,16a RS APUCARANA,MACRORREGIONAL NORTE,30,Influenza,1
HNSG HOSPITAL PROVIDENCIA MATERNO INFANTIL,ARAPONGAS,16a RS APUCARANA,MACRORREGIONAL NORTE,9,Rinovírus,1
HNSG HOSPITAL PROVIDENCIA MATERNO INFANTIL,APUCARANA,16a RS APUCARANA,MACRORREGIONAL NORTE,12,Rinovírus,1
HNSG HOSPITAL PROVIDENCIA MATERNO INFANTIL,MAUA DA SERRA,16a RS APUCARANA,MACRORREGIONAL NORTE,15,Adenovírus,1
HNSG HOSPITAL PROVIDENCIA MATERNO INFANTIL,MAUA DA SERRA,16a RS APUCARANA,MACRORREGIONAL NORTE,15,Rinovírus,1
HNSG HOSPITAL PROVIDENCIA MATERNO INFANTIL,APUCARANA,16a RS APUCARANA,MACRORREGIONAL NORTE,16,Rinovírus,2
HNSG HOSPITAL PROVIDENCIA MATERNO INFANTIL,APUCARANA,16a RS APUCARANA,MACRORREGIONAL NORTE,17,Metapneumovírus,1
HNSG HOSPITAL PROVIDENCIA MATERNO INFANTIL,APUCARANA,16a RS APUCARANA,MACRORREGIONAL NORTE,17,Rinovírus,1
HNSG HOSPITAL PROVIDENCIA MATERNO INFANTIL,ARAPONGAS,16a RS APUCARANA,MACRORREGIONAL NORTE,17,VSR,1
HNSG HOSPITAL PROVIDENCIA MATERNO INFANTIL,APUCARANA,16a RS APUCARANA,MACRORREGIONAL NORTE,18,Influenza,1
HNSG HOSPITAL PROVIDENCIA MATERNO INFANTIL,APUCARANA,16a RS APUCARANA,MACRORREGIONAL NORTE,18,Rinovírus,1
HNSG HOSPITAL PROVIDENCIA MATERNO INFANTIL,APUCARANA,16a RS APUCARANA,MACRORREGIONAL NORTE,18,VSR,2
HNSG HOSPITAL PROVIDENCIA MATERNO INFANTIL,ARAPONGAS,16a RS APUCARANA,MACRORREGIONAL NORTE,19,Metapneumovírus,1
HNSG HOSPITAL PROVIDENCIA MATERNO INFANTIL,APUCARANA,16a RS APUCARANA,MACRORREGIONAL NORTE,19,VSR,2
HNSG HOSPITAL PROVIDENCIA MATERNO INFANTIL,CALIFORNIA,16a RS APUCARANA,MACRORREGIONAL NORTE,20,Rinovírus,1
HNSG HOSPITAL PROVIDENCIA MATERNO INFANTIL,CAMBIRA,16a RS APUCARANA,MACRORREGIONAL NORTE,20,Rinovírus,1
HNSG HOSPITAL PROVIDENCIA MATERNO INFANTIL,APUCARANA,16a RS APUCARANA,MACRORREGIONAL NORTE,20,VSR,2
HNSG HOSPITAL PROVIDENCIA MATERNO INFANTIL,APUCARANA,16a RS APUCARANA,MACRORREGIONAL NORTE,21,Adenovírus,1
HNSG HOSPITAL PROVIDENCIA MATERNO INFANTIL,CAMBIRA,16a RS APUCARANA,MACRORREGIONAL NORTE,21,Rinovírus,1
HNSG HOSPITAL PROVIDENCIA MATERNO INFANTIL,MARILANDIA DO SUL,16a RS APUCARANA,MACRORREGIONAL NORTE,21,Rinovírus,1
HNSG HOSPITAL PROVIDENCIA MATERNO INFANTIL,APUCARANA,16a RS APUCARANA,MACRORREGIONAL NORTE,21,VSR,3
HNSG HOSPITAL PROVIDENCIA MATERNO INFANTIL,ARAPONGAS,16a RS APUCARANA,MACRORREGIONAL NORTE,21,VSR,1
HNSG HOSPITAL PROVIDENCIA MATERNO INFANTIL,FAXINAL,16a RS APUCARANA,MACRORREGIONAL NORTE,22,Metapneumovírus,1
HNSG HOSPITAL PROVIDENCIA MATERNO INFANTIL,ARAPONGAS,16a RS APUCARANA,MACRORREGIONAL NORTE,22,Rinovírus,1
HNSG HOSPITAL PROVIDENCIA MATERNO INFANTIL,CALIFORNIA,16a RS APUCARANA,MACRORREGIONAL NORTE,22,Rinovírus,1
HNSG HOSPITAL PROVIDENCIA MATERNO INFANTIL,APUCARANA,16a RS APUCARANA,MACRORREGIONAL NORTE,22,VSR,3
HNSG HOSPITAL PROVIDENCIA MATERNO INFANTIL,JANDAIA DO SUL,16a RS APUCARANA,MACRORREGIONAL NORTE,24,Adenovírus,1
HNSG HOSPITAL PROVIDENCIA MATERNO INFANTIL,APUCARANA,16a RS APUCARANA,MACRORREGIONAL NORTE,24,Influenza,1
HNSG HOSPITAL PROVIDENCIA MATERNO INFANTIL,APUCARANA,16a RS APUCARANA,MACRORREGIONAL NORTE,24,Rinovírus,1
HNSG HOSPITAL PROVIDENCIA MATERNO INFANTIL,JANDAIA DO SUL,16a RS APUCARANA,MACRORREGIONAL NORTE,24,Rinovírus,1
HNSG HOSPITAL PROVIDENCIA MATERNO INFANTIL,SAO PEDRO DO IVAI,16a RS APUCARANA,MACRORREGIONAL NORTE,24,Rinovírus,1
HNSG HOSPITAL PROVIDENCIA MATERNO INFANTIL,SAO PEDRO DO IVAI,16a RS APUCARANA,MACRORREGIONAL NORTE,24,VSR,2
HNSG HOSPITAL PROVIDENCIA MATERNO INFANTIL,CAMBIRA,16a RS APUCARANA,MACRORREGIONAL NORTE,25,Adenovírus,1
HNSG HOSPITAL PROVIDENCIA MATERNO INFANTIL,APUCARANA,16a RS APUCARANA,MACRORREGIONAL NORTE,25,Rinovírus,1
HNSG HOSPITAL PROVIDENCIA MATERNO INFANTIL,CAMBIRA,16a RS APUCARANA,MACRORREGIONAL NORTE,25,Rinovírus,1
HNSG HOSPITAL PROVIDENCIA MATERNO INFANTIL,APUCARANA,16a RS APUCARANA,MACRORREGIONAL NORTE,25,VSR,1
HNSG HOSPITAL PROVIDENCIA MATERNO INFANTIL,CAMBIRA,16a RS APUCARANA,MACRORREGIONAL NORTE,25,VSR,1
HNSG HOSPITAL PROVIDENCIA MATERNO INFANTIL,MAUA DA SERRA,16a RS APUCARANA,MACRORREGIONAL NORTE,25,VSR,1
HNSG HOSPITAL PROVIDENCIA MATERNO INFANTIL,APUCARANA,16a RS APUCARANA,MACRORREGIONAL NORTE,26,Rinovírus,1
HNSG HOSPITAL PROVIDENCIA MATERNO INFANTIL,APUCARANA,16a RS APUCARANA,MACRORREGIONAL NORTE,26,VSR,1
HNSG HOSPITAL PROVIDENCIA MATERNO INFANTIL,BORRAZOPOLIS,16a RS APUCARANA,MACRORREGIONAL NORTE,26,VSR,1
HNSG HOSPITAL PROVIDENCIA MATERNO INFANTIL,MAUA DA SERRA,16a RS APUCARANA,MACRORREGIONAL NORTE,27,Adenovírus,1
HNSG HOSPITAL PROVIDENCIA MATERNO INFANTIL,GRANDES RIOS,16a RS APUCARANA,MACRORREGIONAL NORTE,27,Influenza,1
HNSG HOSPITAL PROVIDENCIA MATERNO INFANTIL,MARILANDIA DO SUL,16a RS APUCARANA,MACRORREGIONAL NORTE,27,Influenza,1
HNSG HOSPITAL PROVIDENCIA MATERNO INFANTIL,RIO BOM,16a RS APUCARANA,MACRORREGIONAL NORTE,27,VSR,1
HNSG HOSPITAL PROVIDENCIA MATERNO INFANTIL,GRANDES RIOS,16a RS APUCARANA,MACRORREGIONAL NORTE,28,VSR,1
HNSG HOSPITAL PROVIDENCIA MATERNO INFANTIL,JANDAIA DO SUL,16a RS APUCARANA,MACRORREGIONAL NORTE,28,VSR,1
HNSG HOSPITAL PROVIDENCIA MATERNO INFANTIL,CALIFORNIA,16a RS APUCARANA,MACRORREGIONAL NORTE,29,Metapneumovírus,1
HNSG HOSPITAL PROVIDENCIA MATERNO INFANTIL,BOM SUCESSO,16a RS APUCARANA,MACRORREGIONAL NORTE,29,VSR,1
HNSG HOSPITAL PROVIDENCIA MATERNO INFANTIL,CAMBIRA,16a RS APUCARANA,MACRORREGIONAL NORTE,30,VSR,1
HNSG HOSPITAL PROVIDENCIA MATERNO INFANTIL,ARAPONGAS,16a RS APUCARANA,MACRORREGIONAL NORTE,31,Rinovírus,1
HNSG HOSPITAL PROVIDENCIA MATERNO INFANTIL,GRANDES RIOS,16a RS APUCARANA,MACRORREGIONAL NORTE,35,Adenovírus,1
HNSG HOSPITAL PROVIDENCIA MATERNO INFANTIL,APUCARANA,16a RS APUCARANA,MACRORREGIONAL NORTE,35,Metapneumovírus,1
HNSG HOSPITAL PROVIDENCIA MATERNO INFANTIL,FAXINAL,16a RS APUCARANA,MACRORREGIONAL NORTE,35,VSR,1
HNSG HOSPITAL PROVIDENCIA MATERNO INFANTIL,MAUA DA SERRA,16a RS APUCARANA,MACRORREGIONAL NORTE,35,VSR,1
HNSG HOSPITAL PROVIDENCIA MATERNO INFANTIL,ARAPONGAS,16a RS APUCARANA,MACRORREGIONAL NORTE,36,VSR,1
HOSPITAL ANGELINA CARON,BOM SUCESSO,16a RS APUCARANA,MACRORREGIONAL NORTE,10,Covid-19,1
HOSPITAL INFANTIL PEQUENO PRINCIPE,SAO PEDRO DO IVAI,16a RS APUCARANA,MACRORREGIONAL NORTE,29,Metapneumovírus,1
HOSPITAL NOSSA SENHORA DE FATIMA,JANDAIA DO SUL,16a RS APUCARANA,MACRORREGIONAL NORTE,12,Rinovírus,1
HOSPITAL NOSSA SENHORA DE FATIMA,JANDAIA DO SUL,16a RS APUCARANA,MACRORREGIONAL NORTE,16,Influenza,1
HOSPITAL NOSSA SENHORA DE FATIMA,JANDAIA DO SUL,16a RS APUCARANA,MACRORREGIONAL NORTE,17,Influenza,1
HOSPITAL NOSSA SENHORA DE FATIMA,JANDAIA DO SUL,16a RS APUCARANA,MACRORREGIONAL NORTE,18,Influenza,1
HOSPITAL NOSSA SENHORA DE FATIMA,JANDAIA DO SUL,16a RS APUCARANA,MACRORREGIONAL NORTE,19,Influenza,1
HOSPITAL NOSSA SENHORA DE FATIMA,JANDAIA DO SUL,16a RS APUCARANA,MACRORREGIONAL NORTE,19,Rinovírus,2
HOSPITAL NOSSA SENHORA DE FATIMA,JANDAIA DO SUL,16a RS APUCARANA,MACRORREGIONAL NORTE,20,VSR,1
HOSPITAL NOSSA SENHORA DE FATIMA,JANDAIA DO SUL,16a RS APUCARANA,MACRORREGIONAL NORTE,21,Influenza,1
HOSPITAL NOSSA SENHORA DE FATIMA,JANDAIA DO SUL,16a RS APUCARANA,MACRORREGIONAL NORTE,22,Influenza,2
HOSPITAL NOSSA SENHORA DE FATIMA,JANDAIA DO SUL,16a RS APUCARANA,MACRORREGIONAL NORTE,22,Rinovírus,1
HOSPITAL NOSSA SENHORA DE FATIMA,BOM SUCESSO,16a RS APUCARANA,MACRORREGIONAL NORTE,23,Rinovírus,1
HOSPITAL NOSSA SENHORA DE FATIMA,JANDAIA DO SUL,16a RS APUCARANA,MACRORREGIONAL NORTE,23,Rinovírus,2
HOSPITAL NOSSA SENHORA DE FATIMA,JANDAIA DO SUL,16a RS APUCARANA,MACRORREGIONAL NORTE,24,VSR,1
HOSPITAL NOSSA SENHORA DE FATIMA,JANDAIA DO SUL,16a RS APUCARANA,MACRORREGIONAL NORTE,28,Influenza,1
HOSPITAL NOSSA SENHORA DE FATIMA,JANDAIA DO SUL,16a RS APUCARANA,MACRORREGIONAL NORTE,28,Rinovírus,1
HOSPITAL NOSSA SENHORA DE FATIMA,JANDAIA DO SUL,16a RS APUCARANA,MACRORREGIONAL NORTE,29,Influenza,1
HOSPITAL REGIONAL UNIMED LONDRINA,FAXINAL,16a RS APUCARANA,MACRORREGIONAL NORTE,17,Rinovírus,1
HOSPITAL REGIONAL UNIMED LONDRINA,ARAPONGAS,16a RS APUCARANA,MACRORREGIONAL NORTE,18,Adenovírus,1
HOSPITAL REGIONAL UNIMED LONDRINA,ARAPONGAS,16a RS APUCARANA,MACRORREGIONAL NORTE,21,VSR,1
HOSPITAL REGIONAL UNIMED LONDRINA,ARAPONGAS,16a RS APUCARANA,MACRORREGIONAL NORTE,23,VSR,1
HOSPITAL REGIONAL UNIMED LONDRINA,ARAPONGAS,16a RS APUCARANA,MACRORREGIONAL NORTE,24,VSR,1
HOSPITAL REGIONAL UNIMED LONDRINA,APUCARANA,16a RS APUCARANA,MACRORREGIONAL NORTE,26,VSR,1
HOSPITAL REGIONAL UNIMED LONDRINA,ARAPONGAS,16a RS APUCARANA,MACRORREGIONAL NORTE,26,VSR,1
HOSPITAL REGIONAL UNIMED LONDRINA,ARAPONGAS,16a RS APUCARANA,MACRORREGIONAL NORTE,27,VSR,1
HOSPITAL SANTA RITA,APUCARANA,16a RS APUCARANA,MACRORREGIONAL NORTE,31,Rinovírus,1
HOSPITAL UNIVERSITARIO REGIONAL DO NORTE DO PARANA,SABAUDIA,16a RS APUCARANA,MACRORREGIONAL NORTE,25,Influenza,1
HOSPITAL UNIVERSITARIO REGIONAL DO NORTE DO PARANA,ARAPONGAS,16a RS APUCARANA,MACRORREGIONAL NORTE,28,VSR,2
ISCAL,ARAPONGAS,16a RS APUCARANA,MACRORREGIONAL NORTE,13,Metapneumovírus,1
UNIDADE DE PRONTO ATENDIMENTO UPA,APUCARANA,16a RS APUCARANA,MACRORREGIONAL NORTE,20,Influenza,1
CLINIPAM CLINICA PARANAENSE DE ASSISTENCIA MEDICA,LONDRINA,17a RS LONDRINA,MACRORREGIONAL NORTE,15,Rinovírus,1
CLINIPAM CLINICA PARANAENSE DE ASSISTENCIA MEDICA,LONDRINA,17a RS LONDRINA,MACRORREGIONAL NORTE,15,VSR,1
CLINIPAM CLINICA PARANAENSE DE ASSISTENCIA MEDICA,LONDRINA,17a RS LONDRINA,MACRORREGIONAL NORTE,19,VSR,2
CLINIPAM CLINICA PARANAENSE DE ASSISTENCIA MEDICA,LONDRINA,17a RS LONDRINA,MACRORREGIONAL NORTE,20,VSR,1
CLINIPAM CLINICA PARANAENSE DE ASSISTENCIA MEDICA,CAMBE,17a RS LONDRINA,MACRORREGIONAL NORTE,21,VSR,1
CLINIPAM CLINICA PARANAENSE DE ASSISTENCIA MEDICA,IBIPORA,17a RS LONDRINA,MACRORREGIONAL NORTE,21,VSR,1
CLINIPAM CLINICA PARANAENSE DE ASSISTENCIA MEDICA,LONDRINA,17a RS LONDRINA,MACRORREGIONAL NORTE,23,VSR,1
CLINIPAM CLINICA PARANAENSE DE ASSISTENCIA MEDICA,LONDRINA,17a RS LONDRINA,MACRORREGIONAL NORTE,28,VSR,1
CLINIPAM CLINICA PARANAENSE DE ASSISTENCIA MEDICA,LONDRINA,17a RS LONDRINA,MACRORREGIONAL NORTE,29,Adenovírus,1
HNSG,LONDRINA,17a RS LONDRINA,MACRORREGIONAL NORTE,15,Influenza,1
HNSG,LONDRINA,17a RS LONDRINA,MACRORREGIONAL NORTE,20,Influenza,1
HNSG HOSPITAL PROVIDENCIA MATERNO INFANTIL,CAMBE,17a RS LONDRINA,MACRORREGIONAL NORTE,18,Metapneumovírus,1
HOSPITAL ARAUCARIA DE LONDRINA,LONDRINA,17a RS LONDRINA,MACRORREGIONAL NORTE,2,Covid-19,1
HOSPITAL ARAUCARIA DE LONDRINA,LONDRINA,17a RS LONDRINA,MACRORREGIONAL NORTE,26,VSR,1
HOSPITAL CRISTO REI,IBIPORA,17a RS LONDRINA,MACRORREGIONAL NORTE,2,Adenovírus,1
HOSPITAL CRISTO REI,IBIPORA,17a RS LONDRINA,MACRORREGIONAL NORTE,20,VSR,1
HOSPITAL CRISTO REI,JATAIZINHO,17a RS LONDRINA,MACRORREGIONAL NORTE,21,Influenza,1
HOSPITAL CRISTO REI,IBIPORA,17a RS LONDRINA,MACRORREGIONAL NORTE,22,Rinovírus,1
HOSPITAL CRISTO REI,IBIPORA,17a RS LONDRINA,MACRORREGIONAL NORTE,22,VSR,2
HOSPITAL CRISTO REI,IBIPORA,17a RS LONDRINA,MACRORREGIONAL NORTE,23,VSR,2
HOSPITAL CRISTO REI,IBIPORA,17a RS LONDRINA,MACRORREGIONAL NORTE,24,Adenovírus,1
HOSPITAL CRISTO REI,IBIPORA,17a RS LONDRINA,MACRORREGIONAL NORTE,24,VSR,1
HOSPITAL CRISTO REI,IBIPORA,17a RS LONDRINA,MACRORREGIONAL NORTE,26,Rinovírus,1
HOSPITAL DA POLICIA MILITAR DO PARANA NN,LONDRINA,17a RS LONDRINA,MACRORREGIONAL NORTE,33,Metapneumovírus,1
HOSPITAL DOUTOR ANISIO FIGUEIREDO HZN,LONDRINA,17a RS LONDRINA,MACRORREGIONAL NORTE,7,Rinovírus,1
HOSPITAL DOUTOR ANISIO FIGUEIREDO HZN,LONDRINA,17a RS LONDRINA,MACRORREGIONAL NORTE,21,Influenza,1
HOSPITAL DOUTOR ANISIO FIGUEIREDO HZN,LONDRINA,17a RS LONDRINA,MACRORREGIONAL NORTE,28,Influenza,1
HOSPITAL DOUTOR EULALINO IGNACIO DE ANDRADE HZS,LONDRINA,17a RS LONDRINA,MACRORREGIONAL NORTE,2,Rinovírus,1
HOSPITAL DOUTOR EULALINO IGNACIO DE ANDRADE HZS,LONDRINA,17a RS LONDRINA,MACRORREGIONAL NORTE,2,VSR,1
HOSPITAL DOUTOR EULALINO IGNACIO DE ANDRADE HZS,LONDRINA,17a RS LONDRINA,MACRORREGIONAL NORTE,8,Rinovírus,1
HOSPITAL DOUTOR EULALINO IGNACIO DE ANDRADE HZS,LONDRINA,17a RS LONDRINA,MACRORREGIONAL NORTE,8,VSR,1
HOSPITAL DOUTOR EULALINO IGNACIO DE ANDRADE HZS,LONDRINA,17a RS LONDRINA,MACRORREGIONAL NORTE,9,Adenovírus,1
HOSPITAL DOUTOR EULALINO IGNACIO DE ANDRADE HZS,LONDRINA,17a RS LONDRINA,MACRORREGIONAL NORTE,10,Rinovírus,1
HOSPITAL DOUTOR EULALINO IGNACIO DE ANDRADE HZS,LONDRINA,17a RS LONDRINA,MACRORREGIONAL NORTE,11,Rinovírus,1
HOSPITAL DOUTOR EULALINO IGNACIO DE ANDRADE HZS,LONDRINA,17a RS LONDRINA,MACRORREGIONAL NORTE,11,VSR,1
HOSPITAL DOUTOR EULALINO IGNACIO DE ANDRADE HZS,LONDRINA,17a RS LONDRINA,MACRORREGIONAL NORTE,12,Adenovírus,2
HOSPITAL DOUTOR EULALINO IGNACIO DE ANDRADE HZS,LONDRINA,17a RS LONDRINA,MACRORREGIONAL NORTE,14,Adenovírus,1
HOSPITAL DOUTOR EULALINO IGNACIO DE ANDRADE HZS,LONDRINA,17a RS LONDRINA,MACRORREGIONAL NORTE,17,Rinovírus,1
HOSPITAL DOUTOR EULALINO IGNACIO DE ANDRADE HZS,LONDRINA,17a RS LONDRINA,MACRORREGIONAL NORTE,17,VSR,5
HOSPITAL DOUTOR EULALINO IGNACIO DE ANDRADE HZS,CAMBE,17a RS LONDRINA,MACRORREGIONAL NORTE,18,VSR,1
HOSPITAL DOUTOR EULALINO IGNACIO DE ANDRADE HZS,LONDRINA,17a RS LONDRINA,MACRORREGIONAL NORTE,18,VSR,1
HOSPITAL DOUTOR EULALINO IGNACIO DE ANDRADE HZS,LONDRINA,17a RS LONDRINA,MACRORREGIONAL NORTE,21,Rinovírus,2
HOSPITAL DOUTOR EULALINO IGNACIO DE ANDRADE HZS,LONDRINA,17a RS LONDRINA,MACRORREGIONAL NORTE,21,VSR,1
HOSPITAL DOUTOR EULALINO IGNACIO DE ANDRADE HZS,LONDRINA,17a RS LONDRINA,MACRORREGIONAL NORTE,22,Adenovírus,1
HOSPITAL DOUTOR EULALINO IGNACIO DE ANDRADE HZS,LONDRINA,17a RS LONDRINA,MACRORREGIONAL NORTE,22,Influenza,1
HOSPITAL DOUTOR EULALINO IGNACIO DE ANDRADE HZS,LONDRINA,17a RS LONDRINA,MACRORREGIONAL NORTE,22,Rinovírus,1
HOSPITAL DOUTOR EULALINO IGNACIO DE ANDRADE HZS,LONDRINA,17a RS LONDRINA,MACRORREGIONAL NORTE,22,VSR,4
HOSPITAL DOUTOR EULALINO IGNACIO DE ANDRADE HZS,CAMBE,17a RS LONDRINA,MACRORREGIONAL NORTE,23,Influenza,1
HOSPITAL DOUTOR EULALINO IGNACIO DE ANDRADE HZS,LONDRINA,17a RS LONDRINA,MACRORREGIONAL NORTE,23,Influenza,1
HOSPITAL DOUTOR EULALINO IGNACIO DE ANDRADE HZS,LONDRINA,17a RS LONDRINA,MACRORREGIONAL NORTE,23,VSR,2
HOSPITAL DOUTOR EULALINO IGNACIO DE ANDRADE HZS,LONDRINA,17a RS LONDRINA,MACRORREGIONAL NORTE,27,VSR,3
HOSPITAL DOUTOR EULALINO IGNACIO DE ANDRADE HZS,LONDRINA,17a RS LONDRINA,MACRORREGIONAL NORTE,30,Influenza,1
HOSPITAL DOUTOR EULALINO IGNACIO DE ANDRADE HZS,LONDRINA,17a RS LONDRINA,MACRORREGIONAL NORTE,30,Metapneumovírus,1
HOSPITAL DOUTOR EULALINO IGNACIO DE ANDRADE HZS,LONDRINA,17a RS LONDRINA,MACRORREGIONAL NORTE,31,Adenovírus,1
HOSPITAL DOUTOR EULALINO IGNACIO DE ANDRADE HZS,LONDRINA,17a RS LONDRINA,MACRORREGIONAL NORTE,31,Rinovírus,2
HOSPITAL E MATERNIDADE SANTA CLARA,CAFEARA,17a RS LONDRINA,MACRORREGIONAL NORTE,24,VSR,1
HOSPITAL EVANGELICO DE LONDRINA,LONDRINA,17a RS LONDRINA,MACRORREGIONAL NORTE,4,Covid-19,1
HOSPITAL EVANGELICO DE LONDRINA,CAMBE,17a RS LONDRINA,MACRORREGIONAL NORTE,18,Rinovírus,1
HOSPITAL EVANGELICO DE LONDRINA,LONDRINA,17a RS LONDRINA,MACRORREGIONAL NORTE,37,Influenza,1
HOSPITAL FILANTROPICO POLICLINICA,LONDRINA,17a RS LONDRINA,MACRORREGIONAL NORTE,18,Rinovírus,1
HOSPITAL INFANTIL PEQUENO PRINCIPE,BELA VISTA DO PARAISO,17a RS LONDRINA,MACRORREGIONAL NORTE,15,Rinovírus,1
HOSPITAL MUNICIPAL DE PORECATU,PORECATU,17a RS LONDRINA,MACRORREGIONAL NORTE,22,Influenza,1
HOSPITAL MUNICIPAL DE PORECATU,PORECATU,17a RS LONDRINA,MACRORREGIONAL NORTE,25,Influenza,1
HOSPITAL MUNICIPAL DR LAURO MACEDO SOBRINHO,CENTENARIO DO SUL,17a RS LONDRINA,MACRORREGIONAL NORTE,24,Metapneumovírus,1
HOSPITAL MUNICIPAL DR LAURO MACEDO SOBRINHO,CENTENARIO DO SUL,17a RS LONDRINA,MACRORREGIONAL NORTE,24,Rinovírus,1
HOSPITAL REGIONAL UNIMED LONDRINA,LONDRINA,17a RS LONDRINA,MACRORREGIONAL NORTE,4,Metapneumovírus,1
HOSPITAL REGIONAL UNIMED LONDRINA,ROLANDIA,17a RS LONDRINA,MACRORREGIONAL NORTE,7,Rinovírus,1
HOSPITAL REGIONAL UNIMED LONDRINA,LONDRINA,17a RS LONDRINA,MACRORREGIONAL NORTE,8,Metapneumovírus,1
HOSPITAL REGIONAL UNIMED LONDRINA,JAGUAPITA,17a RS LONDRINA,MACRORREGIONAL NORTE,8,Rinovírus,1
HOSPITAL REGIONAL UNIMED LONDRINA,LONDRINA,17a RS LONDRINA,MACRORREGIONAL NORTE,8,Rinovírus,3
HOSPITAL REGIONAL UNIMED LONDRINA,LONDRINA,17a RS LONDRINA,MACRORREGIONAL NORTE,9,Rinovírus,4
HOSPITAL REGIONAL UNIMED LONDRINA,CAMBE,17a RS LONDRINA,MACRORREGIONAL NORTE,10,Rinovírus,1
HOSPITAL REGIONAL UNIMED LONDRINA,LONDRINA,17a RS LONDRINA,MACRORREGIONAL NORTE,10,Rinovírus,1
HOSPITAL REGIONAL UNIMED LONDRINA,LONDRINA,17a RS LONDRINA,MACRORREGIONAL NORTE,11,Rinovírus,2
HOSPITAL REGIONAL UNIMED LONDRINA,CAMBE,17a RS LONDRINA,MACRORREGIONAL NORTE,12,Rinovírus,1
HOSPITAL REGIONAL UNIMED LONDRINA,FLORESTOPOLIS,17a RS LONDRINA,MACRORREGIONAL NORTE,12,Rinovírus,1
HOSPITAL REGIONAL UNIMED LONDRINA,TAMARANA,17a RS LONDRINA,MACRORREGIONAL NORTE,12,Rinovírus,1
HOSPITAL REGIONAL UNIMED LONDRINA,ROLANDIA,17a RS LONDRINA,MACRORREGIONAL NORTE,13,Metapneumovírus,1
HOSPITAL REGIONAL UNIMED LONDRINA,LONDRINA,17a RS LONDRINA,MACRORREGIONAL NORTE,13,Rinovírus,1
HOSPITAL REGIONAL UNIMED LONDRINA,CAMBE,17a RS LONDRINA,MACRORREGIONAL NORTE,13,VSR,1
HOSPITAL REGIONAL UNIMED LONDRINA,LONDRINA,17a RS LONDRINA,MACRORREGIONAL NORTE,14,Rinovírus,1
HOSPITAL REGIONAL UNIMED LONDRINA,LONDRINA,17a RS LONDRINA,MACRORREGIONAL NORTE,14,VSR,1
HOSPITAL REGIONAL UNIMED LONDRINA,LONDRINA,17a RS LONDRINA,MACRORREGIONAL NORTE,15,VSR,1
HOSPITAL REGIONAL UNIMED LONDRINA,LONDRINA,17a RS LONDRINA,MACRORREGIONAL NORTE,16,Metapneumovírus,1
HOSPITAL REGIONAL UNIMED LONDRINA,ASSAI,17a RS LONDRINA,MACRORREGIONAL NORTE,16,Rinovírus,1
HOSPITAL REGIONAL UNIMED LONDRINA,LONDRINA,17a RS LONDRINA,MACRORREGIONAL NORTE,16,Rinovírus,2
HOSPITAL REGIONAL UNIMED LONDRINA,LONDRINA,17a RS LONDRINA,MACRORREGIONAL NORTE,16,VSR,3
HOSPITAL REGIONAL UNIMED LONDRINA,CAMBE,17a RS LONDRINA,MACRORREGIONAL NORTE,17,Rinovírus,1
HOSPITAL REGIONAL UNIMED LONDRINA,IBIPORA,17a RS LONDRINA,MACRORREGIONAL NORTE,17,Rinovírus,1
HOSPITAL REGIONAL UNIMED LONDRINA,CAMBE,17a RS LONDRINA,MACRORREGIONAL NORTE,17,VSR,1
HOSPITAL REGIONAL UNIMED LONDRINA,LONDRINA,17a RS LONDRINA,MACRORREGIONAL NORTE,17,VSR,2
HOSPITAL REGIONAL UNIMED LONDRINA,CAMBE,17a RS LONDRINA,MACRORREGIONAL NORTE,18,Rinovírus,1
HOSPITAL REGIONAL UNIMED LONDRINA,LONDRINA,17a RS LONDRINA,MACRORREGIONAL NORTE,18,Rinovírus,1
HOSPITAL REGIONAL UNIMED LONDRINA,CAMBE,17a RS LONDRINA,MACRORREGIONAL NORTE,18,VSR,3
HOSPITAL REGIONAL UNIMED LONDRINA,LONDRINA,17a RS LONDRINA,MACRORREGIONAL NORTE,18,VSR,3
HOSPITAL REGIONAL UNIMED LONDRINA,LONDRINA,17a RS LONDRINA,MACRORREGIONAL NORTE,19,Adenovírus,1
HOSPITAL REGIONAL UNIMED LONDRINA,LONDRINA,17a RS LONDRINA,MACRORREGIONAL NORTE,19,Rinovírus,1
HOSPITAL REGIONAL UNIMED LONDRINA,LONDRINA,17a RS LONDRINA,MACRORREGIONAL NORTE,19,VSR,4
HOSPITAL REGIONAL UNIMED LONDRINA,LONDRINA,17a RS LONDRINA,MACRORREGIONAL NORTE,20,Adenovírus,1
HOSPITAL REGIONAL UNIMED LONDRINA,LONDRINA,17a RS LONDRINA,MACRORREGIONAL NORTE,20,Rinovírus,1
HOSPITAL REGIONAL UNIMED LONDRINA,CAMBE,17a RS LONDRINA,MACRORREGIONAL NORTE,20,VSR,1
HOSPITAL REGIONAL UNIMED LONDRINA,LONDRINA,17a RS LONDRINA,MACRORREGIONAL NORTE,20,VSR,3
HOSPITAL REGIONAL UNIMED LONDRINA,IBIPORA,17a RS LONDRINA,MACRORREGIONAL NORTE,21,VSR,1
HOSPITAL REGIONAL UNIMED LONDRINA,LONDRINA,17a RS LONDRINA,MACRORREGIONAL NORTE,21,VSR,1
HOSPITAL REGIONAL UNIMED LONDRINA,LONDRINA,17a RS LONDRINA,MACRORREGIONAL NORTE,22,Influenza,1
HOSPITAL REGIONAL UNIMED LONDRINA,LONDRINA,17a RS LONDRINA,MACRORREGIONAL NORTE,22,VSR,7
HOSPITAL REGIONAL UNIMED LONDRINA,LONDRINA,17a RS LONDRINA,MACRORREGIONAL NORTE,23,VSR,2
HOSPITAL REGIONAL UNIMED LONDRINA,LONDRINA,17a RS LONDRINA,MACRORREGIONAL NORTE,24,VSR,1
HOSPITAL REGIONAL UNIMED LONDRINA,IBIPORA,17a RS LONDRINA,MACRORREGIONAL NORTE,25,VSR,1
HOSPITAL REGIONAL UNIMED LONDRINA,LONDRINA,17a RS LONDRINA,MACRORREGIONAL NORTE,25,VSR,1
HOSPITAL REGIONAL UNIMED LONDRINA,LONDRINA,17a RS LONDRINA,MACRORREGIONAL NORTE,27,VSR,1
HOSPITAL REGIONAL UNIMED LONDRINA,LONDRINA,17a RS LONDRINA,MACRORREGIONAL NORTE,28,VSR,5
HOSPITAL REGIONAL UNIMED LONDRINA,CAMBE,17a RS LONDRINA,MACRORREGIONAL NORTE,29,VSR,1
HOSPITAL REGIONAL UNIMED LONDRINA,LONDRINA,17a RS LONDRINA,MACRORREGIONAL NORTE,29,VSR,4
HOSPITAL REGIONAL UNIMED LONDRINA,JAGUAPITA,17a RS LONDRINA,MACRORREGIONAL NORTE,30,VSR,1
HOSPITAL REGIONAL UNIMED LONDRINA,IBIPORA,17a RS LONDRINA,MACRORREGIONAL NORTE,31,VSR,1
HOSPITAL REGIONAL UNIMED LONDRINA,LONDRINA,17a RS LONDRINA,MACRORREGIONAL NORTE,32,VSR,2
HOSPITAL REGIONAL UNIMED LONDRINA,LONDRINA,17a RS LONDRINA,MACRORREGIONAL NORTE,33,Rinovírus,1
HOSPITAL SAO RAFAEL,PORECATU,17a RS LONDRINA,MACRORREGIONAL NORTE,2,Adenovírus,1
HOSPITAL SAO RAFAEL,ROLANDIA,17a RS LONDRINA,MACRORREGIONAL NORTE,4,Metapneumovírus,1
HOSPITAL SAO RAFAEL,PORECATU,17a RS LONDRINA,MACRORREGIONAL NORTE,5,Metapneumovírus,1
HOSPITAL SAO RAFAEL,ROLANDIA,17a RS LONDRINA,MACRORREGIONAL NORTE,5,Rinovírus,1
HOSPITAL SAO RAFAEL,ROLANDIA,17a RS LONDRINA,MACRORREGIONAL NORTE,7,Influenza,1
HOSPITAL SAO RAFAEL,ROLANDIA,17a RS LONDRINA,MACRORREGIONAL NORTE,8,Rinovírus,3
HOSPITAL SAO RAFAEL,ROLANDIA,17a RS LONDRINA,MACRORREGIONAL NORTE,8,VSR,1
HOSPITAL SAO RAFAEL,CENTENARIO DO SUL,17a RS LONDRINA,MACRORREGIONAL NORTE,9,Metapneumovírus,1
HOSPITAL SAO RAFAEL,ROLANDIA,17a RS LONDRINA,MACRORREGIONAL NORTE,9,Rinovírus,2
HOSPITAL SAO RAFAEL,ROLANDIA,17a RS LONDRINA,MACRORREGIONAL NORTE,10,Rinovírus,4
HOSPITAL SAO RAFAEL,ROLANDIA,17a RS LONDRINA,MACRORREGIONAL NORTE,11,Metapneumovírus,1
HOSPITAL SAO RAFAEL,ROLANDIA,17a RS LONDRINA,MACRORREGIONAL NORTE,11,Rinovírus,1
HOSPITAL SAO RAFAEL,ROLANDIA,17a RS LONDRINA,MACRORREGIONAL NORTE,11,VSR,1
HOSPITAL SAO RAFAEL,JAGUAPITA,17a RS LONDRINA,MACRORREGIONAL NORTE,12,Metapneumovírus,1
HOSPITAL SAO RAFAEL,JAGUAPITA,17a RS LONDRINA,MACRORREGIONAL NORTE,12,Rinovírus,2
HOSPITAL SAO RAFAEL,ROLANDIA,17a RS LONDRINA,MACRORREGIONAL NORTE,12,Rinovírus,5
HOSPITAL SAO RAFAEL,JAGUAPITA,17a RS LONDRINA,MACRORREGIONAL NORTE,13,Metapneumovírus,1
HOSPITAL SAO RAFAEL,ROLANDIA,17a RS LONDRINA,MACRORREGIONAL NORTE,13,Rinovírus,2
HOSPITAL SAO RAFAEL,JAGUAPITA,17a RS LONDRINA,MACRORREGIONAL NORTE,14,Rinovírus,1
HOSPITAL SAO RAFAEL,JAGUAPITA,17a RS LONDRINA,MACRORREGIONAL NORTE,15,Metapneumovírus,1
HOSPITAL SAO RAFAEL,ROLANDIA,17a RS LONDRINA,MACRORREGIONAL NORTE,15,Metapneumovírus,1
HOSPITAL SAO RAFAEL,CENTENARIO DO SUL,17a RS LONDRINA,MACRORREGIONAL NORTE,15,Rinovírus,1
HOSPITAL SAO RAFAEL,JAGUAPITA,17a RS LONDRINA,MACRORREGIONAL NORTE,15,Rinovírus,1
HOSPITAL SAO RAFAEL,ROLANDIA,17a RS LONDRINA,MACRORREGIONAL NORTE,15,Rinovírus,1
HOSPITAL SAO RAFAEL,ROLANDIA,17a RS LONDRINA,MACRORREGIONAL NORTE,16,Rinovírus,1
HOSPITAL SAO RAFAEL,LUPIONOPOLIS,17a RS LONDRINA,MACRORREGIONAL NORTE,17,Influenza,1
HOSPITAL SAO RAFAEL,ROLANDIA,17a RS LONDRINA,MACRORREGIONAL NORTE,17,Influenza,2
HOSPITAL SAO RAFAEL,JAGUAPITA,17a RS LONDRINA,MACRORREGIONAL NORTE,17,Rinovírus,1
HOSPITAL SAO RAFAEL,ROLANDIA,17a RS LONDRINA,MACRORREGIONAL NORTE,18,Influenza,1
HOSPITAL SAO RAFAEL,JAGUAPITA,17a RS LONDRINA,MACRORREGIONAL NORTE,18,Rinovírus,1
HOSPITAL SAO RAFAEL,ROLANDIA,17a RS LONDRINA,MACRORREGIONAL NORTE,18,Rinovírus,3
HOSPITAL SAO RAFAEL,ROLANDIA,17a RS LONDRINA,MACRORREGIONAL NORTE,18,VSR,1
HOSPITAL SAO RAFAEL,ROLANDIA,17a RS LONDRINA,MACRORREGIONAL NORTE,19,Rinovírus,1
HOSPITAL SAO RAFAEL,ROLANDIA,17a RS LONDRINA,MACRORREGIONAL NORTE,19,VSR,1
HOSPITAL SAO RAFAEL,ROLANDIA,17a RS LONDRINA,MACRORREGIONAL NORTE,21,Adenovírus,1
HOSPITAL SAO RAFAEL,GUARACI,17a RS LONDRINA,MACRORREGIONAL NORTE,21,Rinovírus,1
HOSPITAL SAO RAFAEL,PITANGUEIRAS,17a RS LONDRINA,MACRORREGIONAL NORTE,21,Rinovírus,1
HOSPITAL SAO RAFAEL,ROLANDIA,17a RS LONDRINA,MACRORREGIONAL NORTE,21,Rinovírus,2
HOSPITAL SAO RAFAEL,CAFEARA,17a RS LONDRINA,MACRORREGIONAL NORTE,22,Adenovírus,1
HOSPITAL SAO RAFAEL,ROLANDIA,17a RS LONDRINA,MACRORREGIONAL NORTE,22,Influenza,1
HOSPITAL SAO RAFAEL,GUARACI,17a RS LONDRINA,MACRORREGIONAL NORTE,22,Rinovírus,1
HOSPITAL SAO RAFAEL,ROLANDIA,17a RS LONDRINA,MACRORREGIONAL NORTE,22,Rinovírus,2
HOSPITAL SAO RAFAEL,CAFEARA,17a RS LONDRINA,MACRORREGIONAL NORTE,22,VSR,1
HOSPITAL SAO RAFAEL,PORECATU,17a RS LONDRINA,MACRORREGIONAL NORTE,22,VSR,1
HOSPITAL SAO RAFAEL,ROLANDIA,17a RS LONDRINA,MACRORREGIONAL NORTE,22,VSR,1
HOSPITAL SAO RAFAEL,ROLANDIA,17a RS LONDRINA,MACRORREGIONAL NORTE,23,Adenovírus,1
HOSPITAL SAO RAFAEL,ROLANDIA,17a RS LONDRINA,MACRORREGIONAL NORTE,23,Influenza,1
HOSPITAL SAO RAFAEL,CAFEARA,17a RS LONDRINA,MACRORREGIONAL NORTE,23,Rinovírus,1
HOSPITAL SAO RAFAEL,CAFEARA,17a RS LONDRINA,MACRORREGIONAL NORTE,23,VSR,1
HOSPITAL SAO RAFAEL,JAGUAPITA,17a RS LONDRINA,MACRORREGIONAL NORTE,23,VSR,2
HOSPITAL SAO RAFAEL,ROLANDIA,17a RS LONDRINA,MACRORREGIONAL NORTE,23,VSR,3
HOSPITAL SAO RAFAEL,CENTENARIO DO SUL,17a RS LONDRINA,MACRORREGIONAL NORTE,24,Adenovírus,1
HOSPITAL SAO RAFAEL,ROLANDIA,17a RS LONDRINA,MACRORREGIONAL NORTE,24,Adenovírus,2
HOSPITAL SAO RAFAEL,ROLANDIA,17a RS LONDRINA,MACRORREGIONAL NORTE,24,Influenza,2
HOSPITAL SAO RAFAEL,ROLANDIA,17a RS LONDRINA,MACRORREGIONAL NORTE,24,Metapneumovírus,1
HOSPITAL SAO RAFAEL,JAGUAPITA,17a RS LONDRINA,MACRORREGIONAL NORTE,24,VSR,1
HOSPITAL SAO RAFAEL,ROLANDIA,17a RS LONDRINA,MACRORREGIONAL NORTE,24,VSR,3
HOSPITAL SAO RAFAEL,ROLANDIA,17a RS LONDRINA,MACRORREGIONAL NORTE,25,Influenza,1
HOSPITAL SAO RAFAEL,PITANGUEIRAS,17a RS LONDRINA,MACRORREGIONAL NORTE,25,Metapneumovírus,1
HOSPITAL SAO RAFAEL,ROLANDIA,17a RS LONDRINA,MACRORREGIONAL NORTE,25,Metapneumovírus,1
HOSPITAL SAO RAFAEL,ROLANDIA,17a RS LONDRINA,MACRORREGIONAL NORTE,25,Rinovírus,3
HOSPITAL SAO RAFAEL,JAGUAPITA,17a RS LONDRINA,MACRORREGIONAL NORTE,25,VSR,1
HOSPITAL SAO RAFAEL,ROLANDIA,17a RS LONDRINA,MACRORREGIONAL NORTE,25,VSR,4
HOSPITAL SAO RAFAEL,ROLANDIA,17a RS LONDRINA,MACRORREGIONAL NORTE,26,Metapneumovírus,1
HOSPITAL SAO RAFAEL,JAGUAPITA,17a RS LONDRINA,MACRORREGIONAL NORTE,26,VSR,1
HOSPITAL SAO RAFAEL,PITANGUEIRAS,17a RS LONDRINA,MACRORREGIONAL NORTE,26,VSR,2
HOSPITAL SAO RAFAEL,ROLANDIA,17a RS LONDRINA,MACRORREGIONAL NORTE,26,VSR,1
HOSPITAL SAO RAFAEL,ROLANDIA,17a RS LONDRINA,MACRORREGIONAL NORTE,27,Adenovírus,1
HOSPITAL SAO RAFAEL,ROLANDIA,17a RS LONDRINA,MACRORREGIONAL NORTE,27,Influenza,1
HOSPITAL SAO RAFAEL,ROLANDIA,17a RS LONDRINA,MACRORREGIONAL NORTE,27,Metapneumovírus,1
HOSPITAL SAO RAFAEL,JAGUAPITA,17a RS LONDRINA,MACRORREGIONAL NORTE,27,Rinovírus,1
HOSPITAL SAO RAFAEL,PORECATU,17a RS LONDRINA,MACRORREGIONAL NORTE,27,Rinovírus,1
HOSPITAL SAO RAFAEL,ROLANDIA,17a RS LONDRINA,MACRORREGIONAL NORTE,27,VSR,2
HOSPITAL SAO RAFAEL,ROLANDIA,17a RS LONDRINA,MACRORREGIONAL NORTE,28,Adenovírus,1
HOSPITAL SAO RAFAEL,ROLANDIA,17a RS LONDRINA,MACRORREGIONAL NORTE,28,Influenza,1
HOSPITAL SAO RAFAEL,PORECATU,17a RS LONDRINA,MACRORREGIONAL NORTE,28,Metapneumovírus,1
HOSPITAL SAO RAFAEL,ROLANDIA,17a RS LONDRINA,MACRORREGIONAL NORTE,28,Rinovírus,1
HOSPITAL SAO RAFAEL,JAGUAPITA,17a RS LONDRINA,MACRORREGIONAL NORTE,28,VSR,2
HOSPITAL SAO RAFAEL,ROLANDIA,17a RS LONDRINA,MACRORREGIONAL NORTE,28,VSR,2
HOSPITAL SAO RAFAEL,ROLANDIA,17a RS LONDRINA,MACRORREGIONAL NORTE,29,Metapneumovírus,1
HOSPITAL SAO RAFAEL,PORECATU,17a RS LONDRINA,MACRORREGIONAL NORTE,29,Rinovírus,1
HOSPITAL SAO RAFAEL,ROLANDIA,17a RS LONDRINA,MACRORREGIONAL NORTE,29,Rinovírus,1
HOSPITAL SAO RAFAEL,ROLANDIA,17a RS LONDRINA,MACRORREGIONAL NORTE,29,VSR,1
HOSPITAL SAO RAFAEL,JAGUAPITA,17a RS LONDRINA,MACRORREGIONAL NORTE,30,Influenza,1
HOSPITAL SAO RAFAEL,ROLANDIA,17a RS LONDRINA,MACRORREGIONAL NORTE,30,Influenza,1
HOSPITAL SAO RAFAEL,ROLANDIA,17a RS LONDRINA,MACRORREGIONAL NORTE,30,Metapneumovírus,2
HOSPITAL SAO RAFAEL,ROLANDIA,17a RS LONDRINA,MACRORREGIONAL NORTE,30,Rinovírus,1
HOSPITAL SAO RAFAEL,CENTENARIO DO SUL,17a RS LONDRINA,MACRORREGIONAL NORTE,30,VSR,1
HOSPITAL SAO RAFAEL,PORECATU,17a RS LONDRINA,MACRORREGIONAL NORTE,30,VSR,1
HOSPITAL SAO RAFAEL,ROLANDIA,17a RS LONDRINA,MACRORREGIONAL NORTE,30,VSR,1
HOSPITAL SAO RAFAEL,PITANGUEIRAS,17a RS LONDRINA,MACRORREGIONAL NORTE,31,VSR,1
HOSPITAL SAO RAFAEL,ROLANDIA,17a RS LONDRINA,MACRORREGIONAL NORTE,31,VSR,2
HOSPITAL SAO RAFAEL,PITANGUEIRAS,17a RS LONDRINA,MACRORREGIONAL NORTE,32,Rinovírus,1
HOSPITAL UNIVERSITARIO REGIONAL DO NORTE DO PARANA,LONDRINA,17a RS LONDRINA,MACRORREGIONAL NORTE,3,Influenza,1
HOSPITAL UNIVERSITARIO REGIONAL DO NORTE DO PARANA,TAMARANA,17a RS LONDRINA,MACRORREGIONAL NORTE,3,Influenza,1
HOSPITAL UNIVERSITARIO REGIONAL DO NORTE DO PARANA,LONDRINA,17a RS LONDRINA,MACRORREGIONAL NORTE,5,Covid-19,1
HOSPITAL UNIVERSITARIO REGIONAL DO NORTE DO PARANA,CAMBE,17a RS LONDRINA,MACRORREGIONAL NORTE,7,Covid-19,1
HOSPITAL UNIVERSITARIO REGIONAL DO NORTE DO PARANA,LONDRINA,17a RS LONDRINA,MACRORREGIONAL NORTE,7,Influenza,2
HOSPITAL UNIVERSITARIO REGIONAL DO NORTE DO PARANA,ROLANDIA,17a RS LONDRINA,MACRORREGIONAL NORTE,7,Influenza,1
HOSPITAL UNIVERSITARIO REGIONAL DO NORTE DO PARANA,LONDRINA,17a RS LONDRINA,MACRORREGIONAL NORTE,8,VSR,1
HOSPITAL UNIVERSITARIO REGIONAL DO NORTE DO PARANA,ROLANDIA,17a RS LONDRINA,MACRORREGIONAL NORTE,9,Covid-19,1
HOSPITAL UNIVERSITARIO REGIONAL DO NORTE DO PARANA,LONDRINA,17a RS LONDRINA,MACRORREGIONAL NORTE,10,Influenza,1
HOSPITAL UNIVERSITARIO REGIONAL DO NORTE DO PARANA,LONDRINA,17a RS LONDRINA,MACRORREGIONAL NORTE,10,VSR,1
HOSPITAL UNIVERSITARIO REGIONAL DO NORTE DO PARANA,LONDRINA,17a RS LONDRINA,MACRORREGIONAL NORTE,12,VSR,1
HOSPITAL UNIVERSITARIO REGIONAL DO NORTE DO PARANA,LONDRINA,17a RS LONDRINA,MACRORREGIONAL NORTE,13,Influenza,1
HOSPITAL UNIVERSITARIO REGIONAL DO NORTE DO PARANA,LONDRINA,17a RS LONDRINA,MACRORREGIONAL NORTE,13,VSR,1
HOSPITAL UNIVERSITARIO REGIONAL DO NORTE DO PARANA,LONDRINA,17a RS LONDRINA,MACRORREGIONAL NORTE,15,Covid-19,1
HOSPITAL UNIVERSITARIO REGIONAL DO NORTE DO PARANA,LONDRINA,17a RS LONDRINA,MACRORREGIONAL NORTE,15,VSR,1
HOSPITAL UNIVERSITARIO REGIONAL DO NORTE DO PARANA,MIRASELVA,17a RS LONDRINA,MACRORREGIONAL NORTE,15,VSR,1
HOSPITAL UNIVERSITARIO REGIONAL DO NORTE DO PARANA,CAMBE,17a RS LONDRINA,MACRORREGIONAL NORTE,16,Influenza,1
HOSPITAL UNIVERSITARIO REGIONAL DO NORTE DO PARANA,ROLANDIA,17a RS LONDRINA,MACRORREGIONAL NORTE,16,Influenza,1
HOSPITAL UNIVERSITARIO REGIONAL DO NORTE DO PARANA,LONDRINA,17a RS LONDRINA,MACRORREGIONAL NORTE,17,VSR,3
HOSPITAL UNIVERSITARIO REGIONAL DO NORTE DO PARANA,PRADO FERREIRA,17a RS LONDRINA,MACRORREGIONAL NORTE,17,VSR,1
HOSPITAL UNIVERSITARIO REGIONAL DO NORTE DO PARANA,BELA VISTA DO PARAISO,17a RS LONDRINA,MACRORREGIONAL NORTE,18,Influenza,1
HOSPITAL UNIVERSITARIO REGIONAL DO NORTE DO PARANA,LONDRINA,17a RS LONDRINA,MACRORREGIONAL NORTE,18,Influenza,1
HOSPITAL UNIVERSITARIO REGIONAL DO NORTE DO PARANA,CAMBE,17a RS LONDRINA,MACRORREGIONAL NORTE,18,VSR,1
HOSPITAL UNIVERSITARIO REGIONAL DO NORTE DO PARANA,LONDRINA,17a RS LONDRINA,MACRORREGIONAL NORTE,18,VSR,3
HOSPITAL UNIVERSITARIO REGIONAL DO NORTE DO PARANA,LONDRINA,17a RS LONDRINA,MACRORREGIONAL NORTE,19,Influenza,3
HOSPITAL UNIVERSITARIO REGIONAL DO NORTE DO PARANA,ROLANDIA,17a RS LONDRINA,MACRORREGIONAL NORTE,19,Influenza,3
HOSPITAL UNIVERSITARIO REGIONAL DO NORTE DO PARANA,ALVORADA DO SUL,17a RS LONDRINA,MACRORREGIONAL NORTE,19,VSR,1
HOSPITAL UNIVERSITARIO REGIONAL DO NORTE DO PARANA,LONDRINA,17a RS LONDRINA,MACRORREGIONAL NORTE,19,VSR,2
HOSPITAL UNIVERSITARIO REGIONAL DO NORTE DO PARANA,CAMBE,17a RS LONDRINA,MACRORREGIONAL NORTE,20,Influenza,1
HOSPITAL UNIVERSITARIO REGIONAL DO NORTE DO PARANA,LONDRINA,17a RS LONDRINA,MACRORREGIONAL NORTE,20,Influenza,6
HOSPITAL UNIVERSITARIO REGIONAL DO NORTE DO PARANA,TAMARANA,17a RS LONDRINA,MACRORREGIONAL NORTE,20,Influenza,1
HOSPITAL UNIVERSITARIO REGIONAL DO NORTE DO PARANA,IBIPORA,17a RS LONDRINA,MACRORREGIONAL NORTE,20,VSR,1
HOSPITAL UNIVERSITARIO REGIONAL DO NORTE DO PARANA,LONDRINA,17a RS LONDRINA,MACRORREGIONAL NORTE,20,VSR,2
HOSPITAL UNIVERSITARIO REGIONAL DO NORTE DO PARANA,LONDRINA,17a RS LONDRINA,MACRORREGIONAL NORTE,21,Influenza,2
HOSPITAL UNIVERSITARIO REGIONAL DO NORTE DO PARANA,TAMARANA,17a RS LONDRINA,MACRORREGIONAL NORTE,21,Influenza,1
HOSPITAL UNIVERSITARIO REGIONAL DO NORTE DO PARANA,IBIPORA,17a RS LONDRINA,MACRORREGIONAL NORTE,21,VSR,1
HOSPITAL UNIVERSITARIO REGIONAL DO NORTE DO PARANA,JATAIZINHO,17a RS LONDRINA,MACRORREGIONAL NORTE,21,VSR,1
HOSPITAL UNIVERSITARIO REGIONAL DO NORTE DO PARANA,LONDRINA,17a RS LONDRINA,MACRORREGIONAL NORTE,21,VSR,8
HOSPITAL UNIVERSITARIO REGIONAL DO NORTE DO PARANA,CAMBE,17a RS LONDRINA,MACRORREGIONAL NORTE,22,Influenza,2
HOSPITAL UNIVERSITARIO REGIONAL DO NORTE DO PARANA,LONDRINA,17a RS LONDRINA,MACRORREGIONAL NORTE,22,Influenza,6
HOSPITAL UNIVERSITARIO REGIONAL DO NORTE DO PARANA,ROLANDIA,17a RS LONDRINA,MACRORREGIONAL NORTE,22,Influenza,2
HOSPITAL UNIVERSITARIO REGIONAL DO NORTE DO PARANA,CAMBE,17a RS LONDRINA,MACRORREGIONAL NORTE,22,VSR,1
HOSPITAL UNIVERSITARIO REGIONAL DO NORTE DO PARANA,IBIPORA,17a RS LONDRINA,MACRORREGIONAL NORTE,22,VSR,1
HOSPITAL UNIVERSITARIO REGIONAL DO NORTE DO PARANA,LONDRINA,17a RS LONDRINA,MACRORREGIONAL NORTE,22,VSR,6
HOSPITAL UNIVERSITARIO REGIONAL DO NORTE DO PARANA,CAMBE,17a RS LONDRINA,MACRORREGIONAL NORTE,23,Influenza,1
HOSPITAL UNIVERSITARIO REGIONAL DO NORTE DO PARANA,IBIPORA,17a RS LONDRINA,MACRORREGIONAL NORTE,23,Influenza,1
HOSPITAL UNIVERSITARIO REGIONAL DO NORTE DO PARANA,LONDRINA,17a RS LONDRINA,MACRORREGIONAL NORTE,23,Influenza,7
HOSPITAL UNIVERSITARIO REGIONAL DO NORTE DO PARANA,IBIPORA,17a RS LONDRINA,MACRORREGIONAL NORTE,23,VSR,1
HOSPITAL UNIVERSITARIO REGIONAL DO NORTE DO PARANA,LONDRINA,17a RS LONDRINA,MACRORREGIONAL NORTE,23,VSR,2
HOSPITAL UNIVERSITARIO REGIONAL DO NORTE DO PARANA,IBIPORA,17a RS LONDRINA,MACRORREGIONAL NORTE,24,Influenza,2
HOSPITAL UNIVERSITARIO REGIONAL DO NORTE DO PARANA,LONDRINA,17a RS LONDRINA,MACRORREGIONAL NORTE,24,Influenza,4
HOSPITAL UNIVERSITARIO REGIONAL DO NORTE DO PARANA,LUPIONOPOLIS,17a RS LONDRINA,MACRORREGIONAL NORTE,24,Influenza,1
HOSPITAL UNIVERSITARIO REGIONAL DO NORTE DO PARANA,TAMARANA,17a RS LONDRINA,MACRORREGIONAL NORTE,24,Influenza,1
HOSPITAL UNIVERSITARIO REGIONAL DO NORTE DO PARANA,ALVORADA DO SUL,17a RS LONDRINA,MACRORREGIONAL NORTE,24,VSR,1
HOSPITAL UNIVERSITARIO REGIONAL DO NORTE DO PARANA,IBIPORA,17a RS LONDRINA,MACRORREGIONAL NORTE,24,VSR,2
HOSPITAL UNIVERSITARIO REGIONAL DO NORTE DO PARANA,LONDRINA,17a RS LONDRINA,MACRORREGIONAL NORTE,24,VSR,6
HOSPITAL UNIVERSITARIO REGIONAL DO NORTE DO PARANA,PRIMEIRO DE MAIO,17a RS LONDRINA,MACRORREGIONAL NORTE,24,VSR,1
HOSPITAL UNIVERSITARIO REGIONAL DO NORTE DO PARANA,ROLANDIA,17a RS LONDRINA,MACRORREGIONAL NORTE,24,VSR,1
HOSPITAL UNIVERSITARIO REGIONAL DO NORTE DO PARANA,IBIPORA,17a RS LONDRINA,MACRORREGIONAL NORTE,25,Influenza,1
HOSPITAL UNIVERSITARIO REGIONAL DO NORTE DO PARANA,LONDRINA,17a RS LONDRINA,MACRORREGIONAL NORTE,25,Influenza,7
HOSPITAL UNIVERSITARIO REGIONAL DO NORTE DO PARANA,ROLANDIA,17a RS LONDRINA,MACRORREGIONAL NORTE,25,Influenza,1
HOSPITAL UNIVERSITARIO REGIONAL DO NORTE DO PARANA,CAMBE,17a RS LONDRINA,MACRORREGIONAL NORTE,25,VSR,1
HOSPITAL UNIVERSITARIO REGIONAL DO NORTE DO PARANA,IBIPORA,17a RS LONDRINA,MACRORREGIONAL NORTE,25,VSR,2
HOSPITAL UNIVERSITARIO REGIONAL DO NORTE DO PARANA,JAGUAPITA,17a RS LONDRINA,MACRORREGIONAL NORTE,25,VSR,1
HOSPITAL UNIVERSITARIO REGIONAL DO NORTE DO PARANA,LONDRINA,17a RS LONDRINA,MACRORREGIONAL NORTE,25,VSR,5
HOSPITAL UNIVERSITARIO REGIONAL DO NORTE DO PARANA,IBIPORA,17a RS LONDRINA,MACRORREGIONAL NORTE,26,Influenza,1
HOSPITAL UNIVERSITARIO REGIONAL DO NORTE DO PARANA,LONDRINA,17a RS LONDRINA,MACRORREGIONAL NORTE,26,Influenza,3
HOSPITAL UNIVERSITARIO REGIONAL DO NORTE DO PARANA,ROLANDIA,17a RS LONDRINA,MACRORREGIONAL NORTE,26,Influenza,1
HOSPITAL UNIVERSITARIO REGIONAL DO NORTE DO PARANA,LONDRINA,17a RS LONDRINA,MACRORREGIONAL NORTE,26,VSR,3
HOSPITAL UNIVERSITARIO REGIONAL DO NORTE DO PARANA,SERTANOPOLIS,17a RS LONDRINA,MACRORREGIONAL NORTE,26,VSR,1
HOSPITAL UNIVERSITARIO REGIONAL DO NORTE DO PARANA,CAMBE,17a RS LONDRINA,MACRORREGIONAL NORTE,27,Influenza,1
HOSPITAL UNIVERSITARIO REGIONAL DO NORTE DO PARANA,IBIPORA,17a RS LONDRINA,MACRORREGIONAL NORTE,27,Influenza,1
HOSPITAL UNIVERSITARIO REGIONAL DO NORTE DO PARANA,LONDRINA,17a RS LONDRINA,MACRORREGIONAL NORTE,27,Influenza,4
HOSPITAL UNIVERSITARIO REGIONAL DO NORTE DO PARANA,TAMARANA,17a RS LONDRINA,MACRORREGIONAL NORTE,27,Influenza,1
HOSPITAL UNIVERSITARIO REGIONAL DO NORTE DO PARANA,CAMBE,17a RS LONDRINA,MACRORREGIONAL NORTE,27,VSR,1
HOSPITAL UNIVERSITARIO REGIONAL DO NORTE DO PARANA,IBIPORA,17a RS LONDRINA,MACRORREGIONAL NORTE,27,VSR,1
HOSPITAL UNIVERSITARIO REGIONAL DO NORTE DO PARANA,LONDRINA,17a RS LONDRINA,MACRORREGIONAL NORTE,27,VSR,3
HOSPITAL UNIVERSITARIO REGIONAL DO NORTE DO PARANA,LONDRINA,17a RS LONDRINA,MACRORREGIONAL NORTE,28,Influenza,2
HOSPITAL UNIVERSITARIO REGIONAL DO NORTE DO PARANA,FLORESTOPOLIS,17a RS LONDRINA,MACRORREGIONAL NORTE,28,VSR,1
HOSPITAL UNIVERSITARIO REGIONAL DO NORTE DO PARANA,JAGUAPITA,17a RS LONDRINA,MACRORREGIONAL NORTE,28,VSR,1
HOSPITAL UNIVERSITARIO REGIONAL DO NORTE DO PARANA,LONDRINA,17a RS LONDRINA,MACRORREGIONAL NORTE,28,VSR,3
HOSPITAL UNIVERSITARIO REGIONAL DO NORTE DO PARANA,LONDRINA,17a RS LONDRINA,MACRORREGIONAL NORTE,29,Influenza,2
HOSPITAL UNIVERSITARIO REGIONAL DO NORTE DO PARANA,TAMARANA,17a RS LONDRINA,MACRORREGIONAL NORTE,29,Influenza,1
HOSPITAL UNIVERSITARIO REGIONAL DO NORTE DO PARANA,IBIPORA,17a RS LONDRINA,MACRORREGIONAL NORTE,29,VSR,1
HOSPITAL UNIVERSITARIO REGIONAL DO NORTE DO PARANA,LONDRINA,17a RS LONDRINA,MACRORREGIONAL NORTE,29,VSR,5
HOSPITAL UNIVERSITARIO REGIONAL DO NORTE DO PARANA,TAMARANA,17a RS LONDRINA,MACRORREGIONAL NORTE,29,VSR,1
HOSPITAL UNIVERSITARIO REGIONAL DO NORTE DO PARANA,LONDRINA,17a RS LONDRINA,MACRORREGIONAL NORTE,30,Influenza,2
HOSPITAL UNIVERSITARIO REGIONAL DO NORTE DO PARANA,IBIPORA,17a RS LONDRINA,MACRORREGIONAL NORTE,30,VSR,1
HOSPITAL UNIVERSITARIO REGIONAL DO NORTE DO PARANA,LONDRINA,17a RS LONDRINA,MACRORREGIONAL NORTE,30,VSR,6
HOSPITAL UNIVERSITARIO REGIONAL DO NORTE DO PARANA,ROLANDIA,17a RS LONDRINA,MACRORREGIONAL NORTE,31,Influenza,1
HOSPITAL UNIVERSITARIO REGIONAL DO NORTE DO PARANA,LONDRINA,17a RS LONDRINA,MACRORREGIONAL NORTE,31,VSR,2
HOSPITAL UNIVERSITARIO REGIONAL DO NORTE DO PARANA,PORECATU,17a RS LONDRINA,MACRORREGIONAL NORTE,31,VSR,1
HOSPITAL UNIVERSITARIO REGIONAL DO NORTE DO PARANA,ROLANDIA,17a RS LONDRINA,MACRORREGIONAL NORTE,32,Influenza,1
HOSPITAL UNIVERSITARIO REGIONAL DO NORTE DO PARANA,LONDRINA,17a RS LONDRINA,MACRORREGIONAL NORTE,32,VSR,2
HOSPITAL UNIVERSITARIO REGIONAL DO NORTE DO PARANA,LONDRINA,17a RS LONDRINA,MACRORREGIONAL NORTE,34,Influenza,1
HOSPITAL UNIVERSITARIO REGIONAL DO NORTE DO PARANA,CAMBE,17a RS LONDRINA,MACRORREGIONAL NORTE,34,VSR,1
HOSPITAL UNIVERSITARIO REGIONAL DO NORTE DO PARANA,LONDRINA,17a RS LONDRINA,MACRORREGIONAL NORTE,35,Adenovírus,1
HOSPITAL UNIVERSITARIO REGIONAL DO NORTE DO PARANA,IBIPORA,17a RS LONDRINA,MACRORREGIONAL NORTE,35,VSR,1
HOSPITAL UNIVERSITARIO REGIONAL DO NORTE DO PARANA,LONDRINA,17a RS LONDRINA,MACRORREGIONAL NORTE,35,VSR,1
HOSPITAL UNIVERSITARIO REGIONAL DOS CAMPOS GERAIS,GUARACI,17a RS LONDRINA,MACRORREGIONAL NORTE,17,Influenza,1
ISCAL,LONDRINA,17a RS LONDRINA,MACRORREGIONAL NORTE,5,Rinovírus,1
ISCAL,LONDRINA,17a RS LONDRINA,MACRORREGIONAL NORTE,12,Rinovírus,1
ISCAL,TAMARANA,17a RS LONDRINA,MACRORREGIONAL NORTE,12,Rinovírus,1
ISCAL,LONDRINA,17a RS LONDRINA,MACRORREGIONAL NORTE,13,VSR,1
ISCAL,CAMBE,17a RS LONDRINA,MACRORREGIONAL NORTE,15,VSR,1
ISCAL,LONDRINA,17a RS LONDRINA,MACRORREGIONAL NORTE,15,VSR,1
ISCAL,LONDRINA,17a RS LONDRINA,MACRORREGIONAL NORTE,18,Adenovírus,1
ISCAL,LONDRINA,17a RS LONDRINA,MACRORREGIONAL NORTE,18,Influenza,1
ISCAL,LONDRINA,17a RS LONDRINA,MACRORREGIONAL NORTE,18,VSR,1
ISCAL,LONDRINA,17a RS LONDRINA,MACRORREGIONAL NORTE,19,VSR,1
ISCAL,LONDRINA,17a RS LONDRINA,MACRORREGIONAL NORTE,20,VSR,1
ISCAL,LONDRINA,17a RS LONDRINA,MACRORREGIONAL NORTE,21,Rinovírus,2
ISCAL,LONDRINA,17a RS LONDRINA,MACRORREGIONAL NORTE,22,Rinovírus,1
ISCAL,ROLANDIA,17a RS LONDRINA,MACRORREGIONAL NORTE,22,Rinovírus,1
ISCAL,LONDRINA,17a RS LONDRINA,MACRORREGIONAL NORTE,22,VSR,1
ISCAL,ALVORADA DO SUL,17a RS LONDRINA,MACRORREGIONAL NORTE,23,Rinovírus,1
ISCAL,CAMBE,17a RS LONDRINA,MACRORREGIONAL NORTE,23,Rinovírus,1
ISCAL,LONDRINA,17a RS LONDRINA,MACRORREGIONAL NORTE,25,Metapneumovírus,1
ISCAL,LONDRINA,17a RS LONDRINA,MACRORREGIONAL NORTE,25,Rinovírus,1
ISCAL,LONDRINA,17a RS LONDRINA,MACRORREGIONAL NORTE,27,Adenovírus,2
ISCAL,ROLANDIA,17a RS LONDRINA,MACRORREGIONAL NORTE,27,Influenza,1
ISCAL,LONDRINA,17a RS LONDRINA,MACRORREGIONAL NORTE,27,Rinovírus,2
ISCAL,LONDRINA,17a RS LONDRINA,MACRORREGIONAL NORTE,27,VSR,1
ISCAL,IBIPORA,17a RS LONDRINA,MACRORREGIONAL NORTE,28,VSR,1
ISCAL,LONDRINA,17a RS LONDRINA,MACRORREGIONAL NORTE,29,Rinovírus,3
ISCAL,LONDRINA,17a RS LONDRINA,MACRORREGIONAL NORTE,30,Rinovírus,2
ISCAL,CAMBE,17a RS LONDRINA,MACRORREGIONAL NORTE,32,VSR,1
ISCAL,ASSAI,17a RS LONDRINA,MACRORREGIONAL NORTE,33,Adenovírus,1
ISCAL,TAMARANA,17a RS LONDRINA,MACRORREGIONAL NORTE,33,Metapneumovírus,1
ISCAL,ASSAI,17a RS LONDRINA,MACRORREGIONAL NORTE,33,Rinovírus,1
ISCAL,LONDRINA,17a RS LONDRINA,MACRORREGIONAL NORTE,35,Metapneumovírus,1
SANTA CASA DE CAMBE,CAMBE,17a RS LONDRINA,MACRORREGIONAL NORTE,8,Rinovírus,1
SANTA CASA DE CAMBE,BELA VISTA DO PARAISO,17a RS LONDRINA,MACRORREGIONAL NORTE,19,VSR,1
SANTA CASA DE CAMBE,CAMBE,17a RS LONDRINA,MACRORREGIONAL NORTE,22,Influenza,2
SANTA CASA DE CAMBE,CAMBE,17a RS LONDRINA,MACRORREGIONAL NORTE,27,Influenza,1
CEGEN,CORNELIO PROCOPIO,18a RS CORNELIO PROCOPIO,MACRORREGIONAL NORTE,3,Covid-19,1
CEGEN,NOVA SANTA BARBARA,18a RS CORNELIO PROCOPIO,MACRORREGIONAL NORTE,3,Covid-19,1
CEGEN,CORNELIO PROCOPIO,18a RS CORNELIO PROCOPIO,MACRORREGIONAL NORTE,13,Influenza,1
CEGEN,ABATIA,18a RS CORNELIO PROCOPIO,MACRORREGIONAL NORTE,22,Influenza,1
CEGEN,CORNELIO PROCOPIO,18a RS CORNELIO PROCOPIO,MACRORREGIONAL NORTE,22,Influenza,1
CEGEN,RIBEIRAO DO PINHAL,18a RS CORNELIO PROCOPIO,MACRORREGIONAL NORTE,22,Influenza,1
CEGEN,CORNELIO PROCOPIO,18a RS CORNELIO PROCOPIO,MACRORREGIONAL NORTE,23,Rinovírus,1
CEGEN,ANDIRA,18a RS CORNELIO PROCOPIO,MACRORREGIONAL NORTE,26,Influenza,1
CEGEN,CORNELIO PROCOPIO,18a RS CORNELIO PROCOPIO,MACRORREGIONAL NORTE,27,Influenza,1
CEGEN,CORNELIO PROCOPIO,18a RS CORNELIO PROCOPIO,MACRORREGIONAL NORTE,34,Influenza,2
HOSPITAL REGIONAL UNIMED LONDRINA,URAI,18a RS CORNELIO PROCOPIO,MACRORREGIONAL NORTE,16,Rinovírus,1
HOSPITAL REGIONAL UNIMED LONDRINA,URAI,18a RS CORNELIO PROCOPIO,MACRORREGIONAL NORTE,16,VSR,1
HOSPITAL SANTA TEREZINHA,NOVA FATIMA,18a RS CORNELIO PROCOPIO,MACRORREGIONAL NORTE,16,Rinovírus,1
HOSPITAL SANTA TEREZINHA,NOVA FATIMA,18a RS CORNELIO PROCOPIO,MACRORREGIONAL NORTE,18,Influenza,2
HOSPITAL SANTA TEREZINHA,NOVA FATIMA,18a RS CORNELIO PROCOPIO,MACRORREGIONAL NORTE,22,Metapneumovírus,1
HOSPITAL UNIMED NORTE DO PARANA,CORNELIO PROCOPIO,18a RS CORNELIO PROCOPIO,MACRORREGIONAL NORTE,13,Influenza,1
HOSPITAL UNIMED NORTE DO PARANA,CORNELIO PROCOPIO,18a RS CORNELIO PROCOPIO,MACRORREGIONAL NORTE,23,Influenza,1
HOSPITAL UNIMED NORTE DO PARANA,SANTA MARIANA,18a RS CORNELIO PROCOPIO,MACRORREGIONAL NORTE,24,Influenza,1
HOSPITAL UNIVERSITARIO REGIONAL DO NORTE DO PARANA,RIBEIRAO DO PINHAL,18a RS CORNELIO PROCOPIO,MACRORREGIONAL NORTE,8,Influenza,1
HOSPITAL UNIVERSITARIO REGIONAL DO NORTE DO PARANA,CORNELIO PROCOPIO,18a RS CORNELIO PROCOPIO,MACRORREGIONAL NORTE,14,Influenza,1
HOSPITAL UNIVERSITARIO REGIONAL DO NORTE DO PARANA,RANCHO ALEGRE,18a RS CORNELIO PROCOPIO,MACRORREGIONAL NORTE,20,VSR,1
HOSPITAL UNIVERSITARIO REGIONAL DO NORTE DO PARANA,URAI,18a RS CORNELIO PROCOPIO,MACRORREGIONAL NORTE,20,VSR,1
HOSPITAL UNIVERSITARIO REGIONAL DO NORTE DO PARANA,SERTANEJA,18a RS CORNELIO PROCOPIO,MACRORREGIONAL NORTE,21,Influenza,1
HOSPITAL UNIVERSITARIO REGIONAL DO NORTE DO PARANA,SAO JERONIMO DA SERRA,18a RS CORNELIO PROCOPIO,MACRORREGIONAL NORTE,23,VSR,1
HOSPITAL UNIVERSITARIO REGIONAL DO NORTE DO PARANA,ABATIA,18a RS CORNELIO PROCOPIO,MACRORREGIONAL NORTE,28,Influenza,1
HOSPITAL UNIVERSITARIO REGIONAL DO NORTE DO PARANA,RIBEIRAO DO PINHAL,18a RS CORNELIO PROCOPIO,MACRORREGIONAL NORTE,30,VSR,1
HOSPITAL UNIVERSITARIO REGIONAL DO NORTE DO PARANA,RIBEIRAO DO PINHAL,18a RS CORNELIO PROCOPIO,MACRORREGIONAL NORTE,31,VSR,1
SANTA CASA DE BANDEIRANTES,ABATIA,18a RS CORNELIO PROCOPIO,MACRORREGIONAL NORTE,22,Influenza,1
SANTA CASA DE BANDEIRANTES,BANDEIRANTES,18a RS CORNELIO PROCOPIO,MACRORREGIONAL NORTE,22,Influenza,1
SANTA CASA DE BANDEIRANTES,ABATIA,18a RS CORNELIO PROCOPIO,MACRORREGIONAL NORTE,23,Influenza,1
SANTA CASA DE BANDEIRANTES,BANDEIRANTES,18a RS CORNELIO PROCOPIO,MACRORREGIONAL NORTE,23,Influenza,1
SANTA CASA DE BANDEIRANTES,BANDEIRANTES,18a RS CORNELIO PROCOPIO,MACRORREGIONAL NORTE,24,Influenza,1
SANTA CASA DE BANDEIRANTES,BANDEIRANTES,18a RS CORNELIO PROCOPIO,MACRORREGIONAL NORTE,25,Influenza,2
SANTA CASA DE BANDEIRANTES,BANDEIRANTES,18a RS CORNELIO PROCOPIO,MACRORREGIONAL NORTE,29,Influenza,1
SANTA CASA DE CORNELIO PROCOPIO,CONGONHINHAS,18a RS CORNELIO PROCOPIO,MACRORREGIONAL NORTE,11,Covid-19,1
SANTA CASA DE CORNELIO PROCOPIO,CORNELIO PROCOPIO,18a RS CORNELIO PROCOPIO,MACRORREGIONAL NORTE,13,Influenza,2
SANTA CASA DE CORNELIO PROCOPIO,CORNELIO PROCOPIO,18a RS CORNELIO PROCOPIO,MACRORREGIONAL NORTE,14,Influenza,2
SANTA CASA DE CORNELIO PROCOPIO,CORNELIO PROCOPIO,18a RS CORNELIO PROCOPIO,MACRORREGIONAL NORTE,15,Influenza,4
SANTA CASA DE CORNELIO PROCOPIO,CORNELIO PROCOPIO,18a RS CORNELIO PROCOPIO,MACRORREGIONAL NORTE,18,Influenza,1
SANTA CASA DE CORNELIO PROCOPIO,ANDIRA,18a RS CORNELIO PROCOPIO,MACRORREGIONAL NORTE,19,Rinovírus,1
SANTA CASA DE CORNELIO PROCOPIO,BANDEIRANTES,18a RS CORNELIO PROCOPIO,MACRORREGIONAL NORTE,20,Influenza,1
SANTA CASA DE CORNELIO PROCOPIO,NOVA SANTA BARBARA,18a RS CORNELIO PROCOPIO,MACRORREGIONAL NORTE,24,Metapneumovírus,1
SANTA CASA DE CORNELIO PROCOPIO,CORNELIO PROCOPIO,18a RS CORNELIO PROCOPIO,MACRORREGIONAL NORTE,26,Rinovírus,1
SANTA CASA DE CORNELIO PROCOPIO,CORNELIO PROCOPIO,18a RS CORNELIO PROCOPIO,MACRORREGIONAL NORTE,26,VSR,1
SANTA CASA DE CORNELIO PROCOPIO,LEOPOLIS,18a RS CORNELIO PROCOPIO,MACRORREGIONAL NORTE,27,Rinovírus,1
SANTA CASA DE CORNELIO PROCOPIO,CORNELIO PROCOPIO,18a RS CORNELIO PROCOPIO,MACRORREGIONAL NORTE,28,Adenovírus,1
SANTA CASA DE CORNELIO PROCOPIO,SANTA CECILIA DO PAVAO,18a RS CORNELIO PROCOPIO,MACRORREGIONAL NORTE,29,Metapneumovírus,1
SANTA CASA DE CORNELIO PROCOPIO,CORNELIO PROCOPIO,18a RS CORNELIO PROCOPIO,MACRORREGIONAL NORTE,30,Metapneumovírus,1
SANTA CASA DE CORNELIO PROCOPIO,SAPOPEMA,18a RS CORNELIO PROCOPIO,MACRORREGIONAL NORTE,31,Rinovírus,1
SANTA CASA DE CORNELIO PROCOPIO,CORNELIO PROCOPIO,18a RS CORNELIO PROCOPIO,MACRORREGIONAL NORTE,33,Adenovírus,1
CENTRO DE SAUDE MUNICIPAL DE JOAQUIM TAVORA,JOAQUIM TAVORA,19a RS JACAREZINHO,MACRORREGIONAL NORTE,24,Influenza,1
HNSG,PINHALAO,19a RS JACAREZINHO,MACRORREGIONAL NORTE,9,Covid-19,1
HOSPITAL ANGELINA CARON,SIQUEIRA CAMPOS,19a RS JACAREZINHO,MACRORREGIONAL NORTE,26,Rinovírus,1
HOSPITAL COMUNITARIO DR LINCOLN GRACA DE JMTAVORA,JOAQUIM TAVORA,19a RS JACAREZINHO,MACRORREGIONAL NORTE,24,Adenovírus,1
HOSPITAL COMUNITARIO DR LINCOLN GRACA DE JMTAVORA,JOAQUIM TAVORA,19a RS JACAREZINHO,MACRORREGIONAL NORTE,24,Influenza,1
HOSPITAL COMUNITARIO DR LINCOLN GRACA DE JMTAVORA,JOAQUIM TAVORA,19a RS JACAREZINHO,MACRORREGIONAL NORTE,24,Rinovírus,1
HOSPITAL COMUNITARIO DR LINCOLN GRACA DE JMTAVORA,JOAQUIM TAVORA,19a RS JACAREZINHO,MACRORREGIONAL NORTE,24,VSR,1
HOSPITAL COMUNITARIO DR LINCOLN GRACA DE JMTAVORA,JOAQUIM TAVORA,19a RS JACAREZINHO,MACRORREGIONAL NORTE,25,Influenza,2
HOSPITAL COMUNITARIO DR LINCOLN GRACA DE JMTAVORA,QUATIGUA,19a RS JACAREZINHO,MACRORREGIONAL NORTE,25,Rinovírus,1
HOSPITAL COMUNITARIO DR LINCOLN GRACA DE JMTAVORA,JOAQUIM TAVORA,19a RS JACAREZINHO,MACRORREGIONAL NORTE,25,VSR,1
HOSPITAL COMUNITARIO DR LINCOLN GRACA DE JMTAVORA,JOAQUIM TAVORA,19a RS JACAREZINHO,MACRORREGIONAL NORTE,26,Influenza,1
HOSPITAL COMUNITARIO DR LINCOLN GRACA DE JMTAVORA,JOAQUIM TAVORA,19a RS JACAREZINHO,MACRORREGIONAL NORTE,26,Rinovírus,1
HOSPITAL COMUNITARIO DR LINCOLN GRACA DE JMTAVORA,JOAQUIM TAVORA,19a RS JACAREZINHO,MACRORREGIONAL NORTE,26,VSR,2
HOSPITAL COMUNITARIO DR LINCOLN GRACA DE JMTAVORA,JOAQUIM TAVORA,19a RS JACAREZINHO,MACRORREGIONAL NORTE,27,Rinovírus,1
HOSPITAL COMUNITARIO DR LINCOLN GRACA DE JMTAVORA,JOAQUIM TAVORA,19a RS JACAREZINHO,MACRORREGIONAL NORTE,27,VSR,1
HOSPITAL COMUNITARIO DR LINCOLN GRACA DE JMTAVORA,JOAQUIM TAVORA,19a RS JACAREZINHO,MACRORREGIONAL NORTE,28,Influenza,1
HOSPITAL COMUNITARIO DR LINCOLN GRACA DE JMTAVORA,JOAQUIM TAVORA,19a RS JACAREZINHO,MACRORREGIONAL NORTE,28,VSR,6
HOSPITAL COMUNITARIO DR LINCOLN GRACA DE JMTAVORA,JOAQUIM TAVORA,19a RS JACAREZINHO,MACRORREGIONAL NORTE,29,Influenza,1
HOSPITAL COMUNITARIO DR LINCOLN GRACA DE JMTAVORA,JOAQUIM TAVORA,19a RS JACAREZINHO,MACRORREGIONAL NORTE,29,VSR,3
HOSPITAL COMUNITARIO DR LINCOLN GRACA DE JMTAVORA,JOAQUIM TAVORA,19a RS JACAREZINHO,MACRORREGIONAL NORTE,30,Adenovírus,1
HOSPITAL COMUNITARIO DR LINCOLN GRACA DE JMTAVORA,JOAQUIM TAVORA,19a RS JACAREZINHO,MACRORREGIONAL NORTE,30,VSR,1
HOSPITAL COMUNITARIO DR LINCOLN GRACA DE JMTAVORA,JOAQUIM TAVORA,19a RS JACAREZINHO,MACRORREGIONAL NORTE,32,Metapneumovírus,1
HOSPITAL COMUNITARIO DR LINCOLN GRACA DE JMTAVORA,JOAQUIM TAVORA,19a RS JACAREZINHO,MACRORREGIONAL NORTE,32,VSR,1
HOSPITAL GERAL UNIMED,CARLOPOLIS,19a RS JACAREZINHO,MACRORREGIONAL NORTE,22,Influenza,1
HOSPITAL INFANTIL PEQUENO PRINCIPE,WENCESLAU BRAZ,19a RS JACAREZINHO,MACRORREGIONAL NORTE,12,Metapneumovírus,1
HOSPITAL INFANTIL PEQUENO PRINCIPE,IBAITI,19a RS JACAREZINHO,MACRORREGIONAL NORTE,23,Influenza,1
HOSPITAL INFANTIL PEQUENO PRINCIPE,SALTO DO ITARARE,19a RS JACAREZINHO,MACRORREGIONAL NORTE,29,VSR,1
HOSPITAL INFANTIL PEQUENO PRINCIPE,JACAREZINHO,19a RS JACAREZINHO,MACRORREGIONAL NORTE,34,Influenza,1
HOSPITAL MUNICIPAL DE SALTO DO ITARARE,SALTO DO ITARARE,19a RS JACAREZINHO,MACRORREGIONAL NORTE,12,Metapneumovírus,2
HOSPITAL MUNICIPAL DE SALTO DO ITARARE,SALTO DO ITARARE,19a RS JACAREZINHO,MACRORREGIONAL NORTE,13,Metapneumovírus,1
HOSPITAL MUNICIPAL DE SALTO DO ITARARE,SALTO DO ITARARE,19a RS JACAREZINHO,MACRORREGIONAL NORTE,15,Influenza,2
HOSPITAL REGIONAL DO NORTE PIONEIRO,JACAREZINHO,19a RS JACAREZINHO,MACRORREGIONAL NORTE,10,Rinovírus,2
HOSPITAL REGIONAL DO NORTE PIONEIRO,SANTO ANTONIO DA PLATINA,19a RS JACAREZINHO,MACRORREGIONAL NORTE,15,Covid-19,1
HOSPITAL REGIONAL DO NORTE PIONEIRO,CAMBARA,19a RS JACAREZINHO,MACRORREGIONAL NORTE,15,Rinovírus,1
HOSPITAL REGIONAL DO NORTE PIONEIRO,SANTANA DO ITARARE,19a RS JACAREZINHO,MACRORREGIONAL NORTE,16,Rinovírus,1
HOSPITAL REGIONAL DO NORTE PIONEIRO,JOAQUIM TAVORA,19a RS JACAREZINHO,MACRORREGIONAL NORTE,20,Rinovírus,1
HOSPITAL REGIONAL DO NORTE PIONEIRO,CAMBARA,19a RS JACAREZINHO,MACRORREGIONAL NORTE,24,Rinovírus,1
HOSPITAL REGIONAL DO NORTE PIONEIRO,CAMBARA,19a RS JACAREZINHO,MACRORREGIONAL NORTE,24,VSR,1
HOSPITAL REGIONAL DO NORTE PIONEIRO,JACAREZINHO,19a RS JACAREZINHO,MACRORREGIONAL NORTE,26,Influenza,1
HOSPITAL REGIONAL DO NORTE PIONEIRO,SANTO ANTONIO DA PLATINA,19a RS JACAREZINHO,MACRORREGIONAL NORTE,26,Metapneumovírus,1
HOSPITAL REGIONAL DO NORTE PIONEIRO,FIGUEIRA,19a RS JACAREZINHO,MACRORREGIONAL NORTE,27,Rinovírus,1
HOSPITAL REGIONAL DO NORTE PIONEIRO,CAMBARA,19a RS JACAREZINHO,MACRORREGIONAL NORTE,28,Rinovírus,1
HOSPITAL REGIONAL DO NORTE PIONEIRO,JABOTI,19a RS JACAREZINHO,MACRORREGIONAL NORTE,28,Rinovírus,1
HOSPITAL REGIONAL DO NORTE PIONEIRO,SANTO ANTONIO DA PLATINA,19a RS JACAREZINHO,MACRORREGIONAL NORTE,28,Rinovírus,1
HOSPITAL SAO SEBASTIAO,WENCESLAU BRAZ,19a RS JACAREZINHO,MACRORREGIONAL NORTE,21,Influenza,2
HOSPITAL SAO SEBASTIAO,WENCESLAU BRAZ,19a RS JACAREZINHO,MACRORREGIONAL NORTE,22,Influenza,1
HOSPITAL SAO SEBASTIAO,WENCESLAU BRAZ,19a RS JACAREZINHO,MACRORREGIONAL NORTE,23,Influenza,1
HOSPITAL SAO VICENTE DE PAULO,TOMAZINA,19a RS JACAREZINHO,MACRORREGIONAL NORTE,30,VSR,1
HOSPITAL UNIVERSITARIO REGIONAL DO NORTE DO PARANA,SANTO ANTONIO DA PLATINA,19a RS JACAREZINHO,MACRORREGIONAL NORTE,21,Influenza,1
HOSPITAL UNIVERSITARIO REGIONAL DO NORTE DO PARANA,SIQUEIRA CAMPOS,19a RS JACAREZINHO,MACRORREGIONAL NORTE,23,VSR,1
HOSPITAL UNIVERSITARIO REGIONAL DO NORTE DO PARANA,SANTO ANTONIO DA PLATINA,19a RS JACAREZINHO,MACRORREGIONAL NORTE,25,VSR,1
HOSPITAL UNIVERSITARIO REGIONAL DO NORTE DO PARANA,JOAQUIM TAVORA,19a RS JACAREZINHO,MACRORREGIONAL NORTE,26,Influenza,1
HOSPITAL UNIVERSITARIO REGIONAL DO NORTE DO PARANA,QUATIGUA,19a RS JACAREZINHO,MACRORREGIONAL NORTE,26,Influenza,2
HOSPITAL UNIVERSITARIO REGIONAL DO NORTE DO PARANA,CARLOPOLIS,19a RS JACAREZINHO,MACRORREGIONAL NORTE,28,VSR,1
HOSPITAL UNIVERSITARIO REGIONAL DO NORTE DO PARANA,IBAITI,19a RS JACAREZINHO,MACRORREGIONAL NORTE,28,VSR,1
HOSPITAL UNIVERSITARIO REGIONAL DO NORTE DO PARANA,WENCESLAU BRAZ,19a RS JACAREZINHO,MACRORREGIONAL NORTE,29,Influenza,1
HOSPITAL UNIVERSITARIO REGIONAL DO NORTE DO PARANA,CAMBARA,19a RS JACAREZINHO,MACRORREGIONAL NORTE,30,Influenza,1
HOSPITAL UNIVERSITARIO REGIONAL DO NORTE DO PARANA,JABOTI,19a RS JACAREZINHO,MACRORREGIONAL NORTE,30,VSR,1
HOSPITAL UNIVERSITARIO REGIONAL DO NORTE DO PARANA,SIQUEIRA CAMPOS,19a RS JACAREZINHO,MACRORREGIONAL NORTE,30,VSR,1
HOSPITAL UNIVERSITARIO REGIONAL DO NORTE DO PARANA,WENCESLAU BRAZ,19a RS JACAREZINHO,MACRORREGIONAL NORTE,31,VSR,1
HOSPITAL UNIVERSITARIO REGIONAL DO NORTE DO PARANA,CARLOPOLIS,19a RS JACAREZINHO,MACRORREGIONAL NORTE,32,Influenza,1
HOSPITAL UNIVERSITARIO REGIONAL DO NORTE DO PARANA,CONSELHEIRO MAIRINCK,19a RS JACAREZINHO,MACRORREGIONAL NORTE,35,VSR,1
ISCAL,CAMBARA,19a RS JACAREZINHO,MACRORREGIONAL NORTE,15,Rinovírus,1
ISCAL,JACAREZINHO,19a RS JACAREZINHO,MACRORREGIONAL NORTE,25,VSR,1
ISCAL,CARLOPOLIS,19a RS JACAREZINHO,MACRORREGIONAL NORTE,27,Metapneumovírus,1
ISCAL,IBAITI,19a RS JACAREZINHO,MACRORREGIONAL NORTE,27,Metapneumovírus,1
SANTA CASA DE SIQUEIRA CAMPOS,SIQUEIRA CAMPOS,19a RS JACAREZINHO,MACRORREGIONAL NORTE,25,Influenza,1
SANTA CASA DE SIQUEIRA CAMPOS,SIQUEIRA CAMPOS,19a RS JACAREZINHO,MACRORREGIONAL NORTE,26,VSR,1
SANTA CASA DE SIQUEIRA CAMPOS,SIQUEIRA CAMPOS,19a RS JACAREZINHO,MACRORREGIONAL NORTE,27,Influenza,2
SANTA CASA DE SIQUEIRA CAMPOS,SIQUEIRA CAMPOS,19a RS JACAREZINHO,MACRORREGIONAL NORTE,29,VSR,1
SANTA CASA DE SIQUEIRA CAMPOS,SIQUEIRA CAMPOS,19a RS JACAREZINHO,MACRORREGIONAL NORTE,32,VSR,3
SANTA CASA DE SIQUEIRA CAMPOS,SIQUEIRA CAMPOS,19a RS JACAREZINHO,MACRORREGIONAL NORTE,33,VSR,3
SANTA CASA DE SIQUEIRA CAMPOS,SIQUEIRA CAMPOS,19a RS JACAREZINHO,MACRORREGIONAL NORTE,34,VSR,2
SANTA CASA DE SIQUEIRA CAMPOS,TOMAZINA,19a RS JACAREZINHO,MACRORREGIONAL NORTE,35,VSR,1
SANTA CASA MISERICORDIA DE JACAREZINHO,JACAREZINHO,19a RS JACAREZINHO,MACRORREGIONAL NORTE,21,Rinovírus,1
SANTA CASA MISERICORDIA DE JACAREZINHO,JACAREZINHO,19a RS JACAREZINHO,MACRORREGIONAL NORTE,24,Rinovírus,1
SANTA CASA MISERICORDIA DE JACAREZINHO,JACAREZINHO,19a RS JACAREZINHO,MACRORREGIONAL NORTE,25,VSR,1
SANTA CASA MISERICORDIA DE JACAREZINHO,JACAREZINHO,19a RS JACAREZINHO,MACRORREGIONAL NORTE,28,Metapneumovírus,1
SANTA CASA MISERICORDIA DE JACAREZINHO,JAPIRA,19a RS JACAREZINHO,MACRORREGIONAL NORTE,32,Rinovírus,1
SANTA CASA MISERICORDIA DE JACAREZINHO,JACAREZINHO,19a RS JACAREZINHO,MACRORREGIONAL NORTE,32,VSR,2
SANTA CASA MISERICORDIA DE JACAREZINHO,JOAQUIM TAVORA,19a RS JACAREZINHO,MACRORREGIONAL NORTE,33,Metapneumovírus,1
SANTA CASA MISERICORDIA DE JACAREZINHO,WENCESLAU BRAZ,19a RS JACAREZINHO,MACRORREGIONAL NORTE,33,Rinovírus,1
SANTA CASA MISERICORDIA DE JACAREZINHO,IBAITI,19a RS JACAREZINHO,MACRORREGIONAL NORTE,35,Rinovírus,1
SANTA CASA MISERICORDIA DE JACAREZINHO,JACAREZINHO,19a RS JACAREZINHO,MACRORREGIONAL NORTE,35,Rinovírus,2
SANTA CASA MISERICORDIA DE JACAREZINHO,TOMAZINA,19a RS JACAREZINHO,MACRORREGIONAL NORTE,35,VSR,1
COMPLEXO DO HOSPITAL DE CLINICAS DA UFPR HC E MVFA,MORRETES,1a RS PARANAGUA,MACRORREGIONAL LESTE,22,Influenza,1
COMPLEXO DO HOSPITAL DE CLINICAS DA UFPR HC E MVFA,MORRETES,1a RS PARANAGUA,MACRORREGIONAL LESTE,27,Influenza,1
HOSPITAL ANGELINA CARON,PONTAL DO PARANA,1a RS PARANAGUA,MACRORREGIONAL LESTE,3,Metapneumovírus,1
HOSPITAL ANGELINA CARON,MORRETES,1a RS PARANAGUA,MACRORREGIONAL LESTE,11,Influenza,1
HOSPITAL ANGELINA CARON,PONTAL DO PARANA,1a RS PARANAGUA,MACRORREGIONAL LESTE,12,Influenza,1
HOSPITAL ANGELINA CARON,MATINHOS,1a RS PARANAGUA,MACRORREGIONAL LESTE,13,Influenza,1
HOSPITAL ANGELINA CARON,PARANAGUA,1a RS PARANAGUA,MACRORREGIONAL LESTE,18,Rinovírus,1
HOSPITAL ANGELINA CARON,GUARATUBA,1a RS PARANAGUA,MACRORREGIONAL LESTE,21,Influenza,1
HOSPITAL ANGELINA CARON,PARANAGUA,1a RS PARANAGUA,MACRORREGIONAL LESTE,21,Rinovírus,1
HOSPITAL ANGELINA CARON,MATINHOS,1a RS PARANAGUA,MACRORREGIONAL LESTE,22,VSR,1
HOSPITAL ANGELINA CARON,PONTAL DO PARANA,1a RS PARANAGUA,MACRORREGIONAL LESTE,23,Influenza,1
HOSPITAL ANGELINA CARON,PONTAL DO PARANA,1a RS PARANAGUA,MACRORREGIONAL LESTE,23,Rinovírus,1
HOSPITAL ANGELINA CARON,GUARATUBA,1a RS PARANAGUA,MACRORREGIONAL LESTE,26,Rinovírus,1
HOSPITAL ANGELINA CARON,MATINHOS,1a RS PARANAGUA,MACRORREGIONAL LESTE,26,Rinovírus,1
HOSPITAL ANGELINA CARON,GUARATUBA,1a RS PARANAGUA,MACRORREGIONAL LESTE,27,VSR,1
HOSPITAL ANGELINA CARON,ANTONINA,1a RS PARANAGUA,MACRORREGIONAL LESTE,28,VSR,1
HOSPITAL ANGELINA CARON,GUARATUBA,1a RS PARANAGUA,MACRORREGIONAL LESTE,28,VSR,1
HOSPITAL ANGELINA CARON,PARANAGUA,1a RS PARANAGUA,MACRORREGIONAL LESTE,34,VSR,1
HOSPITAL DA POLICIA MILITAR DO PARANA NN,MORRETES,1a RS PARANAGUA,MACRORREGIONAL LESTE,12,Influenza,1
HOSPITAL DA POLICIA MILITAR DO PARANA NN,MATINHOS,1a RS PARANAGUA,MACRORREGIONAL LESTE,34,Metapneumovírus,1
HOSPITAL DO CENTRO,PARANAGUA,1a RS PARANAGUA,MACRORREGIONAL LESTE,19,Influenza,1
HOSPITAL DO ROCIO,PONTAL DO PARANA,1a RS PARANAGUA,MACRORREGIONAL LESTE,30,VSR,1
HOSPITAL INFANTIL DOUTOR WALDEMAR MONASTIER,PARANAGUA,1a RS PARANAGUA,MACRORREGIONAL LESTE,4,Rinovírus,1
HOSPITAL INFANTIL DOUTOR WALDEMAR MONASTIER,PARANAGUA,1a RS PARANAGUA,MACRORREGIONAL LESTE,8,Rinovírus,1
HOSPITAL INFANTIL DOUTOR WALDEMAR MONASTIER,PARANAGUA,1a RS PARANAGUA,MACRORREGIONAL LESTE,10,Rinovírus,1
HOSPITAL INFANTIL DOUTOR WALDEMAR MONASTIER,MATINHOS,1a RS PARANAGUA,MACRORREGIONAL LESTE,23,VSR,2
HOSPITAL INFANTIL DOUTOR WALDEMAR MONASTIER,PONTAL DO PARANA,1a RS PARANAGUA,MACRORREGIONAL LESTE,24,VSR,1
HOSPITAL INFANTIL DOUTOR WALDEMAR MONASTIER,PARANAGUA,1a RS PARANAGUA,MACRORREGIONAL LESTE,29,VSR,1
HOSPITAL INFANTIL PEQUENO PRINCIPE,PARANAGUA,1a RS PARANAGUA,MACRORREGIONAL LESTE,9,Rinovírus,1
HOSPITAL INFANTIL PEQUENO PRINCIPE,MATINHOS,1a RS PARANAGUA,MACRORREGIONAL LESTE,11,Rinovírus,1
HOSPITAL INFANTIL PEQUENO PRINCIPE,PONTAL DO PARANA,1a RS PARANAGUA,MACRORREGIONAL LESTE,15,Influenza,1
HOSPITAL INFANTIL PEQUENO PRINCIPE,PARANAGUA,1a RS PARANAGUA,MACRORREGIONAL LESTE,24,VSR,1
HOSPITAL INFANTIL PEQUENO PRINCIPE,PARANAGUA,1a RS PARANAGUA,MACRORREGIONAL LESTE,31,VSR,1
HOSPITAL INFANTIL PEQUENO PRINCIPE,PARANAGUA,1a RS PARANAGUA,MACRORREGIONAL LESTE,32,Metapneumovírus,1
HOSPITAL INFANTIL PEQUENO PRINCIPE,PARANAGUA,1a RS PARANAGUA,MACRORREGIONAL LESTE,32,VSR,1
HOSPITAL MUNICIPAL DE GUARATUBA,GUARATUBA,1a RS PARANAGUA,MACRORREGIONAL LESTE,12,Influenza,1
HOSPITAL MUNICIPAL DE GUARATUBA,GUARATUBA,1a RS PARANAGUA,MACRORREGIONAL LESTE,17,Rinovírus,1
HOSPITAL MUNICIPAL DE GUARATUBA,GUARATUBA,1a RS PARANAGUA,MACRORREGIONAL LESTE,21,VSR,1
HOSPITAL MUNICIPAL DE GUARATUBA,GUARATUBA,1a RS PARANAGUA,MACRORREGIONAL LESTE,25,VSR,1
HOSPITAL MUNICIPAL DE GUARATUBA,GUARATUBA,1a RS PARANAGUA,MACRORREGIONAL LESTE,34,Rinovírus,1
HOSPITAL ONIX,ANTONINA,1a RS PARANAGUA,MACRORREGIONAL LESTE,31,VSR,1
HOSPITAL PILAR,PONTAL DO PARANA,1a RS PARANAGUA,MACRORREGIONAL LESTE,23,Influenza,1
HOSPITAL REGIONAL DO LITORAL,PARANAGUA,1a RS PARANAGUA,MACRORREGIONAL LESTE,3,Adenovírus,1
HOSPITAL REGIONAL DO LITORAL,PARANAGUA,1a RS PARANAGUA,MACRORREGIONAL LESTE,7,Influenza,1
HOSPITAL REGIONAL DO LITORAL,PONTAL DO PARANA,1a RS PARANAGUA,MACRORREGIONAL LESTE,8,Metapneumovírus,1
HOSPITAL REGIONAL DO LITORAL,PARANAGUA,1a RS PARANAGUA,MACRORREGIONAL LESTE,8,Rinovírus,1
HOSPITAL REGIONAL DO LITORAL,PARANAGUA,1a RS PARANAGUA,MACRORREGIONAL LESTE,9,Rinovírus,2
HOSPITAL REGIONAL DO LITORAL,PARANAGUA,1a RS PARANAGUA,MACRORREGIONAL LESTE,10,Influenza,1
HOSPITAL REGIONAL DO LITORAL,MATINHOS,1a RS PARANAGUA,MACRORREGIONAL LESTE,10,Rinovírus,2
HOSPITAL REGIONAL DO LITORAL,PARANAGUA,1a RS PARANAGUA,MACRORREGIONAL LESTE,10,Rinovírus,2
HOSPITAL REGIONAL DO LITORAL,MATINHOS,1a RS PARANAGUA,MACRORREGIONAL LESTE,11,Rinovírus,1
HOSPITAL REGIONAL DO LITORAL,GUARAQUECABA,1a RS PARANAGUA,MACRORREGIONAL LESTE,12,Influenza,1
HOSPITAL REGIONAL DO LITORAL,PARANAGUA,1a RS PARANAGUA,MACRORREGIONAL LESTE,12,Influenza,2
HOSPITAL REGIONAL DO LITORAL,PARANAGUA,1a RS PARANAGUA,MACRORREGIONAL LESTE,12,Rinovírus,1
HOSPITAL REGIONAL DO LITORAL,MATINHOS,1a RS PARANAGUA,MACRORREGIONAL LESTE,13,Influenza,1
HOSPITAL REGIONAL DO LITORAL,PARANAGUA,1a RS PARANAGUA,MACRORREGIONAL LESTE,13,Influenza,3
HOSPITAL REGIONAL DO LITORAL,PARANAGUA,1a RS PARANAGUA,MACRORREGIONAL LESTE,14,Influenza,2
HOSPITAL REGIONAL DO LITORAL,GUARAQUECABA,1a RS PARANAGUA,MACRORREGIONAL LESTE,15,Influenza,1
HOSPITAL REGIONAL DO LITORAL,MATINHOS,1a RS PARANAGUA,MACRORREGIONAL LESTE,16,Influenza,1
HOSPITAL REGIONAL DO LITORAL,PARANAGUA,1a RS PARANAGUA,MACRORREGIONAL LESTE,16,Rinovírus,2
HOSPITAL REGIONAL DO LITORAL,GUARATUBA,1a RS PARANAGUA,MACRORREGIONAL LESTE,16,VSR,1
HOSPITAL REGIONAL DO LITORAL,MATINHOS,1a RS PARANAGUA,MACRORREGIONAL LESTE,16,VSR,1
HOSPITAL REGIONAL DO LITORAL,PONTAL DO PARANA,1a RS PARANAGUA,MACRORREGIONAL LESTE,17,Rinovírus,1
HOSPITAL REGIONAL DO LITORAL,ANTONINA,1a RS PARANAGUA,MACRORREGIONAL LESTE,18,Rinovírus,1
HOSPITAL REGIONAL DO LITORAL,PARANAGUA,1a RS PARANAGUA,MACRORREGIONAL LESTE,18,Rinovírus,2
HOSPITAL REGIONAL DO LITORAL,MATINHOS,1a RS PARANAGUA,MACRORREGIONAL LESTE,18,VSR,1
HOSPITAL REGIONAL DO LITORAL,MATINHOS,1a RS PARANAGUA,MACRORREGIONAL LESTE,19,Rinovírus,1
HOSPITAL REGIONAL DO LITORAL,PARANAGUA,1a RS PARANAGUA,MACRORREGIONAL LESTE,19,Rinovírus,2
HOSPITAL REGIONAL DO LITORAL,PARANAGUA,1a RS PARANAGUA,MACRORREGIONAL LESTE,20,Metapneumovírus,1
HOSPITAL REGIONAL DO LITORAL,PARANAGUA,1a RS PARANAGUA,MACRORREGIONAL LESTE,20,Rinovírus,1
HOSPITAL REGIONAL DO LITORAL,GUARATUBA,1a RS PARANAGUA,MACRORREGIONAL LESTE,22,Rinovírus,1
HOSPITAL REGIONAL DO LITORAL,PARANAGUA,1a RS PARANAGUA,MACRORREGIONAL LESTE,22,Rinovírus,2
HOSPITAL REGIONAL DO LITORAL,MATINHOS,1a RS PARANAGUA,MACRORREGIONAL LESTE,22,VSR,1
HOSPITAL REGIONAL DO LITORAL,PARANAGUA,1a RS PARANAGUA,MACRORREGIONAL LESTE,22,VSR,1
HOSPITAL REGIONAL DO LITORAL,PARANAGUA,1a RS PARANAGUA,MACRORREGIONAL LESTE,23,Influenza,1
HOSPITAL REGIONAL DO LITORAL,MATINHOS,1a RS PARANAGUA,MACRORREGIONAL LESTE,24,Rinovírus,1
HOSPITAL REGIONAL DO LITORAL,PARANAGUA,1a RS PARANAGUA,MACRORREGIONAL LESTE,24,Rinovírus,1
HOSPITAL REGIONAL DO LITORAL,PONTAL DO PARANA,1a RS PARANAGUA,MACRORREGIONAL LESTE,24,Rinovírus,1
HOSPITAL REGIONAL DO LITORAL,PARANAGUA,1a RS PARANAGUA,MACRORREGIONAL LESTE,24,VSR,2
HOSPITAL REGIONAL DO LITORAL,PONTAL DO PARANA,1a RS PARANAGUA,MACRORREGIONAL LESTE,24,VSR,3
HOSPITAL REGIONAL DO LITORAL,PARANAGUA,1a RS PARANAGUA,MACRORREGIONAL LESTE,25,Rinovírus,1
HOSPITAL REGIONAL DO LITORAL,PARANAGUA,1a RS PARANAGUA,MACRORREGIONAL LESTE,25,VSR,2
HOSPITAL REGIONAL DO LITORAL,PARANAGUA,1a RS PARANAGUA,MACRORREGIONAL LESTE,26,VSR,4
HOSPITAL REGIONAL DO LITORAL,PARANAGUA,1a RS PARANAGUA,MACRORREGIONAL LESTE,27,Adenovírus,1
HOSPITAL REGIONAL DO LITORAL,PARANAGUA,1a RS PARANAGUA,MACRORREGIONAL LESTE,27,Metapneumovírus,1
HOSPITAL REGIONAL DO LITORAL,PARANAGUA,1a RS PARANAGUA,MACRORREGIONAL LESTE,27,VSR,2
HOSPITAL REGIONAL DO LITORAL,MATINHOS,1a RS PARANAGUA,MACRORREGIONAL LESTE,28,VSR,1
HOSPITAL REGIONAL DO LITORAL,MORRETES,1a RS PARANAGUA,MACRORREGIONAL LESTE,28,VSR,1
HOSPITAL REGIONAL DO LITORAL,PARANAGUA,1a RS PARANAGUA,MACRORREGIONAL LESTE,28,VSR,3
HOSPITAL REGIONAL DO LITORAL,PARANAGUA,1a RS PARANAGUA,MACRORREGIONAL LESTE,29,VSR,1
HOSPITAL REGIONAL DO LITORAL,PONTAL DO PARANA,1a RS PARANAGUA,MACRORREGIONAL LESTE,29,VSR,1
HOSPITAL REGIONAL DO LITORAL,PARANAGUA,1a RS PARANAGUA,MACRORREGIONAL LESTE,30,Metapneumovírus,1
HOSPITAL REGIONAL DO LITORAL,MATINHOS,1a RS PARANAGUA,MACRORREGIONAL LESTE,30,VSR,1
HOSPITAL REGIONAL DO LITORAL,MORRETES,1a RS PARANAGUA,MACRORREGIONAL LESTE,30,VSR,1
HOSPITAL REGIONAL DO LITORAL,PARANAGUA,1a RS PARANAGUA,MACRORREGIONAL LESTE,30,VSR,2
HOSPITAL REGIONAL DO LITORAL,PARANAGUA,1a RS PARANAGUA,MACRORREGIONAL LESTE,31,Metapneumovírus,1
HOSPITAL REGIONAL DO LITORAL,PARANAGUA,1a RS PARANAGUA,MACRORREGIONAL LESTE,31,VSR,2
HOSPITAL REGIONAL DO LITORAL,PARANAGUA,1a RS PARANAGUA,MACRORREGIONAL LESTE,32,Influenza,1
HOSPITAL REGIONAL DO LITORAL,PONTAL DO PARANA,1a RS PARANAGUA,MACRORREGIONAL LESTE,32,Rinovírus,1
HOSPITAL REGIONAL DO LITORAL,ANTONINA,1a RS PARANAGUA,MACRORREGIONAL LESTE,32,VSR,1
HOSPITAL REGIONAL DO LITORAL,MATINHOS,1a RS PARANAGUA,MACRORREGIONAL LESTE,32,VSR,1
HOSPITAL REGIONAL DO LITORAL,PARANAGUA,1a RS PARANAGUA,MACRORREGIONAL LESTE,32,VSR,2
HOSPITAL REGIONAL DO LITORAL,PARANAGUA,1a RS PARANAGUA,MACRORREGIONAL LESTE,33,VSR,3
HOSPITAL REGIONAL DO LITORAL,PARANAGUA,1a RS PARANAGUA,MACRORREGIONAL LESTE,34,Rinovírus,1
HOSPITAL REGIONAL DO LITORAL,MATINHOS,1a RS PARANAGUA,MACRORREGIONAL LESTE,34,VSR,1
HOSPITAL REGIONAL DO LITORAL,PARANAGUA,1a RS PARANAGUA,MACRORREGIONAL LESTE,34,VSR,2
HOSPITAL REGIONAL DO LITORAL,PONTAL DO PARANA,1a RS PARANAGUA,MACRORREGIONAL LESTE,35,Rinovírus,1
HOSPITAL REGIONAL DO LITORAL,PARANAGUA,1a RS PARANAGUA,MACRORREGIONAL LESTE,35,VSR,4
HOSPITAL REGIONAL DO LITORAL,MATINHOS,1a RS PARANAGUA,MACRORREGIONAL LESTE,36,Rinovírus,1
HOSPITAL REGIONAL DO LITORAL,PARANAGUA,1a RS PARANAGUA,MACRORREGIONAL LESTE,36,Rinovírus,2
HOSPITAL REGIONAL DO LITORAL,PARANAGUA,1a RS PARANAGUA,MACRORREGIONAL LESTE,36,VSR,1
HOSPITAL SANTA CASA DE CURITIBA,MATINHOS,1a RS PARANAGUA,MACRORREGIONAL LESTE,27,Metapneumovírus,1
HOSPITAL SANTA CRUZ,PARANAGUA,1a RS PARANAGUA,MACRORREGIONAL LESTE,10,Covid-19,1
HOSPITAL UNIVERSITARIO EVANGELICO MACKENZIE,PARANAGUA,1a RS PARANAGUA,MACRORREGIONAL LESTE,28,VSR,1
HOSPITAL VITA BATEL,MATINHOS,1a RS PARANAGUA,MACRORREGIONAL LESTE,11,Covid-19,1
ABESSS,ASSIS CHATEAUBRIAND,20a RS TOLEDO,MACRORREGIAO OESTE,12,Rinovírus,1
ABESSS,ASSIS CHATEAUBRIAND,20a RS TOLEDO,MACRORREGIAO OESTE,17,Influenza,1
ABESSS,ASSIS CHATEAUBRIAND,20a RS TOLEDO,MACRORREGIAO OESTE,25,Influenza,1
ABESSS,ASSIS CHATEAUBRIAND,20a RS TOLEDO,MACRORREGIAO OESTE,25,VSR,1
ABESSS,ASSIS CHATEAUBRIAND,20a RS TOLEDO,MACRORREGIAO OESTE,27,Influenza,1
ABESSS,ASSIS CHATEAUBRIAND,20a RS TOLEDO,MACRORREGIAO OESTE,28,Influenza,2
CRUZ VERMELHA BRASILEIRA FILIAL DO ESTADO DO PARANA,ASSIS CHATEAUBRIAND,20a RS TOLEDO,MACRORREGIAO OESTE,32,Metapneumovírus,1
HOESP,TOLEDO,20a RS TOLEDO,MACRORREGIAO OESTE,6,Metapneumovírus,1
HOESP,GUAIRA,20a RS TOLEDO,MACRORREGIAO OESTE,9,Rinovírus,1
HOESP,TERRA ROXA,20a RS TOLEDO,MACRORREGIAO OESTE,14,Influenza,1
HOESP,TOLEDO,20a RS TOLEDO,MACRORREGIAO OESTE,17,Rinovírus,1
HOESP,MARECHAL CANDIDO RONDON,20a RS TOLEDO,MACRORREGIAO OESTE,18,Rinovírus,1
HOESP,PATO BRAGADO,20a RS TOLEDO,MACRORREGIAO OESTE,19,Influenza,1
HOESP,TOLEDO,20a RS TOLEDO,MACRORREGIAO OESTE,19,Influenza,1
HOESP,NOVA SANTA ROSA,20a RS TOLEDO,MACRORREGIAO OESTE,19,Rinovírus,1
HOESP,SANTA HELENA,20a RS TOLEDO,MACRORREGIAO OESTE,19,Rinovírus,2
HOESP,TOLEDO,20a RS TOLEDO,MACRORREGIAO OESTE,21,Influenza,1
HOESP,TOLEDO,20a RS TOLEDO,MACRORREGIAO OESTE,22,Influenza,1
HOESP,ASSIS CHATEAUBRIAND,20a RS TOLEDO,MACRORREGIAO OESTE,22,Rinovírus,1
HOESP,PATO BRAGADO,20a RS TOLEDO,MACRORREGIAO OESTE,22,VSR,1
HOESP,TERRA ROXA,20a RS TOLEDO,MACRORREGIAO OESTE,23,Adenovírus,1
HOESP,TOLEDO,20a RS TOLEDO,MACRORREGIAO OESTE,23,Influenza,1
HOESP,GUAIRA,20a RS TOLEDO,MACRORREGIAO OESTE,23,Rinovírus,1
HOESP,SANTA HELENA,20a RS TOLEDO,MACRORREGIAO OESTE,23,Rinovírus,1
HOESP,TERRA ROXA,20a RS TOLEDO,MACRORREGIAO OESTE,23,VSR,1
HOESP,TOLEDO,20a RS TOLEDO,MACRORREGIAO OESTE,23,VSR,3
HOESP,SAO PEDRO DO IGUACU,20a RS TOLEDO,MACRORREGIAO OESTE,24,Influenza,1
HOESP,TOLEDO,20a RS TOLEDO,MACRORREGIAO OESTE,24,Influenza,1
HOESP,TOLEDO,20a RS TOLEDO,MACRORREGIAO OESTE,24,Rinovírus,1
HOESP,GUAIRA,20a RS TOLEDO,MACRORREGIAO OESTE,24,VSR,1
HOESP,TOLEDO,20a RS TOLEDO,MACRORREGIAO OESTE,25,Influenza,1
HOESP,ASSIS CHATEAUBRIAND,20a RS TOLEDO,MACRORREGIAO OESTE,25,Rinovírus,1
HOESP,TERRA ROXA,20a RS TOLEDO,MACRORREGIAO OESTE,25,Rinovírus,1
HOESP,GUAIRA,20a RS TOLEDO,MACRORREGIAO OESTE,25,VSR,2
HOESP,MARECHAL CANDIDO RONDON,20a RS TOLEDO,MACRORREGIAO OESTE,26,Rinovírus,1
HOESP,GUAIRA,20a RS TOLEDO,MACRORREGIAO OESTE,26,VSR,1
HOESP,PALOTINA,20a RS TOLEDO,MACRORREGIAO OESTE,26,VSR,1
HOESP,TOLEDO,20a RS TOLEDO,MACRORREGIAO OESTE,27,Influenza,1
HOESP,TOLEDO,20a RS TOLEDO,MACRORREGIAO OESTE,27,Rinovírus,2
HOESP,SANTA HELENA,20a RS TOLEDO,MACRORREGIAO OESTE,27,VSR,1
HOESP,TOLEDO,20a RS TOLEDO,MACRORREGIAO OESTE,28,Influenza,1
HOESP,ASSIS CHATEAUBRIAND,20a RS TOLEDO,MACRORREGIAO OESTE,28,VSR,1
HOESP,GUAIRA,20a RS TOLEDO,MACRORREGIAO OESTE,28,VSR,1
HOESP,PATO BRAGADO,20a RS TOLEDO,MACRORREGIAO OESTE,28,VSR,1
HOESP,TOLEDO,20a RS TOLEDO,MACRORREGIAO OESTE,28,VSR,1
HOESP,GUAIRA,20a RS TOLEDO,MACRORREGIAO OESTE,29,Metapneumovírus,1
HOESP,PATO BRAGADO,20a RS TOLEDO,MACRORREGIAO OESTE,29,Rinovírus,1
HOESP,GUAIRA,20a RS TOLEDO,MACRORREGIAO OESTE,29,VSR,2
HOESP,TERRA ROXA,20a RS TOLEDO,MACRORREGIAO OESTE,29,VSR,1
HOESP,MARECHAL CANDIDO RONDON,20a RS TOLEDO,MACRORREGIAO OESTE,30,Metapneumovírus,1
HOESP,MARECHAL CANDIDO RONDON,20a RS TOLEDO,MACRORREGIAO OESTE,33,Metapneumovírus,1
HOESP,TOLEDO,20a RS TOLEDO,MACRORREGIAO OESTE,35,Rinovírus,1
HOSPITAL BENEFICENTE ASSISTEGUAIRA,GUAIRA,20a RS TOLEDO,MACRORREGIAO OESTE,23,Influenza,1
HOSPITAL BENEFICENTE ASSISTEGUAIRA,GUAIRA,20a RS TOLEDO,MACRORREGIAO OESTE,24,VSR,1
HOSPITAL BENEFICENTE ASSISTEGUAIRA,GUAIRA,20a RS TOLEDO,MACRORREGIAO OESTE,28,VSR,1
HOSPITAL BENEFICENTE ASSISTEGUAIRA,GUAIRA,20a RS TOLEDO,MACRORREGIAO OESTE,29,VSR,1
HOSPITAL BENEFICENTE MOACIR MICHELETTO,SANTA HELENA,20a RS TOLEDO,MACRORREGIAO OESTE,4,Adenovírus,1
HOSPITAL BENEFICENTE MOACIR MICHELETTO,SANTA HELENA,20a RS TOLEDO,MACRORREGIAO OESTE,4,Rinovírus,1
HOSPITAL BENEFICENTE MOACIR MICHELETTO,SANTA HELENA,20a RS TOLEDO,MACRORREGIAO OESTE,18,Rinovírus,1
HOSPITAL BENEFICENTE MOACIR MICHELETTO,SANTA HELENA,20a RS TOLEDO,MACRORREGIAO OESTE,27,Influenza,1
HOSPITAL BENEFICENTE MOACIR MICHELETTO,SANTA HELENA,20a RS TOLEDO,MACRORREGIAO OESTE,33,Rinovírus,1
HOSPITAL BENEFICENTE MOACIR MICHELETTO,SANTA HELENA,20a RS TOLEDO,MACRORREGIAO OESTE,35,Rinovírus,2
HOSPITAL BOM SAMARITANO DE MARINGA,TOLEDO,20a RS TOLEDO,MACRORREGIAO OESTE,13,Rinovírus,1
HOSPITAL DE ENSINO SAO LUCAS,TOLEDO,20a RS TOLEDO,MACRORREGIAO OESTE,7,Covid-19,1
HOSPITAL DE ENSINO SAO LUCAS,MARECHAL CANDIDO RONDON,20a RS TOLEDO,MACRORREGIAO OESTE,12,Covid-19,1
HOSPITAL DE ENSINO SAO LUCAS,PALOTINA,20a RS TOLEDO,MACRORREGIAO OESTE,13,Rinovírus,1
HOSPITAL DE ENSINO SAO LUCAS,TOLEDO,20a RS TOLEDO,MACRORREGIAO OESTE,17,Influenza,2
HOSPITAL DE ENSINO SAO LUCAS,TOLEDO,20a RS TOLEDO,MACRORREGIAO OESTE,17,Rinovírus,1
HOSPITAL DE ENSINO SAO LUCAS,MARECHAL CANDIDO RONDON,20a RS TOLEDO,MACRORREGIAO OESTE,24,VSR,1
HOSPITAL DE ENSINO SAO LUCAS,TOLEDO,20a RS TOLEDO,MACRORREGIAO OESTE,24,VSR,1
HOSPITAL DE ENSINO SAO LUCAS,TOLEDO,20a RS TOLEDO,MACRORREGIAO OESTE,25,VSR,1
HOSPITAL DE ENSINO SAO LUCAS,TOLEDO,20a RS TOLEDO,MACRORREGIAO OESTE,26,Rinovírus,1
HOSPITAL DE ENSINO SAO LUCAS,TOLEDO,20a RS TOLEDO,MACRORREGIAO OESTE,27,Influenza,1
HOSPITAL DE ENSINO SAO LUCAS,TOLEDO,20a RS TOLEDO,MACRORREGIAO OESTE,27,Rinovírus,2
HOSPITAL DE ENSINO SAO LUCAS,TOLEDO,20a RS TOLEDO,MACRORREGIAO OESTE,27,VSR,3
HOSPITAL DE ENSINO SAO LUCAS,MARIPA,20a RS TOLEDO,MACRORREGIAO OESTE,29,VSR,1
HOSPITAL DE ENSINO SAO LUCAS,TOLEDO,20a RS TOLEDO,MACRORREGIAO OESTE,30,VSR,1
HOSPITAL DE ENSINO SAO LUCAS,ASSIS CHATEAUBRIAND,20a RS TOLEDO,MACRORREGIAO OESTE,34,Metapneumovírus,1
HOSPITAL DE ENSINO SAO LUCAS,ASSIS CHATEAUBRIAND,20a RS TOLEDO,MACRORREGIAO OESTE,34,Rinovírus,1
HOSPITAL DR CAMPAGNOLO,TOLEDO,20a RS TOLEDO,MACRORREGIAO OESTE,20,Influenza,1
HOSPITAL DR CAMPAGNOLO,TOLEDO,20a RS TOLEDO,MACRORREGIAO OESTE,21,Influenza,2
HOSPITAL DR CAMPAGNOLO,TOLEDO,20a RS TOLEDO,MACRORREGIAO OESTE,21,Rinovírus,1
HOSPITAL DR CAMPAGNOLO,TOLEDO,20a RS TOLEDO,MACRORREGIAO OESTE,26,Rinovírus,1
HOSPITAL DR CAMPAGNOLO,TOLEDO,20a RS TOLEDO,MACRORREGIAO OESTE,26,VSR,1
HOSPITAL FILANTROPICO POLICLINICA,SAO PEDRO DO IGUACU,20a RS TOLEDO,MACRORREGIAO OESTE,21,VSR,1
HOSPITAL GERAL UNIMED HGU,TOLEDO,20a RS TOLEDO,MACRORREGIAO OESTE,4,Covid-19,1
HOSPITAL GERAL UNIMED HGU,TOLEDO,20a RS TOLEDO,MACRORREGIAO OESTE,6,Covid-19,1
HOSPITAL GERAL UNIMED HGU,TOLEDO,20a RS TOLEDO,MACRORREGIAO OESTE,9,Adenovírus,1
HOSPITAL GERAL UNIMED HGU,TOLEDO,20a RS TOLEDO,MACRORREGIAO OESTE,9,Rinovírus,1
HOSPITAL GERAL UNIMED HGU,MARIPA,20a RS TOLEDO,MACRORREGIAO OESTE,10,Rinovírus,1
HOSPITAL GERAL UNIMED HGU,TOLEDO,20a RS TOLEDO,MACRORREGIAO OESTE,10,Rinovírus,1
HOSPITAL GERAL UNIMED HGU,TOLEDO,20a RS TOLEDO,MACRORREGIAO OESTE,11,Influenza,1
HOSPITAL GERAL UNIMED HGU,SAO JOSE DAS PALMEIRAS,20a RS TOLEDO,MACRORREGIAO OESTE,11,Rinovírus,1
HOSPITAL GERAL UNIMED HGU,TOLEDO,20a RS TOLEDO,MACRORREGIAO OESTE,13,Rinovírus,1
HOSPITAL GERAL UNIMED HGU,TOLEDO,20a RS TOLEDO,MACRORREGIAO OESTE,14,Influenza,2
HOSPITAL GERAL UNIMED HGU,TOLEDO,20a RS TOLEDO,MACRORREGIAO OESTE,14,Rinovírus,2
HOSPITAL GERAL UNIMED HGU,TOLEDO,20a RS TOLEDO,MACRORREGIAO OESTE,16,Influenza,1
HOSPITAL GERAL UNIMED HGU,ASSIS CHATEAUBRIAND,20a RS TOLEDO,MACRORREGIAO OESTE,16,Rinovírus,1
HOSPITAL GERAL UNIMED HGU,TOLEDO,20a RS TOLEDO,MACRORREGIAO OESTE,16,Rinovírus,2
HOSPITAL GERAL UNIMED HGU,TOLEDO,20a RS TOLEDO,MACRORREGIAO OESTE,17,Influenza,1
HOSPITAL GERAL UNIMED HGU,TOLEDO,20a RS TOLEDO,MACRORREGIAO OESTE,17,Metapneumovírus,1
HOSPITAL GERAL UNIMED HGU,ASSIS CHATEAUBRIAND,20a RS TOLEDO,MACRORREGIAO OESTE,18,Adenovírus,1
HOSPITAL GERAL UNIMED HGU,TOLEDO,20a RS TOLEDO,MACRORREGIAO OESTE,18,Adenovírus,1
HOSPITAL GERAL UNIMED HGU,TOLEDO,20a RS TOLEDO,MACRORREGIAO OESTE,18,Influenza,1
HOSPITAL GERAL UNIMED HGU,TOLEDO,20a RS TOLEDO,MACRORREGIAO OESTE,18,Rinovírus,2
HOSPITAL GERAL UNIMED HGU,ASSIS CHATEAUBRIAND,20a RS TOLEDO,MACRORREGIAO OESTE,18,VSR,1
HOSPITAL GERAL UNIMED HGU,TOLEDO,20a RS TOLEDO,MACRORREGIAO OESTE,18,VSR,1
HOSPITAL GERAL UNIMED HGU,TOLEDO,20a RS TOLEDO,MACRORREGIAO OESTE,19,Influenza,2
HOSPITAL GERAL UNIMED HGU,TOLEDO,20a RS TOLEDO,MACRORREGIAO OESTE,20,Influenza,5
HOSPITAL GERAL UNIMED HGU,TOLEDO,20a RS TOLEDO,MACRORREGIAO OESTE,20,VSR,1
HOSPITAL GERAL UNIMED HGU,TOLEDO,20a RS TOLEDO,MACRORREGIAO OESTE,21,Influenza,1
HOSPITAL GERAL UNIMED HGU,ASSIS CHATEAUBRIAND,20a RS TOLEDO,MACRORREGIAO OESTE,22,Adenovírus,1
HOSPITAL GERAL UNIMED HGU,TOLEDO,20a RS TOLEDO,MACRORREGIAO OESTE,22,Rinovírus,1
HOSPITAL GERAL UNIMED HGU,ASSIS CHATEAUBRIAND,20a RS TOLEDO,MACRORREGIAO OESTE,22,VSR,1
HOSPITAL GERAL UNIMED HGU,TOLEDO,20a RS TOLEDO,MACRORREGIAO OESTE,22,VSR,2
HOSPITAL GERAL UNIMED HGU,TOLEDO,20a RS TOLEDO,MACRORREGIAO OESTE,23,Influenza,4
HOSPITAL GERAL UNIMED HGU,ASSIS CHATEAUBRIAND,20a RS TOLEDO,MACRORREGIAO OESTE,23,Rinovírus,1
HOSPITAL GERAL UNIMED HGU,TOLEDO,20a RS TOLEDO,MACRORREGIAO OESTE,23,Rinovírus,2
HOSPITAL GERAL UNIMED HGU,TOLEDO,20a RS TOLEDO,MACRORREGIAO OESTE,23,VSR,2
HOSPITAL GERAL UNIMED HGU,TOLEDO,20a RS TOLEDO,MACRORREGIAO OESTE,24,Influenza,4
HOSPITAL GERAL UNIMED HGU,TOLEDO,20a RS TOLEDO,MACRORREGIAO OESTE,24,Rinovírus,1
HOSPITAL GERAL UNIMED HGU,TOLEDO,20a RS TOLEDO,MACRORREGIAO OESTE,24,VSR,2
HOSPITAL GERAL UNIMED HGU,PALOTINA,20a RS TOLEDO,MACRORREGIAO OESTE,25,Rinovírus,1
HOSPITAL GERAL UNIMED HGU,TOLEDO,20a RS TOLEDO,MACRORREGIAO OESTE,25,Rinovírus,4
HOSPITAL GERAL UNIMED HGU,TOLEDO,20a RS TOLEDO,MACRORREGIAO OESTE,25,VSR,2
HOSPITAL GERAL UNIMED HGU,TOLEDO,20a RS TOLEDO,MACRORREGIAO OESTE,26,Influenza,2
HOSPITAL GERAL UNIMED HGU,TOLEDO,20a RS TOLEDO,MACRORREGIAO OESTE,26,Rinovírus,1
HOSPITAL GERAL UNIMED HGU,ASSIS CHATEAUBRIAND,20a RS TOLEDO,MACRORREGIAO OESTE,26,VSR,1
HOSPITAL GERAL UNIMED HGU,TOLEDO,20a RS TOLEDO,MACRORREGIAO OESTE,26,VSR,2
HOSPITAL GERAL UNIMED HGU,TOLEDO,20a RS TOLEDO,MACRORREGIAO OESTE,27,Influenza,1
HOSPITAL GERAL UNIMED HGU,TOLEDO,20a RS TOLEDO,MACRORREGIAO OESTE,27,VSR,2
HOSPITAL GERAL UNIMED HGU,TOLEDO,20a RS TOLEDO,MACRORREGIAO OESTE,28,Influenza,2
HOSPITAL GERAL UNIMED HGU,TUPASSI,20a RS TOLEDO,MACRORREGIAO OESTE,28,Influenza,1
HOSPITAL GERAL UNIMED HGU,ASSIS CHATEAUBRIAND,20a RS TOLEDO,MACRORREGIAO OESTE,28,Rinovírus,1
HOSPITAL GERAL UNIMED HGU,TOLEDO,20a RS TOLEDO,MACRORREGIAO OESTE,28,Rinovírus,1
HOSPITAL GERAL UNIMED HGU,OURO VERDE DO OESTE,20a RS TOLEDO,MACRORREGIAO OESTE,28,VSR,1
HOSPITAL GERAL UNIMED HGU,TOLEDO,20a RS TOLEDO,MACRORREGIAO OESTE,28,VSR,1
HOSPITAL GERAL UNIMED HGU,TOLEDO,20a RS TOLEDO,MACRORREGIAO OESTE,29,Adenovírus,1
HOSPITAL GERAL UNIMED HGU,OURO VERDE DO OESTE,20a RS TOLEDO,MACRORREGIAO OESTE,29,Metapneumovírus,1
HOSPITAL GERAL UNIMED HGU,OURO VERDE DO OESTE,20a RS TOLEDO,MACRORREGIAO OESTE,29,Rinovírus,1
HOSPITAL GERAL UNIMED HGU,TOLEDO,20a RS TOLEDO,MACRORREGIAO OESTE,29,VSR,4
HOSPITAL GERAL UNIMED HGU,TOLEDO,20a RS TOLEDO,MACRORREGIAO OESTE,30,Rinovírus,1
HOSPITAL GERAL UNIMED HGU,TOLEDO,20a RS TOLEDO,MACRORREGIAO OESTE,30,VSR,1
HOSPITAL GERAL UNIMED HGU,TOLEDO,20a RS TOLEDO,MACRORREGIAO OESTE,31,Influenza,1
HOSPITAL GERAL UNIMED HGU,TOLEDO,20a RS TOLEDO,MACRORREGIAO OESTE,31,Metapneumovírus,1
HOSPITAL GERAL UNIMED HGU,TOLEDO,20a RS TOLEDO,MACRORREGIAO OESTE,31,VSR,1
HOSPITAL GERAL UNIMED HGU,TOLEDO,20a RS TOLEDO,MACRORREGIAO OESTE,32,Adenovírus,1
HOSPITAL GERAL UNIMED HGU,TOLEDO,20a RS TOLEDO,MACRORREGIAO OESTE,32,Metapneumovírus,1
HOSPITAL GERAL UNIMED HGU,TOLEDO,20a RS TOLEDO,MACRORREGIAO OESTE,33,Metapneumovírus,1
HOSPITAL GERAL UNIMED HGU,TOLEDO,20a RS TOLEDO,MACRORREGIAO OESTE,33,Rinovírus,2
HOSPITAL GERAL UNIMED HGU,TOLEDO,20a RS TOLEDO,MACRORREGIAO OESTE,34,Metapneumovírus,1
HOSPITAL GERAL UNIMED HGU,TOLEDO,20a RS TOLEDO,MACRORREGIAO OESTE,34,Rinovírus,2
HOSPITAL GERAL UNIMED HGU,TOLEDO,20a RS TOLEDO,MACRORREGIAO OESTE,35,Influenza,1
HOSPITAL GERAL UNIMED HGU,TOLEDO,20a RS TOLEDO,MACRORREGIAO OESTE,35,Metapneumovírus,1
HOSPITAL GERAL UNIMED HGU,TOLEDO,20a RS TOLEDO,MACRORREGIAO OESTE,35,Rinovírus,1
HOSPITAL GERAL UNIMED HGU,TUPASSI,20a RS TOLEDO,MACRORREGIAO OESTE,35,VSR,1
HOSPITAL INFANTIL PEQUENO PRINCIPE,TOLEDO,20a RS TOLEDO,MACRORREGIAO OESTE,20,Rinovírus,1
HOSPITAL INFANTIL PEQUENO PRINCIPE,TOLEDO,20a RS TOLEDO,MACRORREGIAO OESTE,24,Metapneumovírus,1
HOSPITAL ITAMED,TOLEDO,20a RS TOLEDO,MACRORREGIAO OESTE,14,Rinovírus,1
HOSPITAL MADRE DE DIO,GUAIRA,20a RS TOLEDO,MACRORREGIAO OESTE,25,Metapneumovírus,1
HOSPITAL MADRE DE DIO,GUAIRA,20a RS TOLEDO,MACRORREGIAO OESTE,28,VSR,1
HOSPITAL MADRE DE DIO,GUAIRA,20a RS TOLEDO,MACRORREGIAO OESTE,29,Rinovírus,1
HOSPITAL MADRE DE DIO,ASSIS CHATEAUBRIAND,20a RS TOLEDO,MACRORREGIAO OESTE,32,Metapneumovírus,1
HOSPITAL MADRE DE DIO,GUAIRA,20a RS TOLEDO,MACRORREGIAO OESTE,32,Metapneumovírus,1
HOSPITAL MUNICIPAL DR CRUZATTI,MARECHAL CANDIDO RONDON,20a RS TOLEDO,MACRORREGIAO OESTE,7,Rinovírus,1
HOSPITAL MUNICIPAL DR CRUZATTI,MARECHAL CANDIDO RONDON,20a RS TOLEDO,MACRORREGIAO OESTE,9,Rinovírus,1
HOSPITAL MUNICIPAL DR CRUZATTI,MARECHAL CANDIDO RONDON,20a RS TOLEDO,MACRORREGIAO OESTE,10,Rinovírus,1
HOSPITAL MUNICIPAL DR CRUZATTI,MARECHAL CANDIDO RONDON,20a RS TOLEDO,MACRORREGIAO OESTE,13,Rinovírus,1
HOSPITAL MUNICIPAL DR CRUZATTI,MARECHAL CANDIDO RONDON,20a RS TOLEDO,MACRORREGIAO OESTE,17,Rinovírus,1
HOSPITAL MUNICIPAL DR CRUZATTI,MARECHAL CANDIDO RONDON,20a RS TOLEDO,MACRORREGIAO OESTE,18,Influenza,1
HOSPITAL MUNICIPAL DR CRUZATTI,MARECHAL CANDIDO RONDON,20a RS TOLEDO,MACRORREGIAO OESTE,20,Influenza,3
HOSPITAL MUNICIPAL DR CRUZATTI,MARECHAL CANDIDO RONDON,20a RS TOLEDO,MACRORREGIAO OESTE,21,Influenza,1
HOSPITAL MUNICIPAL DR CRUZATTI,MARECHAL CANDIDO RONDON,20a RS TOLEDO,MACRORREGIAO OESTE,21,Rinovírus,1
HOSPITAL MUNICIPAL DR CRUZATTI,MARECHAL CANDIDO RONDON,20a RS TOLEDO,MACRORREGIAO OESTE,22,Influenza,1
HOSPITAL MUNICIPAL DR CRUZATTI,MARECHAL CANDIDO RONDON,20a RS TOLEDO,MACRORREGIAO OESTE,23,Influenza,1
HOSPITAL MUNICIPAL DR CRUZATTI,MARECHAL CANDIDO RONDON,20a RS TOLEDO,MACRORREGIAO OESTE,23,Rinovírus,1
HOSPITAL MUNICIPAL DR CRUZATTI,MARECHAL CANDIDO RONDON,20a RS TOLEDO,MACRORREGIAO OESTE,25,Adenovírus,1
HOSPITAL MUNICIPAL DR CRUZATTI,MARECHAL CANDIDO RONDON,20a RS TOLEDO,MACRORREGIAO OESTE,25,Influenza,1
HOSPITAL MUNICIPAL DR CRUZATTI,MARECHAL CANDIDO RONDON,20a RS TOLEDO,MACRORREGIAO OESTE,25,Metapneumovírus,2
HOSPITAL MUNICIPAL DR CRUZATTI,MARECHAL CANDIDO RONDON,20a RS TOLEDO,MACRORREGIAO OESTE,25,Rinovírus,3
HOSPITAL MUNICIPAL DR CRUZATTI,MARECHAL CANDIDO RONDON,20a RS TOLEDO,MACRORREGIAO OESTE,26,Rinovírus,1
HOSPITAL MUNICIPAL DR CRUZATTI,MARECHAL CANDIDO RONDON,20a RS TOLEDO,MACRORREGIAO OESTE,26,VSR,1
HOSPITAL MUNICIPAL DR CRUZATTI,MARECHAL CANDIDO RONDON,20a RS TOLEDO,MACRORREGIAO OESTE,27,Adenovírus,1
HOSPITAL MUNICIPAL DR CRUZATTI,MARECHAL CANDIDO RONDON,20a RS TOLEDO,MACRORREGIAO OESTE,27,Metapneumovírus,1
HOSPITAL MUNICIPAL DR CRUZATTI,MARECHAL CANDIDO RONDON,20a RS TOLEDO,MACRORREGIAO OESTE,27,Rinovírus,1
HOSPITAL MUNICIPAL DR CRUZATTI,MARECHAL CANDIDO RONDON,20a RS TOLEDO,MACRORREGIAO OESTE,27,VSR,2
HOSPITAL MUNICIPAL DR CRUZATTI,MARECHAL CANDIDO RONDON,20a RS TOLEDO,MACRORREGIAO OESTE,28,Influenza,1
HOSPITAL MUNICIPAL DR CRUZATTI,MARECHAL CANDIDO RONDON,20a RS TOLEDO,MACRORREGIAO OESTE,28,Rinovírus,1
HOSPITAL MUNICIPAL DR CRUZATTI,MARECHAL CANDIDO RONDON,20a RS TOLEDO,MACRORREGIAO OESTE,28,VSR,4
HOSPITAL MUNICIPAL DR CRUZATTI,MARECHAL CANDIDO RONDON,20a RS TOLEDO,MACRORREGIAO OESTE,29,Metapneumovírus,2
HOSPITAL MUNICIPAL DR CRUZATTI,MARECHAL CANDIDO RONDON,20a RS TOLEDO,MACRORREGIAO OESTE,29,VSR,2
HOSPITAL MUNICIPAL DR CRUZATTI,MARECHAL CANDIDO RONDON,20a RS TOLEDO,MACRORREGIAO OESTE,30,Metapneumovírus,1
HOSPITAL MUNICIPAL DR CRUZATTI,MARECHAL CANDIDO RONDON,20a RS TOLEDO,MACRORREGIAO OESTE,30,VSR,1
HOSPITAL MUNICIPAL DR CRUZATTI,MARECHAL CANDIDO RONDON,20a RS TOLEDO,MACRORREGIAO OESTE,31,Metapneumovírus,1
HOSPITAL MUNICIPAL PADRE GERMANO LAUCK,SANTA HELENA,20a RS TOLEDO,MACRORREGIAO OESTE,28,VSR,1
HOSPITAL MUNICIPAL PREFEITO QUINTO ABRAO DELAZERI,PALOTINA,20a RS TOLEDO,MACRORREGIAO OESTE,4,Rinovírus,1
HOSPITAL MUNICIPAL PREFEITO QUINTO ABRAO DELAZERI,PALOTINA,20a RS TOLEDO,MACRORREGIAO OESTE,6,Rinovírus,1
HOSPITAL MUNICIPAL PREFEITO QUINTO ABRAO DELAZERI,PALOTINA,20a RS TOLEDO,MACRORREGIAO OESTE,8,Rinovírus,1
HOSPITAL MUNICIPAL PREFEITO QUINTO ABRAO DELAZERI,PALOTINA,20a RS TOLEDO,MACRORREGIAO OESTE,13,Rinovírus,1
HOSPITAL MUNICIPAL PREFEITO QUINTO ABRAO DELAZERI,PALOTINA,20a RS TOLEDO,MACRORREGIAO OESTE,15,Influenza,1
HOSPITAL MUNICIPAL PREFEITO QUINTO ABRAO DELAZERI,PALOTINA,20a RS TOLEDO,MACRORREGIAO OESTE,15,Rinovírus,1
HOSPITAL MUNICIPAL PREFEITO QUINTO ABRAO DELAZERI,PALOTINA,20a RS TOLEDO,MACRORREGIAO OESTE,16,Influenza,2
HOSPITAL MUNICIPAL PREFEITO QUINTO ABRAO DELAZERI,PALOTINA,20a RS TOLEDO,MACRORREGIAO OESTE,16,Rinovírus,1
HOSPITAL MUNICIPAL PREFEITO QUINTO ABRAO DELAZERI,PALOTINA,20a RS TOLEDO,MACRORREGIAO OESTE,17,Rinovírus,2
HOSPITAL MUNICIPAL PREFEITO QUINTO ABRAO DELAZERI,PALOTINA,20a RS TOLEDO,MACRORREGIAO OESTE,18,Influenza,1
HOSPITAL MUNICIPAL PREFEITO QUINTO ABRAO DELAZERI,PALOTINA,20a RS TOLEDO,MACRORREGIAO OESTE,19,Influenza,2
HOSPITAL MUNICIPAL PREFEITO QUINTO ABRAO DELAZERI,PALOTINA,20a RS TOLEDO,MACRORREGIAO OESTE,20,Influenza,1
HOSPITAL MUNICIPAL PREFEITO QUINTO ABRAO DELAZERI,PALOTINA,20a RS TOLEDO,MACRORREGIAO OESTE,21,Influenza,2
HOSPITAL MUNICIPAL PREFEITO QUINTO ABRAO DELAZERI,PALOTINA,20a RS TOLEDO,MACRORREGIAO OESTE,21,VSR,1
HOSPITAL MUNICIPAL PREFEITO QUINTO ABRAO DELAZERI,PALOTINA,20a RS TOLEDO,MACRORREGIAO OESTE,22,Adenovírus,1
HOSPITAL MUNICIPAL PREFEITO QUINTO ABRAO DELAZERI,PALOTINA,20a RS TOLEDO,MACRORREGIAO OESTE,22,Influenza,1
HOSPITAL MUNICIPAL PREFEITO QUINTO ABRAO DELAZERI,PALOTINA,20a RS TOLEDO,MACRORREGIAO OESTE,22,Rinovírus,2
HOSPITAL MUNICIPAL PREFEITO QUINTO ABRAO DELAZERI,PALOTINA,20a RS TOLEDO,MACRORREGIAO OESTE,22,VSR,1
HOSPITAL MUNICIPAL PREFEITO QUINTO ABRAO DELAZERI,PALOTINA,20a RS TOLEDO,MACRORREGIAO OESTE,23,Rinovírus,1
HOSPITAL MUNICIPAL PREFEITO QUINTO ABRAO DELAZERI,PALOTINA,20a RS TOLEDO,MACRORREGIAO OESTE,23,VSR,1
HOSPITAL MUNICIPAL PREFEITO QUINTO ABRAO DELAZERI,PALOTINA,20a RS TOLEDO,MACRORREGIAO OESTE,24,Rinovírus,1
HOSPITAL MUNICIPAL PREFEITO QUINTO ABRAO DELAZERI,PALOTINA,20a RS TOLEDO,MACRORREGIAO OESTE,24,VSR,4
HOSPITAL MUNICIPAL PREFEITO QUINTO ABRAO DELAZERI,PALOTINA,20a RS TOLEDO,MACRORREGIAO OESTE,25,VSR,1
HOSPITAL MUNICIPAL PREFEITO QUINTO ABRAO DELAZERI,PALOTINA,20a RS TOLEDO,MACRORREGIAO OESTE,26,VSR,1
HOSPITAL MUNICIPAL PREFEITO QUINTO ABRAO DELAZERI,PALOTINA,20a RS TOLEDO,MACRORREGIAO OESTE,27,Influenza,1
HOSPITAL MUNICIPAL PREFEITO QUINTO ABRAO DELAZERI,PALOTINA,20a RS TOLEDO,MACRORREGIAO OESTE,28,VSR,1
HOSPITAL MUNICIPAL PREFEITO QUINTO ABRAO DELAZERI,PALOTINA,20a RS TOLEDO,MACRORREGIAO OESTE,29,Influenza,1
HOSPITAL MUNICIPAL PREFEITO QUINTO ABRAO DELAZERI,TERRA ROXA,20a RS TOLEDO,MACRORREGIAO OESTE,29,VSR,1
HOSPITAL MUNICIPAL PREFEITO QUINTO ABRAO DELAZERI,PALOTINA,20a RS TOLEDO,MACRORREGIAO OESTE,30,Covid-19,1
HOSPITAL MUNICIPAL PREFEITO QUINTO ABRAO DELAZERI,PALOTINA,20a RS TOLEDO,MACRORREGIAO OESTE,30,VSR,1
HOSPITAL MUNICIPAL PREFEITO QUINTO ABRAO DELAZERI,PALOTINA,20a RS TOLEDO,MACRORREGIAO OESTE,33,VSR,1
HOSPITAL REGIONAL DE TOLEDO HRT,TERRA ROXA,20a RS TOLEDO,MACRORREGIAO OESTE,8,Influenza,1
HOSPITAL REGIONAL DE TOLEDO HRT,TOLEDO,20a RS TOLEDO,MACRORREGIAO OESTE,18,Rinovírus,1
HOSPITAL REGIONAL DE TOLEDO HRT,TOLEDO,20a RS TOLEDO,MACRORREGIAO OESTE,21,Rinovírus,1
HOSPITAL REGIONAL DE TOLEDO HRT,TOLEDO,20a RS TOLEDO,MACRORREGIAO OESTE,22,Influenza,1
HOSPITAL REGIONAL DE TOLEDO HRT,TOLEDO,20a RS TOLEDO,MACRORREGIAO OESTE,23,Influenza,1
HOSPITAL REGIONAL DE TOLEDO HRT,TOLEDO,20a RS TOLEDO,MACRORREGIAO OESTE,25,VSR,1
HOSPITAL REGIONAL DE TOLEDO HRT,TOLEDO,20a RS TOLEDO,MACRORREGIAO OESTE,26,Rinovírus,1
HOSPITAL REGIONAL DE TOLEDO HRT,GUAIRA,20a RS TOLEDO,MACRORREGIAO OESTE,26,VSR,1
HOSPITAL REGIONAL DE TOLEDO HRT,TOLEDO,20a RS TOLEDO,MACRORREGIAO OESTE,27,Influenza,1
HOSPITAL REGIONAL DE TOLEDO HRT,SAO PEDRO DO IGUACU,20a RS TOLEDO,MACRORREGIAO OESTE,28,Influenza,1
HOSPITAL REGIONAL DE TOLEDO HRT,TERRA ROXA,20a RS TOLEDO,MACRORREGIAO OESTE,28,Rinovírus,1
HOSPITAL REGIONAL DE TOLEDO HRT,TOLEDO,20a RS TOLEDO,MACRORREGIAO OESTE,28,Rinovírus,1
HOSPITAL REGIONAL DE TOLEDO HRT,TOLEDO,20a RS TOLEDO,MACRORREGIAO OESTE,29,VSR,2
HOSPITAL REGIONAL DE TOLEDO HRT,TOLEDO,20a RS TOLEDO,MACRORREGIAO OESTE,30,Metapneumovírus,1
HOSPITAL REGIONAL DE TOLEDO HRT,MARECHAL CANDIDO RONDON,20a RS TOLEDO,MACRORREGIAO OESTE,30,Rinovírus,1
HOSPITAL REGIONAL DE TOLEDO HRT,TOLEDO,20a RS TOLEDO,MACRORREGIAO OESTE,30,Rinovírus,1
HOSPITAL REGIONAL DE TOLEDO HRT,TOLEDO,20a RS TOLEDO,MACRORREGIAO OESTE,33,VSR,1
HOSPITAL RONDON,MARECHAL CANDIDO RONDON,20a RS TOLEDO,MACRORREGIAO OESTE,3,Covid-19,1
HOSPITAL RONDON,TOLEDO,20a RS TOLEDO,MACRORREGIAO OESTE,8,Rinovírus,1
HOSPITAL RONDON,ENTRE RIOS DO OESTE,20a RS TOLEDO,MACRORREGIAO OESTE,9,Rinovírus,1
HOSPITAL RONDON,MARECHAL CANDIDO RONDON,20a RS TOLEDO,MACRORREGIAO OESTE,9,Rinovírus,1
HOSPITAL RONDON,MARECHAL CANDIDO RONDON,20a RS TOLEDO,MACRORREGIAO OESTE,16,Influenza,1
HOSPITAL RONDON,TOLEDO,20a RS TOLEDO,MACRORREGIAO OESTE,16,Rinovírus,1
HOSPITAL RONDON,MARECHAL CANDIDO RONDON,20a RS TOLEDO,MACRORREGIAO OESTE,17,Influenza,1
HOSPITAL RONDON,MARECHAL CANDIDO RONDON,20a RS TOLEDO,MACRORREGIAO OESTE,19,Rinovírus,1
HOSPITAL RONDON,TOLEDO,20a RS TOLEDO,MACRORREGIAO OESTE,20,Influenza,1
HOSPITAL RONDON,TOLEDO,20a RS TOLEDO,MACRORREGIAO OESTE,21,Influenza,1
HOSPITAL RONDON,MARECHAL CANDIDO RONDON,20a RS TOLEDO,MACRORREGIAO OESTE,21,Rinovírus,1
HOSPITAL RONDON,OURO VERDE DO OESTE,20a RS TOLEDO,MACRORREGIAO OESTE,28,VSR,1
HOSPITAL RONDON,TOLEDO,20a RS TOLEDO,MACRORREGIAO OESTE,30,Metapneumovírus,1
HOSPITAL RONDON,TOLEDO,20a RS TOLEDO,MACRORREGIAO OESTE,30,Rinovírus,1
HOSPITAL RONDON,TOLEDO,20a RS TOLEDO,MACRORREGIAO OESTE,30,VSR,1
HOSPITAL RONDON,TOLEDO,20a RS TOLEDO,MACRORREGIAO OESTE,32,Rinovírus,1
HOSPITAL UNIMED FOZ,MARECHAL CANDIDO RONDON,20a RS TOLEDO,MACRORREGIAO OESTE,13,Rinovírus,1
HOSPITAL UNIVERSITARIO DO OESTE DO PARANA,MARECHAL CANDIDO RONDON,20a RS TOLEDO,MACRORREGIAO OESTE,9,Rinovírus,1
HOSPITAL UNIVERSITARIO DO OESTE DO PARANA,MARECHAL CANDIDO RONDON,20a RS TOLEDO,MACRORREGIAO OESTE,11,Influenza,1
HOSPITAL UNIVERSITARIO DO OESTE DO PARANA,MARECHAL CANDIDO RONDON,20a RS TOLEDO,MACRORREGIAO OESTE,12,Rinovírus,1
HOSPITAL UNIVERSITARIO DO OESTE DO PARANA,MARECHAL CANDIDO RONDON,20a RS TOLEDO,MACRORREGIAO OESTE,13,Rinovírus,1
HOSPITAL UNIVERSITARIO DO OESTE DO PARANA,PALOTINA,20a RS TOLEDO,MACRORREGIAO OESTE,17,Influenza,1
HOSPITAL UNIVERSITARIO DO OESTE DO PARANA,TOLEDO,20a RS TOLEDO,MACRORREGIAO OESTE,18,Adenovírus,1
HOSPITAL UNIVERSITARIO DO OESTE DO PARANA,TOLEDO,20a RS TOLEDO,MACRORREGIAO OESTE,18,Rinovírus,1
HOSPITAL UNIVERSITARIO DO OESTE DO PARANA,GUAIRA,20a RS TOLEDO,MACRORREGIAO OESTE,21,Influenza,1
HOSPITAL UNIVERSITARIO DO OESTE DO PARANA,TERRA ROXA,20a RS TOLEDO,MACRORREGIAO OESTE,22,VSR,1
HOSPITAL UNIVERSITARIO DO OESTE DO PARANA,TOLEDO,20a RS TOLEDO,MACRORREGIAO OESTE,24,Influenza,1
HOSPITAL UNIVERSITARIO DO OESTE DO PARANA,GUAIRA,20a RS TOLEDO,MACRORREGIAO OESTE,24,Metapneumovírus,1
HOSPITAL UNIVERSITARIO DO OESTE DO PARANA,MARECHAL CANDIDO RONDON,20a RS TOLEDO,MACRORREGIAO OESTE,24,Rinovírus,1
HOSPITAL UNIVERSITARIO DO OESTE DO PARANA,TERRA ROXA,20a RS TOLEDO,MACRORREGIAO OESTE,24,VSR,1
HOSPITAL UNIVERSITARIO DO OESTE DO PARANA,GUAIRA,20a RS TOLEDO,MACRORREGIAO OESTE,25,Rinovírus,1
HOSPITAL UNIVERSITARIO DO OESTE DO PARANA,TOLEDO,20a RS TOLEDO,MACRORREGIAO OESTE,26,Influenza,1
HOSPITAL UNIVERSITARIO DO OESTE DO PARANA,TOLEDO,20a RS TOLEDO,MACRORREGIAO OESTE,26,Rinovírus,1
HOSPITAL UNIVERSITARIO DO OESTE DO PARANA,PALOTINA,20a RS TOLEDO,MACRORREGIAO OESTE,27,Rinovírus,1
HOSPITAL UNIVERSITARIO DO OESTE DO PARANA,TOLEDO,20a RS TOLEDO,MACRORREGIAO OESTE,29,Adenovírus,1
HOSPITAL UNIVERSITARIO DO OESTE DO PARANA,TOLEDO,20a RS TOLEDO,MACRORREGIAO OESTE,29,Rinovírus,1
HOSPITAL UNIVERSITARIO DO OESTE DO PARANA,TERRA ROXA,20a RS TOLEDO,MACRORREGIAO OESTE,29,VSR,1
HOSPITAL UNIVERSITARIO DO OESTE DO PARANA,MARECHAL CANDIDO RONDON,20a RS TOLEDO,MACRORREGIAO OESTE,30,VSR,1
HOSPITAL UNIVERSITARIO DO OESTE DO PARANA,MARECHAL CANDIDO RONDON,20a RS TOLEDO,MACRORREGIAO OESTE,33,Rinovírus,1
HOSPITAL UNIVERSITARIO DO OESTE DO PARANA,TUPASSI,20a RS TOLEDO,MACRORREGIAO OESTE,35,VSR,1
HOSPITAL UNIVERSITARIO DO OESTE DO PARANA,GUAIRA,20a RS TOLEDO,MACRORREGIAO OESTE,36,VSR,1
HPU HOSPITAL POLICLINICA UNIMED,GUAIRA,20a RS TOLEDO,MACRORREGIAO OESTE,16,Influenza,1
HPU HOSPITAL POLICLINICA UNIMED,ASSIS CHATEAUBRIAND,20a RS TOLEDO,MACRORREGIAO OESTE,29,Influenza,1
INSTITUTO DOUTOR RODOLFO VILELA,PATO BRAGADO,20a RS TOLEDO,MACRORREGIAO OESTE,21,Adenovírus,1
INSTITUTO DOUTOR RODOLFO VILELA,PATO BRAGADO,20a RS TOLEDO,MACRORREGIAO OESTE,21,VSR,1
INSTITUTO MEDICO VIRMOND FREDERICO G K VIRMOND NETO,TOLEDO,20a RS TOLEDO,MACRORREGIAO OESTE,26,VSR,1
INSTITUTO SAO RAFAEL,MARECHAL CANDIDO RONDON,20a RS TOLEDO,MACRORREGIAO OESTE,13,Rinovírus,1
PAM HENRIQUE BARTOLOMEU TRICHES,TERRA ROXA,20a RS TOLEDO,MACRORREGIAO OESTE,2,Covid-19,1
PAM HENRIQUE BARTOLOMEU TRICHES,TERRA ROXA,20a RS TOLEDO,MACRORREGIAO OESTE,25,VSR,3
PAM HENRIQUE BARTOLOMEU TRICHES,TERRA ROXA,20a RS TOLEDO,MACRORREGIAO OESTE,28,VSR,1
PRONTO ATENDIMENTO 24 HORAS DR JORGE MILTON NUNES,TOLEDO,20a RS TOLEDO,MACRORREGIAO OESTE,5,Rinovírus,2
PRONTO ATENDIMENTO 24 HORAS DR JORGE MILTON NUNES,TOLEDO,20a RS TOLEDO,MACRORREGIAO OESTE,7,Metapneumovírus,1
PRONTO ATENDIMENTO 24 HORAS DR JORGE MILTON NUNES,TOLEDO,20a RS TOLEDO,MACRORREGIAO OESTE,11,Rinovírus,1
PRONTO ATENDIMENTO 24 HORAS DR JORGE MILTON NUNES,TOLEDO,20a RS TOLEDO,MACRORREGIAO OESTE,15,Rinovírus,1
PRONTO ATENDIMENTO 24 HORAS DR JORGE MILTON NUNES,TOLEDO,20a RS TOLEDO,MACRORREGIAO OESTE,16,Influenza,1
PRONTO ATENDIMENTO 24 HORAS DR JORGE MILTON NUNES,TOLEDO,20a RS TOLEDO,MACRORREGIAO OESTE,17,Influenza,1
PRONTO ATENDIMENTO 24 HORAS DR JORGE MILTON NUNES,TOLEDO,20a RS TOLEDO,MACRORREGIAO OESTE,19,Influenza,2
PRONTO ATENDIMENTO 24 HORAS DR JORGE MILTON NUNES,TOLEDO,20a RS TOLEDO,MACRORREGIAO OESTE,21,Influenza,2
PRONTO ATENDIMENTO 24 HORAS DR JORGE MILTON NUNES,TOLEDO,20a RS TOLEDO,MACRORREGIAO OESTE,21,Rinovírus,1
PRONTO ATENDIMENTO 24 HORAS DR JORGE MILTON NUNES,TOLEDO,20a RS TOLEDO,MACRORREGIAO OESTE,21,VSR,1
PRONTO ATENDIMENTO 24 HORAS DR JORGE MILTON NUNES,TOLEDO,20a RS TOLEDO,MACRORREGIAO OESTE,22,Influenza,2
PRONTO ATENDIMENTO 24 HORAS DR JORGE MILTON NUNES,TOLEDO,20a RS TOLEDO,MACRORREGIAO OESTE,22,Rinovírus,1
PRONTO ATENDIMENTO 24 HORAS DR JORGE MILTON NUNES,TOLEDO,20a RS TOLEDO,MACRORREGIAO OESTE,23,Rinovírus,2
PRONTO ATENDIMENTO 24 HORAS DR JORGE MILTON NUNES,TOLEDO,20a RS TOLEDO,MACRORREGIAO OESTE,23,VSR,1
PRONTO ATENDIMENTO 24 HORAS DR JORGE MILTON NUNES,TOLEDO,20a RS TOLEDO,MACRORREGIAO OESTE,24,Influenza,1
PRONTO ATENDIMENTO 24 HORAS DR JORGE MILTON NUNES,TOLEDO,20a RS TOLEDO,MACRORREGIAO OESTE,25,Rinovírus,1
PRONTO ATENDIMENTO 24 HORAS DR JORGE MILTON NUNES,TOLEDO,20a RS TOLEDO,MACRORREGIAO OESTE,26,Rinovírus,1
PRONTO ATENDIMENTO 24 HORAS DR JORGE MILTON NUNES,TOLEDO,20a RS TOLEDO,MACRORREGIAO OESTE,26,VSR,1
PRONTO ATENDIMENTO 24 HORAS DR JORGE MILTON NUNES,TOLEDO,20a RS TOLEDO,MACRORREGIAO OESTE,27,VSR,1
PRONTO ATENDIMENTO 24 HORAS DR JORGE MILTON NUNES,TOLEDO,20a RS TOLEDO,MACRORREGIAO OESTE,28,Influenza,1
PRONTO ATENDIMENTO 24 HORAS DR JORGE MILTON NUNES,TOLEDO,20a RS TOLEDO,MACRORREGIAO OESTE,28,Metapneumovírus,1
PRONTO ATENDIMENTO 24 HORAS DR JORGE MILTON NUNES,TOLEDO,20a RS TOLEDO,MACRORREGIAO OESTE,29,VSR,2
PRONTO ATENDIMENTO 24 HORAS DR JORGE MILTON NUNES,TOLEDO,20a RS TOLEDO,MACRORREGIAO OESTE,30,Rinovírus,1
UNIDADE DE PRONTO ATENDIMENTO MARECHAL CANDIDO RONDON,MARECHAL CANDIDO RONDON,20a RS TOLEDO,MACRORREGIAO OESTE,16,Influenza,1
UNIDADE DE PRONTO ATENDIMENTO MARECHAL CANDIDO RONDON,MARECHAL CANDIDO RONDON,20a RS TOLEDO,MACRORREGIAO OESTE,16,Rinovírus,1
UNIDADE DE PRONTO ATENDIMENTO MARECHAL CANDIDO RONDON,MARECHAL CANDIDO RONDON,20a RS TOLEDO,MACRORREGIAO OESTE,17,Influenza,1
UNIDADE DE PRONTO ATENDIMENTO MARECHAL CANDIDO RONDON,MARECHAL CANDIDO RONDON,20a RS TOLEDO,MACRORREGIAO OESTE,18,Influenza,1
UNIDADE DE PRONTO ATENDIMENTO MARECHAL CANDIDO RONDON,MARECHAL CANDIDO RONDON,20a RS TOLEDO,MACRORREGIAO OESTE,20,Influenza,1
UNIDADE DE PRONTO ATENDIMENTO MARECHAL CANDIDO RONDON,MARECHAL CANDIDO RONDON,20a RS TOLEDO,MACRORREGIAO OESTE,21,Influenza,1
UNIDADE DE PRONTO ATENDIMENTO MARECHAL CANDIDO RONDON,MARECHAL CANDIDO RONDON,20a RS TOLEDO,MACRORREGIAO OESTE,22,Rinovírus,1
UNIDADE DE PRONTO ATENDIMENTO MARECHAL CANDIDO RONDON,MARECHAL CANDIDO RONDON,20a RS TOLEDO,MACRORREGIAO OESTE,24,Metapneumovírus,1
UNIDADE DE PRONTO ATENDIMENTO MARECHAL CANDIDO RONDON,MARECHAL CANDIDO RONDON,20a RS TOLEDO,MACRORREGIAO OESTE,24,Rinovírus,1
UNIDADE DE PRONTO ATENDIMENTO MARECHAL CANDIDO RONDON,MARECHAL CANDIDO RONDON,20a RS TOLEDO,MACRORREGIAO OESTE,26,Rinovírus,1
UNIDADE DE PRONTO ATENDIMENTO MARECHAL CANDIDO RONDON,MARECHAL CANDIDO RONDON,20a RS TOLEDO,MACRORREGIAO OESTE,29,Rinovírus,1
UNIDADE DE PRONTO ATENDIMENTO MARECHAL CANDIDO RONDON,MARECHAL CANDIDO RONDON,20a RS TOLEDO,MACRORREGIAO OESTE,29,VSR,1
UNIDADE DE PRONTO ATENDIMENTO MARECHAL CANDIDO RONDON,MARECHAL CANDIDO RONDON,20a RS TOLEDO,MACRORREGIAO OESTE,30,VSR,1
UNIDADE DE PRONTO ATENDIMENTO MARECHAL CANDIDO RONDON,MARECHAL CANDIDO RONDON,20a RS TOLEDO,MACRORREGIAO OESTE,32,Rinovírus,2
UNIDADE DE PRONTO ATENDIMENTO UPA,GUAIRA,20a RS TOLEDO,MACRORREGIAO OESTE,3,Adenovírus,1
UNIDADE DE PRONTO ATENDIMENTO UPA,GUAIRA,20a RS TOLEDO,MACRORREGIAO OESTE,7,Rinovírus,1
UNIDADE DE PRONTO ATENDIMENTO UPA,GUAIRA,20a RS TOLEDO,MACRORREGIAO OESTE,12,Rinovírus,2
UNIDADE DE PRONTO ATENDIMENTO UPA,GUAIRA,20a RS TOLEDO,MACRORREGIAO OESTE,15,Rinovírus,1
UNIDADE DE PRONTO ATENDIMENTO UPA,GUAIRA,20a RS TOLEDO,MACRORREGIAO OESTE,21,Influenza,2
UNIDADE DE PRONTO ATENDIMENTO UPA,GUAIRA,20a RS TOLEDO,MACRORREGIAO OESTE,25,Rinovírus,1
UNIMED,MARECHAL CANDIDO RONDON,20a RS TOLEDO,MACRORREGIAO OESTE,8,Rinovírus,1
UNIMED,ENTRE RIOS DO OESTE,20a RS TOLEDO,MACRORREGIAO OESTE,10,Rinovírus,1
UNIMED,QUATRO PONTES,20a RS TOLEDO,MACRORREGIAO OESTE,13,Covid-19,1
UNIMED,SANTA HELENA,20a RS TOLEDO,MACRORREGIAO OESTE,13,Rinovírus,1
UNIMED,MARECHAL CANDIDO RONDON,20a RS TOLEDO,MACRORREGIAO OESTE,15,Rinovírus,2
UNIMED,MARECHAL CANDIDO RONDON,20a RS TOLEDO,MACRORREGIAO OESTE,16,Rinovírus,1
UNIMED,MARECHAL CANDIDO RONDON,20a RS TOLEDO,MACRORREGIAO OESTE,18,Rinovírus,1
UNIMED,SANTA HELENA,20a RS TOLEDO,MACRORREGIAO OESTE,20,VSR,1
UNIMED,MARECHAL CANDIDO RONDON,20a RS TOLEDO,MACRORREGIAO OESTE,21,Influenza,1
UNIMED,NOVA SANTA ROSA,20a RS TOLEDO,MACRORREGIAO OESTE,22,Influenza,1
UNIMED,QUATRO PONTES,20a RS TOLEDO,MACRORREGIAO OESTE,22,Influenza,1
UNIMED,QUATRO PONTES,20a RS TOLEDO,MACRORREGIAO OESTE,24,VSR,1
UNIMED,MARECHAL CANDIDO RONDON,20a RS TOLEDO,MACRORREGIAO OESTE,25,Rinovírus,1
UNIMED,MARECHAL CANDIDO RONDON,20a RS TOLEDO,MACRORREGIAO OESTE,26,VSR,1
UNIMED,MARECHAL CANDIDO RONDON,20a RS TOLEDO,MACRORREGIAO OESTE,27,Adenovírus,1
UNIMED,MARECHAL CANDIDO RONDON,20a RS TOLEDO,MACRORREGIAO OESTE,27,Metapneumovírus,1
UNIMED,MARECHAL CANDIDO RONDON,20a RS TOLEDO,MACRORREGIAO OESTE,27,Rinovírus,1
UNIMED,MARECHAL CANDIDO RONDON,20a RS TOLEDO,MACRORREGIAO OESTE,27,VSR,3
UNIMED,MARECHAL CANDIDO RONDON,20a RS TOLEDO,MACRORREGIAO OESTE,28,Adenovírus,1
UNIMED,MARECHAL CANDIDO RONDON,20a RS TOLEDO,MACRORREGIAO OESTE,28,Rinovírus,1
UNIMED,MARECHAL CANDIDO RONDON,20a RS TOLEDO,MACRORREGIAO OESTE,28,VSR,2
UNIMED,MARECHAL CANDIDO RONDON,20a RS TOLEDO,MACRORREGIAO OESTE,29,Metapneumovírus,1
UNIMED,MARECHAL CANDIDO RONDON,20a RS TOLEDO,MACRORREGIAO OESTE,29,Rinovírus,1
UNIMED,MARECHAL CANDIDO RONDON,20a RS TOLEDO,MACRORREGIAO OESTE,29,VSR,2
UNIMED,QUATRO PONTES,20a RS TOLEDO,MACRORREGIAO OESTE,29,VSR,1
UNIMED,MARECHAL CANDIDO RONDON,20a RS TOLEDO,MACRORREGIAO OESTE,30,Adenovírus,1
UNIMED,MARECHAL CANDIDO RONDON,20a RS TOLEDO,MACRORREGIAO OESTE,30,Influenza,1
UNIMED,NOVA SANTA ROSA,20a RS TOLEDO,MACRORREGIAO OESTE,31,Metapneumovírus,1
UNIMED,NOVA SANTA ROSA,20a RS TOLEDO,MACRORREGIAO OESTE,33,Adenovírus,1
UNIMED,NOVA SANTA ROSA,20a RS TOLEDO,MACRORREGIAO OESTE,33,VSR,1
UPA II UNIDADE DE PRONTO ATENDIMENTO,SAO PEDRO DO IGUACU,20a RS TOLEDO,MACRORREGIAO OESTE,2,Influenza,1
UPA II UNIDADE DE PRONTO ATENDIMENTO,MARECHAL CANDIDO RONDON,20a RS TOLEDO,MACRORREGIAO OESTE,2,Metapneumovírus,1
UPA II UNIDADE DE PRONTO ATENDIMENTO,TOLEDO,20a RS TOLEDO,MACRORREGIAO OESTE,2,Rinovírus,1
UPA II UNIDADE DE PRONTO ATENDIMENTO,TOLEDO,20a RS TOLEDO,MACRORREGIAO OESTE,3,Adenovírus,2
UPA II UNIDADE DE PRONTO ATENDIMENTO,SAO PEDRO DO IGUACU,20a RS TOLEDO,MACRORREGIAO OESTE,3,Influenza,1
UPA II UNIDADE DE PRONTO ATENDIMENTO,TOLEDO,20a RS TOLEDO,MACRORREGIAO OESTE,3,Metapneumovírus,1
UPA II UNIDADE DE PRONTO ATENDIMENTO,SAO PEDRO DO IGUACU,20a RS TOLEDO,MACRORREGIAO OESTE,4,Adenovírus,1
UPA II UNIDADE DE PRONTO ATENDIMENTO,TOLEDO,20a RS TOLEDO,MACRORREGIAO OESTE,5,Covid-19,1
UPA II UNIDADE DE PRONTO ATENDIMENTO,TOLEDO,20a RS TOLEDO,MACRORREGIAO OESTE,5,Rinovírus,4
UPA II UNIDADE DE PRONTO ATENDIMENTO,TOLEDO,20a RS TOLEDO,MACRORREGIAO OESTE,6,Rinovírus,2
UPA II UNIDADE DE PRONTO ATENDIMENTO,TOLEDO,20a RS TOLEDO,MACRORREGIAO OESTE,7,Adenovírus,1
UPA II UNIDADE DE PRONTO ATENDIMENTO,OURO VERDE DO OESTE,20a RS TOLEDO,MACRORREGIAO OESTE,7,Covid-19,1
UPA II UNIDADE DE PRONTO ATENDIMENTO,TOLEDO,20a RS TOLEDO,MACRORREGIAO OESTE,7,Covid-19,2
UPA II UNIDADE DE PRONTO ATENDIMENTO,SAO PEDRO DO IGUACU,20a RS TOLEDO,MACRORREGIAO OESTE,7,Metapneumovírus,1
UPA II UNIDADE DE PRONTO ATENDIMENTO,TOLEDO,20a RS TOLEDO,MACRORREGIAO OESTE,7,Rinovírus,3
UPA II UNIDADE DE PRONTO ATENDIMENTO,TOLEDO,20a RS TOLEDO,MACRORREGIAO OESTE,8,Adenovírus,1
UPA II UNIDADE DE PRONTO ATENDIMENTO,TOLEDO,20a RS TOLEDO,MACRORREGIAO OESTE,8,Influenza,1
UPA II UNIDADE DE PRONTO ATENDIMENTO,TOLEDO,20a RS TOLEDO,MACRORREGIAO OESTE,8,Rinovírus,9
UPA II UNIDADE DE PRONTO ATENDIMENTO,OURO VERDE DO OESTE,20a RS TOLEDO,MACRORREGIAO OESTE,9,Covid-19,2
UPA II UNIDADE DE PRONTO ATENDIMENTO,TOLEDO,20a RS TOLEDO,MACRORREGIAO OESTE,9,Influenza,2
UPA II UNIDADE DE PRONTO ATENDIMENTO,TOLEDO,20a RS TOLEDO,MACRORREGIAO OESTE,9,Metapneumovírus,2
UPA II UNIDADE DE PRONTO ATENDIMENTO,ASSIS CHATEAUBRIAND,20a RS TOLEDO,MACRORREGIAO OESTE,9,Rinovírus,1
UPA II UNIDADE DE PRONTO ATENDIMENTO,TOLEDO,20a RS TOLEDO,MACRORREGIAO OESTE,9,Rinovírus,11
UPA II UNIDADE DE PRONTO ATENDIMENTO,TOLEDO,20a RS TOLEDO,MACRORREGIAO OESTE,10,Rinovírus,4
UPA II UNIDADE DE PRONTO ATENDIMENTO,OURO VERDE DO OESTE,20a RS TOLEDO,MACRORREGIAO OESTE,11,Rinovírus,1
UPA II UNIDADE DE PRONTO ATENDIMENTO,TOLEDO,20a RS TOLEDO,MACRORREGIAO OESTE,11,Rinovírus,6
UPA II UNIDADE DE PRONTO ATENDIMENTO,TOLEDO,20a RS TOLEDO,MACRORREGIAO OESTE,12,Rinovírus,4
UPA II UNIDADE DE PRONTO ATENDIMENTO,TOLEDO,20a RS TOLEDO,MACRORREGIAO OESTE,13,Adenovírus,1
UPA II UNIDADE DE PRONTO ATENDIMENTO,OURO VERDE DO OESTE,20a RS TOLEDO,MACRORREGIAO OESTE,13,Rinovírus,1
UPA II UNIDADE DE PRONTO ATENDIMENTO,TOLEDO,20a RS TOLEDO,MACRORREGIAO OESTE,13,Rinovírus,7
UPA II UNIDADE DE PRONTO ATENDIMENTO,TOLEDO,20a RS TOLEDO,MACRORREGIAO OESTE,14,Influenza,2
UPA II UNIDADE DE PRONTO ATENDIMENTO,TOLEDO,20a RS TOLEDO,MACRORREGIAO OESTE,14,Metapneumovírus,1
UPA II UNIDADE DE PRONTO ATENDIMENTO,SAO PEDRO DO IGUACU,20a RS TOLEDO,MACRORREGIAO OESTE,14,Rinovírus,1
UPA II UNIDADE DE PRONTO ATENDIMENTO,TOLEDO,20a RS TOLEDO,MACRORREGIAO OESTE,14,Rinovírus,5
UPA II UNIDADE DE PRONTO ATENDIMENTO,TOLEDO,20a RS TOLEDO,MACRORREGIAO OESTE,15,Influenza,1
UPA II UNIDADE DE PRONTO ATENDIMENTO,TOLEDO,20a RS TOLEDO,MACRORREGIAO OESTE,15,Rinovírus,4
UPA II UNIDADE DE PRONTO ATENDIMENTO,TOLEDO,20a RS TOLEDO,MACRORREGIAO OESTE,16,Influenza,2
UPA II UNIDADE DE PRONTO ATENDIMENTO,TOLEDO,20a RS TOLEDO,MACRORREGIAO OESTE,16,Metapneumovírus,2
UPA II UNIDADE DE PRONTO ATENDIMENTO,TOLEDO,20a RS TOLEDO,MACRORREGIAO OESTE,16,Rinovírus,8
UPA II UNIDADE DE PRONTO ATENDIMENTO,TOLEDO,20a RS TOLEDO,MACRORREGIAO OESTE,16,VSR,2
UPA II UNIDADE DE PRONTO ATENDIMENTO,TOLEDO,20a RS TOLEDO,MACRORREGIAO OESTE,17,Influenza,6
UPA II UNIDADE DE PRONTO ATENDIMENTO,TOLEDO,20a RS TOLEDO,MACRORREGIAO OESTE,17,Metapneumovírus,2
UPA II UNIDADE DE PRONTO ATENDIMENTO,DIAMANTE D'OESTE,20a RS TOLEDO,MACRORREGIAO OESTE,17,Rinovírus,1
UPA II UNIDADE DE PRONTO ATENDIMENTO,TOLEDO,20a RS TOLEDO,MACRORREGIAO OESTE,17,Rinovírus,9
UPA II UNIDADE DE PRONTO ATENDIMENTO,ASSIS CHATEAUBRIAND,20a RS TOLEDO,MACRORREGIAO OESTE,17,VSR,1
UPA II UNIDADE DE PRONTO ATENDIMENTO,TOLEDO,20a RS TOLEDO,MACRORREGIAO OESTE,18,Influenza,9
UPA II UNIDADE DE PRONTO ATENDIMENTO,OURO VERDE DO OESTE,20a RS TOLEDO,MACRORREGIAO OESTE,18,Rinovírus,1
UPA II UNIDADE DE PRONTO ATENDIMENTO,SAO JOSE DAS PALMEIRAS,20a RS TOLEDO,MACRORREGIAO OESTE,18,Rinovírus,1
UPA II UNIDADE DE PRONTO ATENDIMENTO,TOLEDO,20a RS TOLEDO,MACRORREGIAO OESTE,18,Rinovírus,10
UPA II UNIDADE DE PRONTO ATENDIMENTO,TOLEDO,20a RS TOLEDO,MACRORREGIAO OESTE,18,VSR,5
UPA II UNIDADE DE PRONTO ATENDIMENTO,TOLEDO,20a RS TOLEDO,MACRORREGIAO OESTE,19,Adenovírus,1
UPA II UNIDADE DE PRONTO ATENDIMENTO,TOLEDO,20a RS TOLEDO,MACRORREGIAO OESTE,19,Influenza,6
UPA II UNIDADE DE PRONTO ATENDIMENTO,OURO VERDE DO OESTE,20a RS TOLEDO,MACRORREGIAO OESTE,19,Rinovírus,1
UPA II UNIDADE DE PRONTO ATENDIMENTO,TOLEDO,20a RS TOLEDO,MACRORREGIAO OESTE,19,Rinovírus,3
UPA II UNIDADE DE PRONTO ATENDIMENTO,TOLEDO,20a RS TOLEDO,MACRORREGIAO OESTE,19,VSR,2
UPA II UNIDADE DE PRONTO ATENDIMENTO,TOLEDO,20a RS TOLEDO,MACRORREGIAO OESTE,20,Adenovírus,2
UPA II UNIDADE DE PRONTO ATENDIMENTO,TOLEDO,20a RS TOLEDO,MACRORREGIAO OESTE,20,Influenza,5
UPA II UNIDADE DE PRONTO ATENDIMENTO,TOLEDO,20a RS TOLEDO,MACRORREGIAO OESTE,21,Adenovírus,1
UPA II UNIDADE DE PRONTO ATENDIMENTO,OURO VERDE DO OESTE,20a RS TOLEDO,MACRORREGIAO OESTE,21,Influenza,1
UPA II UNIDADE DE PRONTO ATENDIMENTO,SAO JOSE DAS PALMEIRAS,20a RS TOLEDO,MACRORREGIAO OESTE,21,Influenza,1
UPA II UNIDADE DE PRONTO ATENDIMENTO,TOLEDO,20a RS TOLEDO,MACRORREGIAO OESTE,21,Influenza,9
UPA II UNIDADE DE PRONTO ATENDIMENTO,TOLEDO,20a RS TOLEDO,MACRORREGIAO OESTE,21,Rinovírus,5
UPA II UNIDADE DE PRONTO ATENDIMENTO,TOLEDO,20a RS TOLEDO,MACRORREGIAO OESTE,21,VSR,2
UPA II UNIDADE DE PRONTO ATENDIMENTO,TOLEDO,20a RS TOLEDO,MACRORREGIAO OESTE,22,Adenovírus,3
UPA II UNIDADE DE PRONTO ATENDIMENTO,DIAMANTE D'OESTE,20a RS TOLEDO,MACRORREGIAO OESTE,22,Influenza,1
UPA II UNIDADE DE PRONTO ATENDIMENTO,SAO PEDRO DO IGUACU,20a RS TOLEDO,MACRORREGIAO OESTE,22,Influenza,1
UPA II UNIDADE DE PRONTO ATENDIMENTO,TOLEDO,20a RS TOLEDO,MACRORREGIAO OESTE,22,Influenza,7
UPA II UNIDADE DE PRONTO ATENDIMENTO,ASSIS CHATEAUBRIAND,20a RS TOLEDO,MACRORREGIAO OESTE,22,Rinovírus,1
UPA II UNIDADE DE PRONTO ATENDIMENTO,TOLEDO,20a RS TOLEDO,MACRORREGIAO OESTE,22,Rinovírus,5
UPA II UNIDADE DE PRONTO ATENDIMENTO,TOLEDO,20a RS TOLEDO,MACRORREGIAO OESTE,22,VSR,5
UPA II UNIDADE DE PRONTO ATENDIMENTO,OURO VERDE DO OESTE,20a RS TOLEDO,MACRORREGIAO OESTE,23,Influenza,2
UPA II UNIDADE DE PRONTO ATENDIMENTO,TOLEDO,20a RS TOLEDO,MACRORREGIAO OESTE,23,Influenza,6
UPA II UNIDADE DE PRONTO ATENDIMENTO,TOLEDO,20a RS TOLEDO,MACRORREGIAO OESTE,23,Rinovírus,5
UPA II UNIDADE DE PRONTO ATENDIMENTO,TOLEDO,20a RS TOLEDO,MACRORREGIAO OESTE,23,VSR,12
UPA II UNIDADE DE PRONTO ATENDIMENTO,OURO VERDE DO OESTE,20a RS TOLEDO,MACRORREGIAO OESTE,24,Influenza,1
UPA II UNIDADE DE PRONTO ATENDIMENTO,TOLEDO,20a RS TOLEDO,MACRORREGIAO OESTE,24,Influenza,4
UPA II UNIDADE DE PRONTO ATENDIMENTO,TOLEDO,20a RS TOLEDO,MACRORREGIAO OESTE,24,Rinovírus,7
UPA II UNIDADE DE PRONTO ATENDIMENTO,SAO PEDRO DO IGUACU,20a RS TOLEDO,MACRORREGIAO OESTE,24,VSR,1
UPA II UNIDADE DE PRONTO ATENDIMENTO,TOLEDO,20a RS TOLEDO,MACRORREGIAO OESTE,24,VSR,7
UPA II UNIDADE DE PRONTO ATENDIMENTO,TOLEDO,20a RS TOLEDO,MACRORREGIAO OESTE,25,Influenza,6
UPA II UNIDADE DE PRONTO ATENDIMENTO,TOLEDO,20a RS TOLEDO,MACRORREGIAO OESTE,25,Metapneumovírus,1
UPA II UNIDADE DE PRONTO ATENDIMENTO,SAO PEDRO DO IGUACU,20a RS TOLEDO,MACRORREGIAO OESTE,25,Rinovírus,1
UPA II UNIDADE DE PRONTO ATENDIMENTO,TOLEDO,20a RS TOLEDO,MACRORREGIAO OESTE,25,Rinovírus,4
UPA II UNIDADE DE PRONTO ATENDIMENTO,SAO PEDRO DO IGUACU,20a RS TOLEDO,MACRORREGIAO OESTE,25,VSR,1
UPA II UNIDADE DE PRONTO ATENDIMENTO,TOLEDO,20a RS TOLEDO,MACRORREGIAO OESTE,25,VSR,19
UPA II UNIDADE DE PRONTO ATENDIMENTO,TOLEDO,20a RS TOLEDO,MACRORREGIAO OESTE,26,Adenovírus,2
UPA II UNIDADE DE PRONTO ATENDIMENTO,SAO PEDRO DO IGUACU,20a RS TOLEDO,MACRORREGIAO OESTE,26,Influenza,1
UPA II UNIDADE DE PRONTO ATENDIMENTO,TOLEDO,20a RS TOLEDO,MACRORREGIAO OESTE,26,Influenza,8
UPA II UNIDADE DE PRONTO ATENDIMENTO,TOLEDO,20a RS TOLEDO,MACRORREGIAO OESTE,26,Metapneumovírus,3
UPA II UNIDADE DE PRONTO ATENDIMENTO,TOLEDO,20a RS TOLEDO,MACRORREGIAO OESTE,26,Rinovírus,5
UPA II UNIDADE DE PRONTO ATENDIMENTO,SAO PEDRO DO IGUACU,20a RS TOLEDO,MACRORREGIAO OESTE,26,VSR,4
UPA II UNIDADE DE PRONTO ATENDIMENTO,TOLEDO,20a RS TOLEDO,MACRORREGIAO OESTE,26,VSR,11
UPA II UNIDADE DE PRONTO ATENDIMENTO,TOLEDO,20a RS TOLEDO,MACRORREGIAO OESTE,27,Adenovírus,1
UPA II UNIDADE DE PRONTO ATENDIMENTO,TOLEDO,20a RS TOLEDO,MACRORREGIAO OESTE,27,Influenza,3
UPA II UNIDADE DE PRONTO ATENDIMENTO,TOLEDO,20a RS TOLEDO,MACRORREGIAO OESTE,27,Metapneumovírus,1
UPA II UNIDADE DE PRONTO ATENDIMENTO,TOLEDO,20a RS TOLEDO,MACRORREGIAO OESTE,27,Rinovírus,5
UPA II UNIDADE DE PRONTO ATENDIMENTO,TOLEDO,20a RS TOLEDO,MACRORREGIAO OESTE,27,VSR,12
UPA II UNIDADE DE PRONTO ATENDIMENTO,OURO VERDE DO OESTE,20a RS TOLEDO,MACRORREGIAO OESTE,28,Adenovírus,1
UPA II UNIDADE DE PRONTO ATENDIMENTO,TOLEDO,20a RS TOLEDO,MACRORREGIAO OESTE,28,Adenovírus,2
UPA II UNIDADE DE PRONTO ATENDIMENTO,SAO PEDRO DO IGUACU,20a RS TOLEDO,MACRORREGIAO OESTE,28,Influenza,1
UPA II UNIDADE DE PRONTO ATENDIMENTO,TOLEDO,20a RS TOLEDO,MACRORREGIAO OESTE,28,Influenza,4
UPA II UNIDADE DE PRONTO ATENDIMENTO,TUPASSI,20a RS TOLEDO,MACRORREGIAO OESTE,28,Influenza,1
UPA II UNIDADE DE PRONTO ATENDIMENTO,TOLEDO,20a RS TOLEDO,MACRORREGIAO OESTE,28,Metapneumovírus,3
UPA II UNIDADE DE PRONTO ATENDIMENTO,TOLEDO,20a RS TOLEDO,MACRORREGIAO OESTE,28,Rinovírus,6
UPA II UNIDADE DE PRONTO ATENDIMENTO,OURO VERDE DO OESTE,20a RS TOLEDO,MACRORREGIAO OESTE,28,VSR,2
UPA II UNIDADE DE PRONTO ATENDIMENTO,TOLEDO,20a RS TOLEDO,MACRORREGIAO OESTE,28,VSR,14
UPA II UNIDADE DE PRONTO ATENDIMENTO,TOLEDO,20a RS TOLEDO,MACRORREGIAO OESTE,29,Adenovírus,1
UPA II UNIDADE DE PRONTO ATENDIMENTO,SAO PEDRO DO IGUACU,20a RS TOLEDO,MACRORREGIAO OESTE,29,Influenza,1
UPA II UNIDADE DE PRONTO ATENDIMENTO,TOLEDO,20a RS TOLEDO,MACRORREGIAO OESTE,29,Influenza,2
UPA II UNIDADE DE PRONTO ATENDIMENTO,DIAMANTE D'OESTE,20a RS TOLEDO,MACRORREGIAO OESTE,29,Metapneumovírus,1
UPA II UNIDADE DE PRONTO ATENDIMENTO,TOLEDO,20a RS TOLEDO,MACRORREGIAO OESTE,29,Metapneumovírus,3
UPA II UNIDADE DE PRONTO ATENDIMENTO,SAO JOSE DAS PALMEIRAS,20a RS TOLEDO,MACRORREGIAO OESTE,29,Rinovírus,1
UPA II UNIDADE DE PRONTO ATENDIMENTO,TOLEDO,20a RS TOLEDO,MACRORREGIAO OESTE,29,Rinovírus,3
UPA II UNIDADE DE PRONTO ATENDIMENTO,DIAMANTE D'OESTE,20a RS TOLEDO,MACRORREGIAO OESTE,29,VSR,2
UPA II UNIDADE DE PRONTO ATENDIMENTO,OURO VERDE DO OESTE,20a RS TOLEDO,MACRORREGIAO OESTE,29,VSR,1
UPA II UNIDADE DE PRONTO ATENDIMENTO,SAO PEDRO DO IGUACU,20a RS TOLEDO,MACRORREGIAO OESTE,29,VSR,1
UPA II UNIDADE DE PRONTO ATENDIMENTO,TOLEDO,20a RS TOLEDO,MACRORREGIAO OESTE,29,VSR,10
UPA II UNIDADE DE PRONTO ATENDIMENTO,TOLEDO,20a RS TOLEDO,MACRORREGIAO OESTE,30,Influenza,3
UPA II UNIDADE DE PRONTO ATENDIMENTO,TOLEDO,20a RS TOLEDO,MACRORREGIAO OESTE,30,Metapneumovírus,6
UPA II UNIDADE DE PRONTO ATENDIMENTO,SAO PEDRO DO IGUACU,20a RS TOLEDO,MACRORREGIAO OESTE,30,Rinovírus,1
UPA II UNIDADE DE PRONTO ATENDIMENTO,TOLEDO,20a RS TOLEDO,MACRORREGIAO OESTE,30,Rinovírus,2
UPA II UNIDADE DE PRONTO ATENDIMENTO,TOLEDO,20a RS TOLEDO,MACRORREGIAO OESTE,30,VSR,5
UPA II UNIDADE DE PRONTO ATENDIMENTO,TOLEDO,20a RS TOLEDO,MACRORREGIAO OESTE,31,Influenza,1
UPA II UNIDADE DE PRONTO ATENDIMENTO,TOLEDO,20a RS TOLEDO,MACRORREGIAO OESTE,31,Metapneumovírus,3
UPA II UNIDADE DE PRONTO ATENDIMENTO,SAO PEDRO DO IGUACU,20a RS TOLEDO,MACRORREGIAO OESTE,31,Rinovírus,1
UPA II UNIDADE DE PRONTO ATENDIMENTO,TOLEDO,20a RS TOLEDO,MACRORREGIAO OESTE,31,VSR,1
UPA II UNIDADE DE PRONTO ATENDIMENTO,SAO PEDRO DO IGUACU,20a RS TOLEDO,MACRORREGIAO OESTE,32,Rinovírus,1
UPA II UNIDADE DE PRONTO ATENDIMENTO,TOLEDO,20a RS TOLEDO,MACRORREGIAO OESTE,32,Rinovírus,3
UPA II UNIDADE DE PRONTO ATENDIMENTO,OURO VERDE DO OESTE,20a RS TOLEDO,MACRORREGIAO OESTE,32,VSR,1
UPA II UNIDADE DE PRONTO ATENDIMENTO,TOLEDO,20a RS TOLEDO,MACRORREGIAO OESTE,33,Adenovírus,1
UPA II UNIDADE DE PRONTO ATENDIMENTO,TOLEDO,20a RS TOLEDO,MACRORREGIAO OESTE,33,Influenza,1
UPA II UNIDADE DE PRONTO ATENDIMENTO,TOLEDO,20a RS TOLEDO,MACRORREGIAO OESTE,33,Metapneumovírus,1
UPA II UNIDADE DE PRONTO ATENDIMENTO,OURO VERDE DO OESTE,20a RS TOLEDO,MACRORREGIAO OESTE,33,Rinovírus,2
UPA II UNIDADE DE PRONTO ATENDIMENTO,TOLEDO,20a RS TOLEDO,MACRORREGIAO OESTE,33,Rinovírus,3
UPA II UNIDADE DE PRONTO ATENDIMENTO,OURO VERDE DO OESTE,20a RS TOLEDO,MACRORREGIAO OESTE,33,VSR,1
UPA II UNIDADE DE PRONTO ATENDIMENTO,TOLEDO,20a RS TOLEDO,MACRORREGIAO OESTE,33,VSR,1
UPA II UNIDADE DE PRONTO ATENDIMENTO,TOLEDO,20a RS TOLEDO,MACRORREGIAO OESTE,34,Adenovírus,1
UPA II UNIDADE DE PRONTO ATENDIMENTO,TOLEDO,20a RS TOLEDO,MACRORREGIAO OESTE,34,Metapneumovírus,1
UPA II UNIDADE DE PRONTO ATENDIMENTO,TOLEDO,20a RS TOLEDO,MACRORREGIAO OESTE,34,Rinovírus,2
UPA II UNIDADE DE PRONTO ATENDIMENTO,TOLEDO,20a RS TOLEDO,MACRORREGIAO OESTE,34,VSR,1
UPA II UNIDADE DE PRONTO ATENDIMENTO,TOLEDO,20a RS TOLEDO,MACRORREGIAO OESTE,35,Adenovírus,2
UPA II UNIDADE DE PRONTO ATENDIMENTO,SAO PEDRO DO IGUACU,20a RS TOLEDO,MACRORREGIAO OESTE,35,Influenza,2
UPA II UNIDADE DE PRONTO ATENDIMENTO,TOLEDO,20a RS TOLEDO,MACRORREGIAO OESTE,35,Influenza,1
UPA II UNIDADE DE PRONTO ATENDIMENTO,TOLEDO,20a RS TOLEDO,MACRORREGIAO OESTE,35,Metapneumovírus,2
UPA II UNIDADE DE PRONTO ATENDIMENTO,TOLEDO,20a RS TOLEDO,MACRORREGIAO OESTE,35,Rinovírus,6
UPA II UNIDADE DE PRONTO ATENDIMENTO,TOLEDO,20a RS TOLEDO,MACRORREGIAO OESTE,35,VSR,1
UPA II UNIDADE DE PRONTO ATENDIMENTO,TOLEDO,20a RS TOLEDO,MACRORREGIAO OESTE,36,Rinovírus,1
UPA VENEZA,TOLEDO,20a RS TOLEDO,MACRORREGIAO OESTE,13,Influenza,1
COMPLEXO DO HOSPITAL DE CLINICAS DA UFPR HC E MVFA,TELEMACO BORBA,21a RS TELEMACO BORBA,MACRORREGIONAL LESTE,32,VSR,1
HNSG,RESERVA,21a RS TELEMACO BORBA,MACRORREGIONAL LESTE,28,Influenza,1
HOSPITAL DE CARIDADE DE PALMEIRA,TELEMACO BORBA,21a RS TELEMACO BORBA,MACRORREGIONAL LESTE,36,Rinovírus,1
HOSPITAL DO ROCIO,IMBAU,21a RS TELEMACO BORBA,MACRORREGIONAL LESTE,17,Rinovírus,1
HOSPITAL DO ROCIO,TELEMACO BORBA,21a RS TELEMACO BORBA,MACRORREGIONAL LESTE,30,VSR,1
HOSPITAL DR FEITOSA S A,CURIUVA,21a RS TELEMACO BORBA,MACRORREGIONAL LESTE,24,Metapneumovírus,1
HOSPITAL DR FEITOSA S A,IMBAU,21a RS TELEMACO BORBA,MACRORREGIONAL LESTE,24,Rinovírus,1
HOSPITAL DR FEITOSA S A,TELEMACO BORBA,21a RS TELEMACO BORBA,MACRORREGIONAL LESTE,24,Rinovírus,1
HOSPITAL DR FEITOSA S A,IMBAU,21a RS TELEMACO BORBA,MACRORREGIONAL LESTE,25,Rinovírus,1
HOSPITAL DR FEITOSA S A,TELEMACO BORBA,21a RS TELEMACO BORBA,MACRORREGIONAL LESTE,27,Rinovírus,1
HOSPITAL GERAL UNIMED,TELEMACO BORBA,21a RS TELEMACO BORBA,MACRORREGIONAL LESTE,23,Adenovírus,1
HOSPITAL GERAL UNIMED,TELEMACO BORBA,21a RS TELEMACO BORBA,MACRORREGIONAL LESTE,23,VSR,1
HOSPITAL GERAL UNIMED,TELEMACO BORBA,21a RS TELEMACO BORBA,MACRORREGIONAL LESTE,24,VSR,1
HOSPITAL GERAL UNIMED,TELEMACO BORBA,21a RS TELEMACO BORBA,MACRORREGIONAL LESTE,25,Adenovírus,1
HOSPITAL GERAL UNIMED,TELEMACO BORBA,21a RS TELEMACO BORBA,MACRORREGIONAL LESTE,25,VSR,1
HOSPITAL GERAL UNIMED,TELEMACO BORBA,21a RS TELEMACO BORBA,MACRORREGIONAL LESTE,28,VSR,1
HOSPITAL GERAL UNIMED,IMBAU,21a RS TELEMACO BORBA,MACRORREGIONAL LESTE,29,VSR,1
HOSPITAL GERAL UNIMED,TELEMACO BORBA,21a RS TELEMACO BORBA,MACRORREGIONAL LESTE,30,Metapneumovírus,1
HOSPITAL INFANTIL DOUTOR WALDEMAR MONASTIER,VENTANIA,21a RS TELEMACO BORBA,MACRORREGIONAL LESTE,5,Metapneumovírus,1
HOSPITAL INFANTIL DOUTOR WALDEMAR MONASTIER,CURIUVA,21a RS TELEMACO BORBA,MACRORREGIONAL LESTE,11,Rinovírus,1
HOSPITAL INFANTIL DOUTOR WALDEMAR MONASTIER,TIBAGI,21a RS TELEMACO BORBA,MACRORREGIONAL LESTE,13,Rinovírus,1
HOSPITAL INFANTIL DOUTOR WALDEMAR MONASTIER,VENTANIA,21a RS TELEMACO BORBA,MACRORREGIONAL LESTE,19,Rinovírus,1
HOSPITAL MOURA,TELEMACO BORBA,21a RS TELEMACO BORBA,MACRORREGIONAL LESTE,5,Rinovírus,1
HOSPITAL MOURA,TIBAGI,21a RS TELEMACO BORBA,MACRORREGIONAL LESTE,8,Covid-19,1
HOSPITAL MOURA,TELEMACO BORBA,21a RS TELEMACO BORBA,MACRORREGIONAL LESTE,10,Adenovírus,1
HOSPITAL MOURA,TELEMACO BORBA,21a RS TELEMACO BORBA,MACRORREGIONAL LESTE,10,Rinovírus,1
HOSPITAL REGIONAL DE TELEMACO BORBA,RESERVA,21a RS TELEMACO BORBA,MACRORREGIONAL LESTE,16,Covid-19,1
HOSPITAL UNIVERSITARIO REGIONAL DOS CAMPOS GERAIS,ORTIGUEIRA,21a RS TELEMACO BORBA,MACRORREGIONAL LESTE,3,Influenza,1
HOSPITAL UNIVERSITARIO REGIONAL DOS CAMPOS GERAIS,ORTIGUEIRA,21a RS TELEMACO BORBA,MACRORREGIONAL LESTE,3,VSR,1
HOSPITAL UNIVERSITARIO REGIONAL DOS CAMPOS GERAIS,RESERVA,21a RS TELEMACO BORBA,MACRORREGIONAL LESTE,9,Influenza,1
HOSPITAL UNIVERSITARIO REGIONAL DOS CAMPOS GERAIS,ORTIGUEIRA,21a RS TELEMACO BORBA,MACRORREGIONAL LESTE,9,Rinovírus,1
HOSPITAL UNIVERSITARIO REGIONAL DOS CAMPOS GERAIS,VENTANIA,21a RS TELEMACO BORBA,MACRORREGIONAL LESTE,16,Rinovírus,1
HOSPITAL UNIVERSITARIO REGIONAL DOS CAMPOS GERAIS,RESERVA,21a RS TELEMACO BORBA,MACRORREGIONAL LESTE,18,Rinovírus,1
HOSPITAL UNIVERSITARIO REGIONAL DOS CAMPOS GERAIS,TELEMACO BORBA,21a RS TELEMACO BORBA,MACRORREGIONAL LESTE,19,Rinovírus,1
HOSPITAL UNIVERSITARIO REGIONAL DOS CAMPOS GERAIS,RESERVA,21a RS TELEMACO BORBA,MACRORREGIONAL LESTE,20,Adenovírus,1
HOSPITAL UNIVERSITARIO REGIONAL DOS CAMPOS GERAIS,RESERVA,21a RS TELEMACO BORBA,MACRORREGIONAL LESTE,20,Rinovírus,2
HOSPITAL UNIVERSITARIO REGIONAL DOS CAMPOS GERAIS,TELEMACO BORBA,21a RS TELEMACO BORBA,MACRORREGIONAL LESTE,22,Adenovírus,1
HOSPITAL UNIVERSITARIO REGIONAL DOS CAMPOS GERAIS,RESERVA,21a RS TELEMACO BORBA,MACRORREGIONAL LESTE,23,Influenza,1
HOSPITAL UNIVERSITARIO REGIONAL DOS CAMPOS GERAIS,RESERVA,21a RS TELEMACO BORBA,MACRORREGIONAL LESTE,25,Rinovírus,1
HOSPITAL UNIVERSITARIO REGIONAL DOS CAMPOS GERAIS,TIBAGI,21a RS TELEMACO BORBA,MACRORREGIONAL LESTE,25,VSR,1
HOSPITAL UNIVERSITARIO REGIONAL DOS CAMPOS GERAIS,ORTIGUEIRA,21a RS TELEMACO BORBA,MACRORREGIONAL LESTE,27,Metapneumovírus,1
HOSPITAL UNIVERSITARIO REGIONAL DOS CAMPOS GERAIS,TELEMACO BORBA,21a RS TELEMACO BORBA,MACRORREGIONAL LESTE,27,Rinovírus,1
HOSPITAL UNIVERSITARIO REGIONAL DOS CAMPOS GERAIS,TELEMACO BORBA,21a RS TELEMACO BORBA,MACRORREGIONAL LESTE,28,Rinovírus,1
HOSPITAL UNIVERSITARIO REGIONAL DOS CAMPOS GERAIS,TIBAGI,21a RS TELEMACO BORBA,MACRORREGIONAL LESTE,36,Rinovírus,1
HOSPITAL UNIVERSITARIO REGIONAL DOS CAMPOS GERAIS,VENTANIA,21a RS TELEMACO BORBA,MACRORREGIONAL LESTE,36,VSR,1
HOSPITAL UNIVERSITARIO REGIONAL DOS CAMPOS GERAIS,VENTANIA,21a RS TELEMACO BORBA,MACRORREGIONAL LESTE,37,VSR,1
IDF,TELEMACO BORBA,21a RS TELEMACO BORBA,MACRORREGIONAL LESTE,18,Rinovírus,1
IDF,TELEMACO BORBA,21a RS TELEMACO BORBA,MACRORREGIONAL LESTE,21,Influenza,1
IDF,TELEMACO BORBA,21a RS TELEMACO BORBA,MACRORREGIONAL LESTE,21,Rinovírus,1
IDF,CURIUVA,21a RS TELEMACO BORBA,MACRORREGIONAL LESTE,22,Influenza,1
IDF,ORTIGUEIRA,21a RS TELEMACO BORBA,MACRORREGIONAL LESTE,23,Influenza,2
IDF,CURIUVA,21a RS TELEMACO BORBA,MACRORREGIONAL LESTE,23,Rinovírus,1
IDF,ORTIGUEIRA,21a RS TELEMACO BORBA,MACRORREGIONAL LESTE,23,Rinovírus,1
IDF,RESERVA,21a RS TELEMACO BORBA,MACRORREGIONAL LESTE,23,Rinovírus,1
IDF,TELEMACO BORBA,21a RS TELEMACO BORBA,MACRORREGIONAL LESTE,23,VSR,1
IDF,TELEMACO BORBA,21a RS TELEMACO BORBA,MACRORREGIONAL LESTE,24,Influenza,3
IDF,TELEMACO BORBA,21a RS TELEMACO BORBA,MACRORREGIONAL LESTE,24,Rinovírus,2
IDF,TELEMACO BORBA,21a RS TELEMACO BORBA,MACRORREGIONAL LESTE,24,VSR,1
IDF,TELEMACO BORBA,21a RS TELEMACO BORBA,MACRORREGIONAL LESTE,25,Influenza,1
IDF,TELEMACO BORBA,21a RS TELEMACO BORBA,MACRORREGIONAL LESTE,25,Rinovírus,1
IDF,VENTANIA,21a RS TELEMACO BORBA,MACRORREGIONAL LESTE,26,Adenovírus,1
IDF,IMBAU,21a RS TELEMACO BORBA,MACRORREGIONAL LESTE,26,Influenza,1
IDF,VENTANIA,21a RS TELEMACO BORBA,MACRORREGIONAL LESTE,26,Rinovírus,1
IDF,RESERVA,21a RS TELEMACO BORBA,MACRORREGIONAL LESTE,27,Influenza,1
IDF,TELEMACO BORBA,21a RS TELEMACO BORBA,MACRORREGIONAL LESTE,27,Influenza,2
IDF,TELEMACO BORBA,21a RS TELEMACO BORBA,MACRORREGIONAL LESTE,27,VSR,1
IDF,CURIUVA,21a RS TELEMACO BORBA,MACRORREGIONAL LESTE,28,Rinovírus,1
IDF,IMBAU,21a RS TELEMACO BORBA,MACRORREGIONAL LESTE,29,VSR,1
IDF,RESERVA,21a RS TELEMACO BORBA,MACRORREGIONAL LESTE,30,VSR,1
IDF,TELEMACO BORBA,21a RS TELEMACO BORBA,MACRORREGIONAL LESTE,32,Adenovírus,1
IDF,TELEMACO BORBA,21a RS TELEMACO BORBA,MACRORREGIONAL LESTE,32,Metapneumovírus,1
IDF,CURIUVA,21a RS TELEMACO BORBA,MACRORREGIONAL LESTE,32,VSR,1
IDF,TELEMACO BORBA,21a RS TELEMACO BORBA,MACRORREGIONAL LESTE,32,VSR,2
IDF,IMBAU,21a RS TELEMACO BORBA,MACRORREGIONAL LESTE,34,Influenza,1
IDF,TELEMACO BORBA,21a RS TELEMACO BORBA,MACRORREGIONAL LESTE,34,VSR,1
SANTA CASA DE IRATI,TELEMACO BORBA,21a RS TELEMACO BORBA,MACRORREGIONAL LESTE,26,Metapneumovírus,1
SANTA CASA DE IRATI,TIBAGI,21a RS TELEMACO BORBA,MACRORREGIONAL LESTE,28,Rinovírus,1
SANTA CASA DE MISERICORDIA DE PONTA GROSSA,TIBAGI,21a RS TELEMACO BORBA,MACRORREGIONAL LESTE,26,Rinovírus,1
HOSPITAL BOM JESUS,CANDIDO DE ABREU,22a RS IVAIPORA,MACRORREGIONAL NORTE,9,Metapneumovírus,1
HOSPITAL BOM JESUS,CANDIDO DE ABREU,22a RS IVAIPORA,MACRORREGIONAL NORTE,10,Metapneumovírus,1
HOSPITAL BOM JESUS,IVAIPORA,22a RS IVAIPORA,MACRORREGIONAL NORTE,11,Rinovírus,1
HOSPITAL BOM JESUS,SAO JOAO DO IVAI,22a RS IVAIPORA,MACRORREGIONAL NORTE,14,Influenza,1
HOSPITAL BOM JESUS,ARIRANHA DO IVAI,22a RS IVAIPORA,MACRORREGIONAL NORTE,15,Rinovírus,1
HOSPITAL BOM JESUS,ARAPUA,22a RS IVAIPORA,MACRORREGIONAL NORTE,17,Metapneumovírus,1
HOSPITAL BOM JESUS,MANOEL RIBAS,22a RS IVAIPORA,MACRORREGIONAL NORTE,17,Rinovírus,2
HOSPITAL BOM JESUS,MANOEL RIBAS,22a RS IVAIPORA,MACRORREGIONAL NORTE,20,Rinovírus,1
HOSPITAL BOM JESUS,IVAIPORA,22a RS IVAIPORA,MACRORREGIONAL NORTE,22,Influenza,1
HOSPITAL MUNICIPAL DE SAO JOAO DO IVAI,SAO JOAO DO IVAI,22a RS IVAIPORA,MACRORREGIONAL NORTE,22,Influenza,1
HOSPITAL MUNICIPAL DE SAO JOAO DO IVAI,SAO JOAO DO IVAI,22a RS IVAIPORA,MACRORREGIONAL NORTE,27,Influenza,1
HOSPITAL MUNICIPAL DE SAO JOAO DO IVAI,SAO JOAO DO IVAI,22a RS IVAIPORA,MACRORREGIONAL NORTE,29,Influenza,1
HOSPITAL NOSSA SENHORA DE FATIMA,JARDIM ALEGRE,22a RS IVAIPORA,MACRORREGIONAL NORTE,21,Metapneumovírus,1
HOSPITAL NOSSA SENHORA DE FATIMA,JARDIM ALEGRE,22a RS IVAIPORA,MACRORREGIONAL NORTE,21,Rinovírus,1
HOSPITAL REGIONAL DE IVAIPORA,SAO JOAO DO IVAI,22a RS IVAIPORA,MACRORREGIONAL NORTE,26,Influenza,1
HOSPITAL REGIONAL DO LITORAL,IVAIPORA,22a RS IVAIPORA,MACRORREGIONAL NORTE,15,Rinovírus,1
HOSPITAL SAO JOAO DO IVAI II,LUNARDELLI,22a RS IVAIPORA,MACRORREGIONAL NORTE,25,VSR,1
HOSPITAL UNIVERSITARIO REGIONAL DO NORTE DO PARANA,MANOEL RIBAS,22a RS IVAIPORA,MACRORREGIONAL NORTE,7,Influenza,1
HOSPITAL UNIVERSITARIO REGIONAL DO NORTE DO PARANA,IVAIPORA,22a RS IVAIPORA,MACRORREGIONAL NORTE,33,VSR,1
INSTITUTO LUCENA SANCHEZ,IVAIPORA,22a RS IVAIPORA,MACRORREGIONAL NORTE,6,Influenza,1
INSTITUTO LUCENA SANCHEZ,IVAIPORA,22a RS IVAIPORA,MACRORREGIONAL NORTE,20,Influenza,1
INSTITUTO LUCENA SANCHEZ,IVAIPORA,22a RS IVAIPORA,MACRORREGIONAL NORTE,22,Influenza,1
INSTITUTO LUCENA SANCHEZ,LIDIANOPOLIS,22a RS IVAIPORA,MACRORREGIONAL NORTE,22,Influenza,2
INSTITUTO LUCENA SANCHEZ,GODOY MOREIRA,22a RS IVAIPORA,MACRORREGIONAL NORTE,23,Influenza,1
INSTITUTO LUCENA SANCHEZ,IVAIPORA,22a RS IVAIPORA,MACRORREGIONAL NORTE,23,Influenza,2
INSTITUTO LUCENA SANCHEZ,IVAIPORA,22a RS IVAIPORA,MACRORREGIONAL NORTE,25,Influenza,1
INSTITUTO LUCENA SANCHEZ,JARDIM ALEGRE,22a RS IVAIPORA,MACRORREGIONAL NORTE,25,Influenza,1
INSTITUTO LUCENA SANCHEZ,LIDIANOPOLIS,22a RS IVAIPORA,MACRORREGIONAL NORTE,25,Influenza,2
INSTITUTO LUCENA SANCHEZ,RIO BRANCO DO IVAI,22a RS IVAIPORA,MACRORREGIONAL NORTE,28,VSR,1
INSTITUTO LUCENA SANCHEZ,CANDIDO DE ABREU,22a RS IVAIPORA,MACRORREGIONAL NORTE,29,Influenza,1
INSTITUTO SAO JOSE,SANTA MARIA DO OESTE,22a RS IVAIPORA,MACRORREGIONAL NORTE,2,Influenza,1
METROPOLITANA DE SARANDI,IVAIPORA,22a RS IVAIPORA,MACRORREGIONAL NORTE,24,Rinovírus,1
CENTRO MEDICO COMUNITARIO BAIRRO NOVO,CURITIBA,2a RS METROPOLITANA,MACRORREGIONAL LESTE,19,Influenza,2
CENTRO MEDICO COMUNITARIO BAIRRO NOVO,CURITIBA,2a RS METROPOLITANA,MACRORREGIONAL LESTE,19,Rinovírus,1
CENTRO MEDICO COMUNITARIO BAIRRO NOVO,CURITIBA,2a RS METROPOLITANA,MACRORREGIONAL LESTE,20,Influenza,2
CENTRO MEDICO COMUNITARIO BAIRRO NOVO,CURITIBA,2a RS METROPOLITANA,MACRORREGIONAL LESTE,21,Influenza,1
CENTRO MEDICO COMUNITARIO BAIRRO NOVO,CURITIBA,2a RS METROPOLITANA,MACRORREGIONAL LESTE,25,Influenza,1
CLINICA SUGISAWA,CURITIBA,2a RS METROPOLITANA,MACRORREGIONAL LESTE,22,Influenza,1
CLINICA SUGISAWA,CURITIBA,2a RS METROPOLITANA,MACRORREGIONAL LESTE,23,Influenza,1
COMPLEXO DO HOSPITAL DE CLINICAS DA UFPR HC E MVFA,CURITIBA,2a RS METROPOLITANA,MACRORREGIONAL LESTE,3,Covid-19,1
COMPLEXO DO HOSPITAL DE CLINICAS DA UFPR HC E MVFA,CURITIBA,2a RS METROPOLITANA,MACRORREGIONAL LESTE,3,Influenza,1
COMPLEXO DO HOSPITAL DE CLINICAS DA UFPR HC E MVFA,CURITIBA,2a RS METROPOLITANA,MACRORREGIONAL LESTE,4,Covid-19,1
COMPLEXO DO HOSPITAL DE CLINICAS DA UFPR HC E MVFA,CURITIBA,2a RS METROPOLITANA,MACRORREGIONAL LESTE,4,Influenza,1
COMPLEXO DO HOSPITAL DE CLINICAS DA UFPR HC E MVFA,CURITIBA,2a RS METROPOLITANA,MACRORREGIONAL LESTE,4,Rinovírus,2
COMPLEXO DO HOSPITAL DE CLINICAS DA UFPR HC E MVFA,SAO JOSE DOS PINHAIS,2a RS METROPOLITANA,MACRORREGIONAL LESTE,5,Adenovírus,1
COMPLEXO DO HOSPITAL DE CLINICAS DA UFPR HC E MVFA,CURITIBA,2a RS METROPOLITANA,MACRORREGIONAL LESTE,5,Covid-19,1
COMPLEXO DO HOSPITAL DE CLINICAS DA UFPR HC E MVFA,SAO JOSE DOS PINHAIS,2a RS METROPOLITANA,MACRORREGIONAL LESTE,5,Covid-19,1
COMPLEXO DO HOSPITAL DE CLINICAS DA UFPR HC E MVFA,CURITIBA,2a RS METROPOLITANA,MACRORREGIONAL LESTE,6,Influenza,1
COMPLEXO DO HOSPITAL DE CLINICAS DA UFPR HC E MVFA,DOUTOR ULYSSES,2a RS METROPOLITANA,MACRORREGIONAL LESTE,6,Rinovírus,1
COMPLEXO DO HOSPITAL DE CLINICAS DA UFPR HC E MVFA,CURITIBA,2a RS METROPOLITANA,MACRORREGIONAL LESTE,8,Adenovírus,1
COMPLEXO DO HOSPITAL DE CLINICAS DA UFPR HC E MVFA,CURITIBA,2a RS METROPOLITANA,MACRORREGIONAL LESTE,8,VSR,1
COMPLEXO DO HOSPITAL DE CLINICAS DA UFPR HC E MVFA,CURITIBA,2a RS METROPOLITANA,MACRORREGIONAL LESTE,9,Adenovírus,1
COMPLEXO DO HOSPITAL DE CLINICAS DA UFPR HC E MVFA,CURITIBA,2a RS METROPOLITANA,MACRORREGIONAL LESTE,9,Metapneumovírus,1
COMPLEXO DO HOSPITAL DE CLINICAS DA UFPR HC E MVFA,CURITIBA,2a RS METROPOLITANA,MACRORREGIONAL LESTE,9,Rinovírus,2
COMPLEXO DO HOSPITAL DE CLINICAS DA UFPR HC E MVFA,ITAPERUCU,2a RS METROPOLITANA,MACRORREGIONAL LESTE,9,Rinovírus,1
COMPLEXO DO HOSPITAL DE CLINICAS DA UFPR HC E MVFA,CURITIBA,2a RS METROPOLITANA,MACRORREGIONAL LESTE,10,Adenovírus,1
COMPLEXO DO HOSPITAL DE CLINICAS DA UFPR HC E MVFA,CURITIBA,2a RS METROPOLITANA,MACRORREGIONAL LESTE,10,Influenza,1
COMPLEXO DO HOSPITAL DE CLINICAS DA UFPR HC E MVFA,CURITIBA,2a RS METROPOLITANA,MACRORREGIONAL LESTE,10,Rinovírus,3
COMPLEXO DO HOSPITAL DE CLINICAS DA UFPR HC E MVFA,CURITIBA,2a RS METROPOLITANA,MACRORREGIONAL LESTE,10,VSR,1
COMPLEXO DO HOSPITAL DE CLINICAS DA UFPR HC E MVFA,CURITIBA,2a RS METROPOLITANA,MACRORREGIONAL LESTE,11,Adenovírus,2
COMPLEXO DO HOSPITAL DE CLINICAS DA UFPR HC E MVFA,CURITIBA,2a RS METROPOLITANA,MACRORREGIONAL LESTE,11,Rinovírus,4
COMPLEXO DO HOSPITAL DE CLINICAS DA UFPR HC E MVFA,ALMIRANTE TAMANDARE,2a RS METROPOLITANA,MACRORREGIONAL LESTE,12,Covid-19,1
COMPLEXO DO HOSPITAL DE CLINICAS DA UFPR HC E MVFA,ALMIRANTE TAMANDARE,2a RS METROPOLITANA,MACRORREGIONAL LESTE,12,Rinovírus,1
COMPLEXO DO HOSPITAL DE CLINICAS DA UFPR HC E MVFA,CAMPO LARGO,2a RS METROPOLITANA,MACRORREGIONAL LESTE,12,Rinovírus,1
COMPLEXO DO HOSPITAL DE CLINICAS DA UFPR HC E MVFA,COLOMBO,2a RS METROPOLITANA,MACRORREGIONAL LESTE,12,Rinovírus,2
COMPLEXO DO HOSPITAL DE CLINICAS DA UFPR HC E MVFA,CURITIBA,2a RS METROPOLITANA,MACRORREGIONAL LESTE,12,Rinovírus,1
COMPLEXO DO HOSPITAL DE CLINICAS DA UFPR HC E MVFA,CURITIBA,2a RS METROPOLITANA,MACRORREGIONAL LESTE,13,Rinovírus,3
COMPLEXO DO HOSPITAL DE CLINICAS DA UFPR HC E MVFA,CURITIBA,2a RS METROPOLITANA,MACRORREGIONAL LESTE,13,VSR,1
COMPLEXO DO HOSPITAL DE CLINICAS DA UFPR HC E MVFA,CURITIBA,2a RS METROPOLITANA,MACRORREGIONAL LESTE,14,Influenza,1
COMPLEXO DO HOSPITAL DE CLINICAS DA UFPR HC E MVFA,PINHAIS,2a RS METROPOLITANA,MACRORREGIONAL LESTE,14,Influenza,1
COMPLEXO DO HOSPITAL DE CLINICAS DA UFPR HC E MVFA,FAZENDA RIO GRANDE,2a RS METROPOLITANA,MACRORREGIONAL LESTE,14,Rinovírus,1
COMPLEXO DO HOSPITAL DE CLINICAS DA UFPR HC E MVFA,CURITIBA,2a RS METROPOLITANA,MACRORREGIONAL LESTE,14,VSR,1
COMPLEXO DO HOSPITAL DE CLINICAS DA UFPR HC E MVFA,CURITIBA,2a RS METROPOLITANA,MACRORREGIONAL LESTE,15,Adenovírus,1
COMPLEXO DO HOSPITAL DE CLINICAS DA UFPR HC E MVFA,QUITANDINHA,2a RS METROPOLITANA,MACRORREGIONAL LESTE,15,Influenza,1
COMPLEXO DO HOSPITAL DE CLINICAS DA UFPR HC E MVFA,CURITIBA,2a RS METROPOLITANA,MACRORREGIONAL LESTE,15,Rinovírus,1
COMPLEXO DO HOSPITAL DE CLINICAS DA UFPR HC E MVFA,CAMPO MAGRO,2a RS METROPOLITANA,MACRORREGIONAL LESTE,16,Adenovírus,1
COMPLEXO DO HOSPITAL DE CLINICAS DA UFPR HC E MVFA,CURITIBA,2a RS METROPOLITANA,MACRORREGIONAL LESTE,16,Adenovírus,1
COMPLEXO DO HOSPITAL DE CLINICAS DA UFPR HC E MVFA,ALMIRANTE TAMANDARE,2a RS METROPOLITANA,MACRORREGIONAL LESTE,16,Influenza,1
COMPLEXO DO HOSPITAL DE CLINICAS DA UFPR HC E MVFA,CAMPO MAGRO,2a RS METROPOLITANA,MACRORREGIONAL LESTE,16,Influenza,1
COMPLEXO DO HOSPITAL DE CLINICAS DA UFPR HC E MVFA,CURITIBA,2a RS METROPOLITANA,MACRORREGIONAL LESTE,16,Influenza,3
COMPLEXO DO HOSPITAL DE CLINICAS DA UFPR HC E MVFA,CURITIBA,2a RS METROPOLITANA,MACRORREGIONAL LESTE,16,Rinovírus,1
COMPLEXO DO HOSPITAL DE CLINICAS DA UFPR HC E MVFA,CURITIBA,2a RS METROPOLITANA,MACRORREGIONAL LESTE,16,VSR,1
COMPLEXO DO HOSPITAL DE CLINICAS DA UFPR HC E MVFA,CURITIBA,2a RS METROPOLITANA,MACRORREGIONAL LESTE,17,Adenovírus,3
COMPLEXO DO HOSPITAL DE CLINICAS DA UFPR HC E MVFA,CURITIBA,2a RS METROPOLITANA,MACRORREGIONAL LESTE,17,Influenza,2
COMPLEXO DO HOSPITAL DE CLINICAS DA UFPR HC E MVFA,CURITIBA,2a RS METROPOLITANA,MACRORREGIONAL LESTE,17,Rinovírus,1
COMPLEXO DO HOSPITAL DE CLINICAS DA UFPR HC E MVFA,CURITIBA,2a RS METROPOLITANA,MACRORREGIONAL LESTE,17,VSR,1
COMPLEXO DO HOSPITAL DE CLINICAS DA UFPR HC E MVFA,CAMPO MAGRO,2a RS METROPOLITANA,MACRORREGIONAL LESTE,18,Adenovírus,1
COMPLEXO DO HOSPITAL DE CLINICAS DA UFPR HC E MVFA,CURITIBA,2a RS METROPOLITANA,MACRORREGIONAL LESTE,18,Adenovírus,1
COMPLEXO DO HOSPITAL DE CLINICAS DA UFPR HC E MVFA,CURITIBA,2a RS METROPOLITANA,MACRORREGIONAL LESTE,18,Influenza,3
COMPLEXO DO HOSPITAL DE CLINICAS DA UFPR HC E MVFA,QUITANDINHA,2a RS METROPOLITANA,MACRORREGIONAL LESTE,18,Influenza,1
COMPLEXO DO HOSPITAL DE CLINICAS DA UFPR HC E MVFA,CURITIBA,2a RS METROPOLITANA,MACRORREGIONAL LESTE,18,Metapneumovírus,1
COMPLEXO DO HOSPITAL DE CLINICAS DA UFPR HC E MVFA,CAMPO MAGRO,2a RS METROPOLITANA,MACRORREGIONAL LESTE,18,Rinovírus,1
COMPLEXO DO HOSPITAL DE CLINICAS DA UFPR HC E MVFA,CURITIBA,2a RS METROPOLITANA,MACRORREGIONAL LESTE,18,Rinovírus,1
COMPLEXO DO HOSPITAL DE CLINICAS DA UFPR HC E MVFA,SAO JOSE DOS PINHAIS,2a RS METROPOLITANA,MACRORREGIONAL LESTE,18,VSR,1
COMPLEXO DO HOSPITAL DE CLINICAS DA UFPR HC E MVFA,CAMPO LARGO,2a RS METROPOLITANA,MACRORREGIONAL LESTE,19,Adenovírus,1
COMPLEXO DO HOSPITAL DE CLINICAS DA UFPR HC E MVFA,PINHAIS,2a RS METROPOLITANA,MACRORREGIONAL LESTE,19,Adenovírus,1
COMPLEXO DO HOSPITAL DE CLINICAS DA UFPR HC E MVFA,CURITIBA,2a RS METROPOLITANA,MACRORREGIONAL LESTE,19,Covid-19,1
COMPLEXO DO HOSPITAL DE CLINICAS DA UFPR HC E MVFA,CURITIBA,2a RS METROPOLITANA,MACRORREGIONAL LESTE,19,Influenza,4
COMPLEXO DO HOSPITAL DE CLINICAS DA UFPR HC E MVFA,CURITIBA,2a RS METROPOLITANA,MACRORREGIONAL LESTE,19,Rinovírus,1
COMPLEXO DO HOSPITAL DE CLINICAS DA UFPR HC E MVFA,PINHAIS,2a RS METROPOLITANA,MACRORREGIONAL LESTE,19,Rinovírus,1
COMPLEXO DO HOSPITAL DE CLINICAS DA UFPR HC E MVFA,COLOMBO,2a RS METROPOLITANA,MACRORREGIONAL LESTE,19,VSR,1
COMPLEXO DO HOSPITAL DE CLINICAS DA UFPR HC E MVFA,CURITIBA,2a RS METROPOLITANA,MACRORREGIONAL LESTE,19,VSR,2
COMPLEXO DO HOSPITAL DE CLINICAS DA UFPR HC E MVFA,CURITIBA,2a RS METROPOLITANA,MACRORREGIONAL LESTE,20,Adenovírus,1
COMPLEXO DO HOSPITAL DE CLINICAS DA UFPR HC E MVFA,CURITIBA,2a RS METROPOLITANA,MACRORREGIONAL LESTE,20,Influenza,2
COMPLEXO DO HOSPITAL DE CLINICAS DA UFPR HC E MVFA,QUITANDINHA,2a RS METROPOLITANA,MACRORREGIONAL LESTE,20,Influenza,1
COMPLEXO DO HOSPITAL DE CLINICAS DA UFPR HC E MVFA,CURITIBA,2a RS METROPOLITANA,MACRORREGIONAL LESTE,20,Rinovírus,3
COMPLEXO DO HOSPITAL DE CLINICAS DA UFPR HC E MVFA,COLOMBO,2a RS METROPOLITANA,MACRORREGIONAL LESTE,20,VSR,1
COMPLEXO DO HOSPITAL DE CLINICAS DA UFPR HC E MVFA,CURITIBA,2a RS METROPOLITANA,MACRORREGIONAL LESTE,20,VSR,2
COMPLEXO DO HOSPITAL DE CLINICAS DA UFPR HC E MVFA,CURITIBA,2a RS METROPOLITANA,MACRORREGIONAL LESTE,21,Influenza,4
COMPLEXO DO HOSPITAL DE CLINICAS DA UFPR HC E MVFA,CURITIBA,2a RS METROPOLITANA,MACRORREGIONAL LESTE,21,Rinovírus,3
COMPLEXO DO HOSPITAL DE CLINICAS DA UFPR HC E MVFA,CURITIBA,2a RS METROPOLITANA,MACRORREGIONAL LESTE,21,VSR,4
COMPLEXO DO HOSPITAL DE CLINICAS DA UFPR HC E MVFA,ALMIRANTE TAMANDARE,2a RS METROPOLITANA,MACRORREGIONAL LESTE,22,Adenovírus,1
COMPLEXO DO HOSPITAL DE CLINICAS DA UFPR HC E MVFA,CURITIBA,2a RS METROPOLITANA,MACRORREGIONAL LESTE,22,Adenovírus,1
COMPLEXO DO HOSPITAL DE CLINICAS DA UFPR HC E MVFA,PINHAIS,2a RS METROPOLITANA,MACRORREGIONAL LESTE,22,Adenovírus,1
COMPLEXO DO HOSPITAL DE CLINICAS DA UFPR HC E MVFA,CURITIBA,2a RS METROPOLITANA,MACRORREGIONAL LESTE,22,Influenza,2
COMPLEXO DO HOSPITAL DE CLINICAS DA UFPR HC E MVFA,CURITIBA,2a RS METROPOLITANA,MACRORREGIONAL LESTE,22,Metapneumovírus,1
COMPLEXO DO HOSPITAL DE CLINICAS DA UFPR HC E MVFA,AGUDOS DO SUL,2a RS METROPOLITANA,MACRORREGIONAL LESTE,22,Rinovírus,1
COMPLEXO DO HOSPITAL DE CLINICAS DA UFPR HC E MVFA,ALMIRANTE TAMANDARE,2a RS METROPOLITANA,MACRORREGIONAL LESTE,22,Rinovírus,1
COMPLEXO DO HOSPITAL DE CLINICAS DA UFPR HC E MVFA,CURITIBA,2a RS METROPOLITANA,MACRORREGIONAL LESTE,22,Rinovírus,1
COMPLEXO DO HOSPITAL DE CLINICAS DA UFPR HC E MVFA,COLOMBO,2a RS METROPOLITANA,MACRORREGIONAL LESTE,22,VSR,1
COMPLEXO DO HOSPITAL DE CLINICAS DA UFPR HC E MVFA,CURITIBA,2a RS METROPOLITANA,MACRORREGIONAL LESTE,22,VSR,3
COMPLEXO DO HOSPITAL DE CLINICAS DA UFPR HC E MVFA,PINHAIS,2a RS METROPOLITANA,MACRORREGIONAL LESTE,22,VSR,1
COMPLEXO DO HOSPITAL DE CLINICAS DA UFPR HC E MVFA,CURITIBA,2a RS METROPOLITANA,MACRORREGIONAL LESTE,23,Adenovírus,1
COMPLEXO DO HOSPITAL DE CLINICAS DA UFPR HC E MVFA,COLOMBO,2a RS METROPOLITANA,MACRORREGIONAL LESTE,23,Influenza,1
COMPLEXO DO HOSPITAL DE CLINICAS DA UFPR HC E MVFA,CURITIBA,2a RS METROPOLITANA,MACRORREGIONAL LESTE,23,Influenza,6
COMPLEXO DO HOSPITAL DE CLINICAS DA UFPR HC E MVFA,PINHAIS,2a RS METROPOLITANA,MACRORREGIONAL LESTE,23,Influenza,1
COMPLEXO DO HOSPITAL DE CLINICAS DA UFPR HC E MVFA,CURITIBA,2a RS METROPOLITANA,MACRORREGIONAL LESTE,23,Rinovírus,1
COMPLEXO DO HOSPITAL DE CLINICAS DA UFPR HC E MVFA,SAO JOSE DOS PINHAIS,2a RS METROPOLITANA,MACRORREGIONAL LESTE,23,Rinovírus,1
COMPLEXO DO HOSPITAL DE CLINICAS DA UFPR HC E MVFA,CURITIBA,2a RS METROPOLITANA,MACRORREGIONAL LESTE,23,VSR,4
COMPLEXO DO HOSPITAL DE CLINICAS DA UFPR HC E MVFA,CURITIBA,2a RS METROPOLITANA,MACRORREGIONAL LESTE,24,Adenovírus,1
COMPLEXO DO HOSPITAL DE CLINICAS DA UFPR HC E MVFA,CURITIBA,2a RS METROPOLITANA,MACRORREGIONAL LESTE,24,Influenza,3
COMPLEXO DO HOSPITAL DE CLINICAS DA UFPR HC E MVFA,CURITIBA,2a RS METROPOLITANA,MACRORREGIONAL LESTE,24,Rinovírus,2
COMPLEXO DO HOSPITAL DE CLINICAS DA UFPR HC E MVFA,FAZENDA RIO GRANDE,2a RS METROPOLITANA,MACRORREGIONAL LESTE,24,Rinovírus,1
COMPLEXO DO HOSPITAL DE CLINICAS DA UFPR HC E MVFA,CURITIBA,2a RS METROPOLITANA,MACRORREGIONAL LESTE,24,VSR,16
COMPLEXO DO HOSPITAL DE CLINICAS DA UFPR HC E MVFA,PINHAIS,2a RS METROPOLITANA,MACRORREGIONAL LESTE,24,VSR,1
COMPLEXO DO HOSPITAL DE CLINICAS DA UFPR HC E MVFA,PIRAQUARA,2a RS METROPOLITANA,MACRORREGIONAL LESTE,24,VSR,1
COMPLEXO DO HOSPITAL DE CLINICAS DA UFPR HC E MVFA,CURITIBA,2a RS METROPOLITANA,MACRORREGIONAL LESTE,25,Adenovírus,1
COMPLEXO DO HOSPITAL DE CLINICAS DA UFPR HC E MVFA,CURITIBA,2a RS METROPOLITANA,MACRORREGIONAL LESTE,25,Influenza,1
COMPLEXO DO HOSPITAL DE CLINICAS DA UFPR HC E MVFA,FAZENDA RIO GRANDE,2a RS METROPOLITANA,MACRORREGIONAL LESTE,25,Influenza,2
COMPLEXO DO HOSPITAL DE CLINICAS DA UFPR HC E MVFA,CURITIBA,2a RS METROPOLITANA,MACRORREGIONAL LESTE,25,Metapneumovírus,1
COMPLEXO DO HOSPITAL DE CLINICAS DA UFPR HC E MVFA,ALMIRANTE TAMANDARE,2a RS METROPOLITANA,MACRORREGIONAL LESTE,25,Rinovírus,1
COMPLEXO DO HOSPITAL DE CLINICAS DA UFPR HC E MVFA,CAMPO LARGO,2a RS METROPOLITANA,MACRORREGIONAL LESTE,25,Rinovírus,1
COMPLEXO DO HOSPITAL DE CLINICAS DA UFPR HC E MVFA,CURITIBA,2a RS METROPOLITANA,MACRORREGIONAL LESTE,25,Rinovírus,1
COMPLEXO DO HOSPITAL DE CLINICAS DA UFPR HC E MVFA,FAZENDA RIO GRANDE,2a RS METROPOLITANA,MACRORREGIONAL LESTE,25,Rinovírus,1
COMPLEXO DO HOSPITAL DE CLINICAS DA UFPR HC E MVFA,ARAUCARIA,2a RS METROPOLITANA,MACRORREGIONAL LESTE,25,VSR,1
COMPLEXO DO HOSPITAL DE CLINICAS DA UFPR HC E MVFA,CURITIBA,2a RS METROPOLITANA,MACRORREGIONAL LESTE,25,VSR,7
COMPLEXO DO HOSPITAL DE CLINICAS DA UFPR HC E MVFA,SAO JOSE DOS PINHAIS,2a RS METROPOLITANA,MACRORREGIONAL LESTE,25,VSR,2
COMPLEXO DO HOSPITAL DE CLINICAS DA UFPR HC E MVFA,CURITIBA,2a RS METROPOLITANA,MACRORREGIONAL LESTE,26,Influenza,2
COMPLEXO DO HOSPITAL DE CLINICAS DA UFPR HC E MVFA,ALMIRANTE TAMANDARE,2a RS METROPOLITANA,MACRORREGIONAL LESTE,26,Rinovírus,1
COMPLEXO DO HOSPITAL DE CLINICAS DA UFPR HC E MVFA,CURITIBA,2a RS METROPOLITANA,MACRORREGIONAL LESTE,26,Rinovírus,3
COMPLEXO DO HOSPITAL DE CLINICAS DA UFPR HC E MVFA,PIRAQUARA,2a RS METROPOLITANA,MACRORREGIONAL LESTE,26,Rinovírus,1
COMPLEXO DO HOSPITAL DE CLINICAS DA UFPR HC E MVFA,COLOMBO,2a RS METROPOLITANA,MACRORREGIONAL LESTE,26,VSR,1
COMPLEXO DO HOSPITAL DE CLINICAS DA UFPR HC E MVFA,CURITIBA,2a RS METROPOLITANA,MACRORREGIONAL LESTE,26,VSR,5
COMPLEXO DO HOSPITAL DE CLINICAS DA UFPR HC E MVFA,PINHAIS,2a RS METROPOLITANA,MACRORREGIONAL LESTE,26,VSR,1
COMPLEXO DO HOSPITAL DE CLINICAS DA UFPR HC E MVFA,SAO JOSE DOS PINHAIS,2a RS METROPOLITANA,MACRORREGIONAL LESTE,26,VSR,3
COMPLEXO DO HOSPITAL DE CLINICAS DA UFPR HC E MVFA,CURITIBA,2a RS METROPOLITANA,MACRORREGIONAL LESTE,27,Adenovírus,2
COMPLEXO DO HOSPITAL DE CLINICAS DA UFPR HC E MVFA,ALMIRANTE TAMANDARE,2a RS METROPOLITANA,MACRORREGIONAL LESTE,27,Rinovírus,1
COMPLEXO DO HOSPITAL DE CLINICAS DA UFPR HC E MVFA,COLOMBO,2a RS METROPOLITANA,MACRORREGIONAL LESTE,27,Rinovírus,1
COMPLEXO DO HOSPITAL DE CLINICAS DA UFPR HC E MVFA,CURITIBA,2a RS METROPOLITANA,MACRORREGIONAL LESTE,27,Rinovírus,2
COMPLEXO DO HOSPITAL DE CLINICAS DA UFPR HC E MVFA,ALMIRANTE TAMANDARE,2a RS METROPOLITANA,MACRORREGIONAL LESTE,27,VSR,1
COMPLEXO DO HOSPITAL DE CLINICAS DA UFPR HC E MVFA,CURITIBA,2a RS METROPOLITANA,MACRORREGIONAL LESTE,27,VSR,8
COMPLEXO DO HOSPITAL DE CLINICAS DA UFPR HC E MVFA,PINHAIS,2a RS METROPOLITANA,MACRORREGIONAL LESTE,27,VSR,1
COMPLEXO DO HOSPITAL DE CLINICAS DA UFPR HC E MVFA,SAO JOSE DOS PINHAIS,2a RS METROPOLITANA,MACRORREGIONAL LESTE,27,VSR,1
COMPLEXO DO HOSPITAL DE CLINICAS DA UFPR HC E MVFA,CAMPO MAGRO,2a RS METROPOLITANA,MACRORREGIONAL LESTE,28,Adenovírus,1
COMPLEXO DO HOSPITAL DE CLINICAS DA UFPR HC E MVFA,CURITIBA,2a RS METROPOLITANA,MACRORREGIONAL LESTE,28,Adenovírus,1
COMPLEXO DO HOSPITAL DE CLINICAS DA UFPR HC E MVFA,ALMIRANTE TAMANDARE,2a RS METROPOLITANA,MACRORREGIONAL LESTE,28,Influenza,1
COMPLEXO DO HOSPITAL DE CLINICAS DA UFPR HC E MVFA,CURITIBA,2a RS METROPOLITANA,MACRORREGIONAL LESTE,28,Influenza,1
COMPLEXO DO HOSPITAL DE CLINICAS DA UFPR HC E MVFA,CAMPO LARGO,2a RS METROPOLITANA,MACRORREGIONAL LESTE,28,Rinovírus,1
COMPLEXO DO HOSPITAL DE CLINICAS DA UFPR HC E MVFA,CURITIBA,2a RS METROPOLITANA,MACRORREGIONAL LESTE,28,Rinovírus,3
COMPLEXO DO HOSPITAL DE CLINICAS DA UFPR HC E MVFA,BALSA NOVA,2a RS METROPOLITANA,MACRORREGIONAL LESTE,28,VSR,1
COMPLEXO DO HOSPITAL DE CLINICAS DA UFPR HC E MVFA,CAMPO DO TENENTE,2a RS METROPOLITANA,MACRORREGIONAL LESTE,28,VSR,1
COMPLEXO DO HOSPITAL DE CLINICAS DA UFPR HC E MVFA,CAMPO LARGO,2a RS METROPOLITANA,MACRORREGIONAL LESTE,28,VSR,2
COMPLEXO DO HOSPITAL DE CLINICAS DA UFPR HC E MVFA,CAMPO MAGRO,2a RS METROPOLITANA,MACRORREGIONAL LESTE,28,VSR,2
COMPLEXO DO HOSPITAL DE CLINICAS DA UFPR HC E MVFA,CURITIBA,2a RS METROPOLITANA,MACRORREGIONAL LESTE,28,VSR,2
COMPLEXO DO HOSPITAL DE CLINICAS DA UFPR HC E MVFA,PIRAQUARA,2a RS METROPOLITANA,MACRORREGIONAL LESTE,28,VSR,2
COMPLEXO DO HOSPITAL DE CLINICAS DA UFPR HC E MVFA,SAO JOSE DOS PINHAIS,2a RS METROPOLITANA,MACRORREGIONAL LESTE,28,VSR,1
COMPLEXO DO HOSPITAL DE CLINICAS DA UFPR HC E MVFA,CURITIBA,2a RS METROPOLITANA,MACRORREGIONAL LESTE,29,Adenovírus,1
COMPLEXO DO HOSPITAL DE CLINICAS DA UFPR HC E MVFA,ARAUCARIA,2a RS METROPOLITANA,MACRORREGIONAL LESTE,29,Influenza,1
COMPLEXO DO HOSPITAL DE CLINICAS DA UFPR HC E MVFA,CURITIBA,2a RS METROPOLITANA,MACRORREGIONAL LESTE,29,Metapneumovírus,3
COMPLEXO DO HOSPITAL DE CLINICAS DA UFPR HC E MVFA,BOCAIUVA DO SUL,2a RS METROPOLITANA,MACRORREGIONAL LESTE,29,VSR,1
COMPLEXO DO HOSPITAL DE CLINICAS DA UFPR HC E MVFA,CAMPO LARGO,2a RS METROPOLITANA,MACRORREGIONAL LESTE,29,VSR,2
COMPLEXO DO HOSPITAL DE CLINICAS DA UFPR HC E MVFA,COLOMBO,2a RS METROPOLITANA,MACRORREGIONAL LESTE,29,VSR,1
COMPLEXO DO HOSPITAL DE CLINICAS DA UFPR HC E MVFA,CURITIBA,2a RS METROPOLITANA,MACRORREGIONAL LESTE,29,VSR,7
COMPLEXO DO HOSPITAL DE CLINICAS DA UFPR HC E MVFA,PINHAIS,2a RS METROPOLITANA,MACRORREGIONAL LESTE,29,VSR,2
COMPLEXO DO HOSPITAL DE CLINICAS DA UFPR HC E MVFA,PIRAQUARA,2a RS METROPOLITANA,MACRORREGIONAL LESTE,29,VSR,1
COMPLEXO DO HOSPITAL DE CLINICAS DA UFPR HC E MVFA,SAO JOSE DOS PINHAIS,2a RS METROPOLITANA,MACRORREGIONAL LESTE,29,VSR,1
COMPLEXO DO HOSPITAL DE CLINICAS DA UFPR HC E MVFA,CAMPO LARGO,2a RS METROPOLITANA,MACRORREGIONAL LESTE,30,Adenovírus,1
COMPLEXO DO HOSPITAL DE CLINICAS DA UFPR HC E MVFA,CURITIBA,2a RS METROPOLITANA,MACRORREGIONAL LESTE,30,Influenza,1
COMPLEXO DO HOSPITAL DE CLINICAS DA UFPR HC E MVFA,CAMPO LARGO,2a RS METROPOLITANA,MACRORREGIONAL LESTE,30,Rinovírus,1
COMPLEXO DO HOSPITAL DE CLINICAS DA UFPR HC E MVFA,CURITIBA,2a RS METROPOLITANA,MACRORREGIONAL LESTE,30,Rinovírus,1
COMPLEXO DO HOSPITAL DE CLINICAS DA UFPR HC E MVFA,ALMIRANTE TAMANDARE,2a RS METROPOLITANA,MACRORREGIONAL LESTE,30,VSR,1
COMPLEXO DO HOSPITAL DE CLINICAS DA UFPR HC E MVFA,CURITIBA,2a RS METROPOLITANA,MACRORREGIONAL LESTE,30,VSR,5
COMPLEXO DO HOSPITAL DE CLINICAS DA UFPR HC E MVFA,LAPA,2a RS METROPOLITANA,MACRORREGIONAL LESTE,30,VSR,1
COMPLEXO DO HOSPITAL DE CLINICAS DA UFPR HC E MVFA,PIEN,2a RS METROPOLITANA,MACRORREGIONAL LESTE,30,VSR,1
COMPLEXO DO HOSPITAL DE CLINICAS DA UFPR HC E MVFA,SAO JOSE DOS PINHAIS,2a RS METROPOLITANA,MACRORREGIONAL LESTE,30,VSR,1
COMPLEXO DO HOSPITAL DE CLINICAS DA UFPR HC E MVFA,CURITIBA,2a RS METROPOLITANA,MACRORREGIONAL LESTE,31,Adenovírus,1
COMPLEXO DO HOSPITAL DE CLINICAS DA UFPR HC E MVFA,QUITANDINHA,2a RS METROPOLITANA,MACRORREGIONAL LESTE,31,Adenovírus,1
COMPLEXO DO HOSPITAL DE CLINICAS DA UFPR HC E MVFA,CURITIBA,2a RS METROPOLITANA,MACRORREGIONAL LESTE,31,Metapneumovírus,1
COMPLEXO DO HOSPITAL DE CLINICAS DA UFPR HC E MVFA,SAO JOSE DOS PINHAIS,2a RS METROPOLITANA,MACRORREGIONAL LESTE,31,Metapneumovírus,1
COMPLEXO DO HOSPITAL DE CLINICAS DA UFPR HC E MVFA,ALMIRANTE TAMANDARE,2a RS METROPOLITANA,MACRORREGIONAL LESTE,31,Rinovírus,1
COMPLEXO DO HOSPITAL DE CLINICAS DA UFPR HC E MVFA,CURITIBA,2a RS METROPOLITANA,MACRORREGIONAL LESTE,31,Rinovírus,4
COMPLEXO DO HOSPITAL DE CLINICAS DA UFPR HC E MVFA,ALMIRANTE TAMANDARE,2a RS METROPOLITANA,MACRORREGIONAL LESTE,31,VSR,1
COMPLEXO DO HOSPITAL DE CLINICAS DA UFPR HC E MVFA,CURITIBA,2a RS METROPOLITANA,MACRORREGIONAL LESTE,31,VSR,2
COMPLEXO DO HOSPITAL DE CLINICAS DA UFPR HC E MVFA,ITAPERUCU,2a RS METROPOLITANA,MACRORREGIONAL LESTE,31,VSR,1
COMPLEXO DO HOSPITAL DE CLINICAS DA UFPR HC E MVFA,CURITIBA,2a RS METROPOLITANA,MACRORREGIONAL LESTE,32,Adenovírus,1
COMPLEXO DO HOSPITAL DE CLINICAS DA UFPR HC E MVFA,ALMIRANTE TAMANDARE,2a RS METROPOLITANA,MACRORREGIONAL LESTE,32,Rinovírus,1
COMPLEXO DO HOSPITAL DE CLINICAS DA UFPR HC E MVFA,CURITIBA,2a RS METROPOLITANA,MACRORREGIONAL LESTE,32,Rinovírus,1
COMPLEXO DO HOSPITAL DE CLINICAS DA UFPR HC E MVFA,PINHAIS,2a RS METROPOLITANA,MACRORREGIONAL LESTE,32,Rinovírus,1
COMPLEXO DO HOSPITAL DE CLINICAS DA UFPR HC E MVFA,CAMPO LARGO,2a RS METROPOLITANA,MACRORREGIONAL LESTE,32,VSR,1
COMPLEXO DO HOSPITAL DE CLINICAS DA UFPR HC E MVFA,CURITIBA,2a RS METROPOLITANA,MACRORREGIONAL LESTE,32,VSR,2
COMPLEXO DO HOSPITAL DE CLINICAS DA UFPR HC E MVFA,PIRAQUARA,2a RS METROPOLITANA,MACRORREGIONAL LESTE,32,VSR,1
COMPLEXO DO HOSPITAL DE CLINICAS DA UFPR HC E MVFA,ALMIRANTE TAMANDARE,2a RS METROPOLITANA,MACRORREGIONAL LESTE,33,Rinovírus,1
COMPLEXO DO HOSPITAL DE CLINICAS DA UFPR HC E MVFA,CURITIBA,2a RS METROPOLITANA,MACRORREGIONAL LESTE,33,Rinovírus,3
COMPLEXO DO HOSPITAL DE CLINICAS DA UFPR HC E MVFA,PINHAIS,2a RS METROPOLITANA,MACRORREGIONAL LESTE,33,Rinovírus,1
COMPLEXO DO HOSPITAL DE CLINICAS DA UFPR HC E MVFA,PIRAQUARA,2a RS METROPOLITANA,MACRORREGIONAL LESTE,33,Rinovírus,1
COMPLEXO DO HOSPITAL DE CLINICAS DA UFPR HC E MVFA,CURITIBA,2a RS METROPOLITANA,MACRORREGIONAL LESTE,33,VSR,2
COMPLEXO DO HOSPITAL DE CLINICAS DA UFPR HC E MVFA,LAPA,2a RS METROPOLITANA,MACRORREGIONAL LESTE,33,VSR,1
COMPLEXO DO HOSPITAL DE CLINICAS DA UFPR HC E MVFA,PINHAIS,2a RS METROPOLITANA,MACRORREGIONAL LESTE,33,VSR,1
COMPLEXO DO HOSPITAL DE CLINICAS DA UFPR HC E MVFA,CURITIBA,2a RS METROPOLITANA,MACRORREGIONAL LESTE,34,Metapneumovírus,2
COMPLEXO DO HOSPITAL DE CLINICAS DA UFPR HC E MVFA,ADRIANOPOLIS,2a RS METROPOLITANA,MACRORREGIONAL LESTE,34,Rinovírus,1
COMPLEXO DO HOSPITAL DE CLINICAS DA UFPR HC E MVFA,CURITIBA,2a RS METROPOLITANA,MACRORREGIONAL LESTE,34,Rinovírus,5
COMPLEXO DO HOSPITAL DE CLINICAS DA UFPR HC E MVFA,PINHAIS,2a RS METROPOLITANA,MACRORREGIONAL LESTE,34,Rinovírus,1
COMPLEXO DO HOSPITAL DE CLINICAS DA UFPR HC E MVFA,PIRAQUARA,2a RS METROPOLITANA,MACRORREGIONAL LESTE,34,Rinovírus,1
COMPLEXO DO HOSPITAL DE CLINICAS DA UFPR HC E MVFA,ALMIRANTE TAMANDARE,2a RS METROPOLITANA,MACRORREGIONAL LESTE,34,VSR,1
COMPLEXO DO HOSPITAL DE CLINICAS DA UFPR HC E MVFA,CURITIBA,2a RS METROPOLITANA,MACRORREGIONAL LESTE,34,VSR,1
COMPLEXO DO HOSPITAL DE CLINICAS DA UFPR HC E MVFA,CAMPO LARGO,2a RS METROPOLITANA,MACRORREGIONAL LESTE,35,Adenovírus,1
COMPLEXO DO HOSPITAL DE CLINICAS DA UFPR HC E MVFA,CURITIBA,2a RS METROPOLITANA,MACRORREGIONAL LESTE,35,Adenovírus,1
COMPLEXO DO HOSPITAL DE CLINICAS DA UFPR HC E MVFA,CURITIBA,2a RS METROPOLITANA,MACRORREGIONAL LESTE,35,Metapneumovírus,6
COMPLEXO DO HOSPITAL DE CLINICAS DA UFPR HC E MVFA,CAMPO LARGO,2a RS METROPOLITANA,MACRORREGIONAL LESTE,35,Rinovírus,1
COMPLEXO DO HOSPITAL DE CLINICAS DA UFPR HC E MVFA,CURITIBA,2a RS METROPOLITANA,MACRORREGIONAL LESTE,35,Rinovírus,9
COMPLEXO DO HOSPITAL DE CLINICAS DA UFPR HC E MVFA,CURITIBA,2a RS METROPOLITANA,MACRORREGIONAL LESTE,35,VSR,1
COMPLEXO DO HOSPITAL DE CLINICAS DA UFPR HC E MVFA,CURITIBA,2a RS METROPOLITANA,MACRORREGIONAL LESTE,36,Metapneumovírus,3
COMPLEXO DO HOSPITAL DE CLINICAS DA UFPR HC E MVFA,CURITIBA,2a RS METROPOLITANA,MACRORREGIONAL LESTE,36,Rinovírus,1
COMPLEXO DO HOSPITAL DE CLINICAS DA UFPR HC E MVFA,QUITANDINHA,2a RS METROPOLITANA,MACRORREGIONAL LESTE,36,Rinovírus,1
COMPLEXO DO HOSPITAL DE CLINICAS DA UFPR HC E MVFA,CURITIBA,2a RS METROPOLITANA,MACRORREGIONAL LESTE,37,Metapneumovírus,2
COMPLEXO DO HOSPITAL DE CLINICAS DA UFPR HC E MVFA,COLOMBO,2a RS METROPOLITANA,MACRORREGIONAL LESTE,37,Rinovírus,1
COMPLEXO DO HOSPITAL DE CLINICAS DA UFPR HC E MVFA,CURITIBA,2a RS METROPOLITANA,MACRORREGIONAL LESTE,37,Rinovírus,1
COMPLEXO HOSPITALAR DO TRABALHADOR,CURITIBA,2a RS METROPOLITANA,MACRORREGIONAL LESTE,21,Influenza,1
COMPLEXO HOSPITALAR DO TRABALHADOR,CURITIBA,2a RS METROPOLITANA,MACRORREGIONAL LESTE,21,VSR,1
CRUZ VERMELHA BRASILEIRA FILIAL DO ESTADO DO PARANA,CURITIBA,2a RS METROPOLITANA,MACRORREGIONAL LESTE,8,Influenza,1
CRUZ VERMELHA BRASILEIRA FILIAL DO ESTADO DO PARANA,CURITIBA,2a RS METROPOLITANA,MACRORREGIONAL LESTE,17,Influenza,1
CRUZ VERMELHA BRASILEIRA FILIAL DO ESTADO DO PARANA,CURITIBA,2a RS METROPOLITANA,MACRORREGIONAL LESTE,20,VSR,1
CRUZ VERMELHA BRASILEIRA FILIAL DO ESTADO DO PARANA,COLOMBO,2a RS METROPOLITANA,MACRORREGIONAL LESTE,22,Influenza,1
CRUZ VERMELHA BRASILEIRA FILIAL DO ESTADO DO PARANA,CURITIBA,2a RS METROPOLITANA,MACRORREGIONAL LESTE,23,Metapneumovírus,1
CRUZ VERMELHA BRASILEIRA FILIAL DO ESTADO DO PARANA,CURITIBA,2a RS METROPOLITANA,MACRORREGIONAL LESTE,24,Influenza,1
CRUZ VERMELHA BRASILEIRA FILIAL DO ESTADO DO PARANA,CURITIBA,2a RS METROPOLITANA,MACRORREGIONAL LESTE,25,Rinovírus,2
CRUZ VERMELHA BRASILEIRA FILIAL DO ESTADO DO PARANA,QUATRO BARRAS,2a RS METROPOLITANA,MACRORREGIONAL LESTE,25,Rinovírus,1
CRUZ VERMELHA BRASILEIRA FILIAL DO ESTADO DO PARANA,CURITIBA,2a RS METROPOLITANA,MACRORREGIONAL LESTE,27,VSR,1
CRUZ VERMELHA BRASILEIRA FILIAL DO ESTADO DO PARANA,CURITIBA,2a RS METROPOLITANA,MACRORREGIONAL LESTE,28,Influenza,1
CRUZ VERMELHA BRASILEIRA FILIAL DO ESTADO DO PARANA,CURITIBA,2a RS METROPOLITANA,MACRORREGIONAL LESTE,28,VSR,2
CRUZ VERMELHA BRASILEIRA FILIAL DO ESTADO DO PARANA,CURITIBA,2a RS METROPOLITANA,MACRORREGIONAL LESTE,29,VSR,1
CRUZ VERMELHA BRASILEIRA FILIAL DO ESTADO DO PARANA,CURITIBA,2a RS METROPOLITANA,MACRORREGIONAL LESTE,30,Rinovírus,1
CRUZ VERMELHA BRASILEIRA FILIAL DO ESTADO DO PARANA,ALMIRANTE TAMANDARE,2a RS METROPOLITANA,MACRORREGIONAL LESTE,30,VSR,1
CRUZ VERMELHA BRASILEIRA FILIAL DO ESTADO DO PARANA,CURITIBA,2a RS METROPOLITANA,MACRORREGIONAL LESTE,30,VSR,1
CRUZ VERMELHA BRASILEIRA FILIAL DO ESTADO DO PARANA,CURITIBA,2a RS METROPOLITANA,MACRORREGIONAL LESTE,33,VSR,1
HNSG,CURITIBA,2a RS METROPOLITANA,MACRORREGIONAL LESTE,4,Covid-19,1
HNSG,CURITIBA,2a RS METROPOLITANA,MACRORREGIONAL LESTE,4,Influenza,5
HNSG,CURITIBA,2a RS METROPOLITANA,MACRORREGIONAL LESTE,6,Covid-19,2
HNSG,CURITIBA,2a RS METROPOLITANA,MACRORREGIONAL LESTE,6,Influenza,2
HNSG,CURITIBA,2a RS METROPOLITANA,MACRORREGIONAL LESTE,7,Covid-19,2
HNSG,CURITIBA,2a RS METROPOLITANA,MACRORREGIONAL LESTE,7,Influenza,1
HNSG,CURITIBA,2a RS METROPOLITANA,MACRORREGIONAL LESTE,8,Covid-19,1
HNSG,PINHAIS,2a RS METROPOLITANA,MACRORREGIONAL LESTE,8,Covid-19,1
HNSG,CURITIBA,2a RS METROPOLITANA,MACRORREGIONAL LESTE,8,Influenza,3
HNSG,CURITIBA,2a RS METROPOLITANA,MACRORREGIONAL LESTE,9,Covid-19,2
HNSG,CURITIBA,2a RS METROPOLITANA,MACRORREGIONAL LESTE,10,Influenza,2
HNSG,CURITIBA,2a RS METROPOLITANA,MACRORREGIONAL LESTE,11,Covid-19,1
HNSG,ALMIRANTE TAMANDARE,2a RS METROPOLITANA,MACRORREGIONAL LESTE,11,Influenza,1
HNSG,CURITIBA,2a RS METROPOLITANA,MACRORREGIONAL LESTE,11,Influenza,2
HNSG,CURITIBA,2a RS METROPOLITANA,MACRORREGIONAL LESTE,11,VSR,1
HNSG,CURITIBA,2a RS METROPOLITANA,MACRORREGIONAL LESTE,12,Covid-19,1
HNSG,CURITIBA,2a RS METROPOLITANA,MACRORREGIONAL LESTE,12,Influenza,2
HNSG,CURITIBA,2a RS METROPOLITANA,MACRORREGIONAL LESTE,14,Covid-19,1
HNSG,CURITIBA,2a RS METROPOLITANA,MACRORREGIONAL LESTE,14,Influenza,9
HNSG,CURITIBA,2a RS METROPOLITANA,MACRORREGIONAL LESTE,15,Influenza,9
HNSG,CAMPO LARGO,2a RS METROPOLITANA,MACRORREGIONAL LESTE,17,Influenza,1
HNSG,CURITIBA,2a RS METROPOLITANA,MACRORREGIONAL LESTE,17,Influenza,2
HNSG,CURITIBA,2a RS METROPOLITANA,MACRORREGIONAL LESTE,17,VSR,1
HNSG,CURITIBA,2a RS METROPOLITANA,MACRORREGIONAL LESTE,18,Covid-19,1
HNSG,ARAUCARIA,2a RS METROPOLITANA,MACRORREGIONAL LESTE,18,Influenza,1
HNSG,CURITIBA,2a RS METROPOLITANA,MACRORREGIONAL LESTE,18,Influenza,6
HNSG,QUATRO BARRAS,2a RS METROPOLITANA,MACRORREGIONAL LESTE,18,Influenza,1
HNSG,ALMIRANTE TAMANDARE,2a RS METROPOLITANA,MACRORREGIONAL LESTE,19,Influenza,1
HNSG,CURITIBA,2a RS METROPOLITANA,MACRORREGIONAL LESTE,19,Influenza,4
HNSG,PINHAIS,2a RS METROPOLITANA,MACRORREGIONAL LESTE,19,Influenza,1
HNSG,SAO JOSE DOS PINHAIS,2a RS METROPOLITANA,MACRORREGIONAL LESTE,19,Influenza,1
HNSG,SAO JOSE DOS PINHAIS,2a RS METROPOLITANA,MACRORREGIONAL LESTE,19,VSR,1
HNSG,CURITIBA,2a RS METROPOLITANA,MACRORREGIONAL LESTE,20,Influenza,11
HNSG,FAZENDA RIO GRANDE,2a RS METROPOLITANA,MACRORREGIONAL LESTE,20,Influenza,1
HNSG,CURITIBA,2a RS METROPOLITANA,MACRORREGIONAL LESTE,20,VSR,1
HNSG,PIRAQUARA,2a RS METROPOLITANA,MACRORREGIONAL LESTE,20,VSR,1
HNSG,COLOMBO,2a RS METROPOLITANA,MACRORREGIONAL LESTE,21,Influenza,1
HNSG,CURITIBA,2a RS METROPOLITANA,MACRORREGIONAL LESTE,21,Influenza,5
HNSG,CURITIBA,2a RS METROPOLITANA,MACRORREGIONAL LESTE,21,VSR,4
HNSG,CURITIBA,2a RS METROPOLITANA,MACRORREGIONAL LESTE,22,Influenza,3
HNSG,ARAUCARIA,2a RS METROPOLITANA,MACRORREGIONAL LESTE,23,Influenza,1
HNSG,CAMPO LARGO,2a RS METROPOLITANA,MACRORREGIONAL LESTE,23,Influenza,2
HNSG,CURITIBA,2a RS METROPOLITANA,MACRORREGIONAL LESTE,23,Influenza,9
HNSG,PINHAIS,2a RS METROPOLITANA,MACRORREGIONAL LESTE,23,Influenza,2
HNSG,SAO JOSE DOS PINHAIS,2a RS METROPOLITANA,MACRORREGIONAL LESTE,23,Influenza,2
HNSG,ARAUCARIA,2a RS METROPOLITANA,MACRORREGIONAL LESTE,23,VSR,3
HNSG,CAMPO LARGO,2a RS METROPOLITANA,MACRORREGIONAL LESTE,23,VSR,2
HNSG,CURITIBA,2a RS METROPOLITANA,MACRORREGIONAL LESTE,23,VSR,9
HNSG,PINHAIS,2a RS METROPOLITANA,MACRORREGIONAL LESTE,23,VSR,1
HNSG,PIRAQUARA,2a RS METROPOLITANA,MACRORREGIONAL LESTE,23,VSR,1
HNSG,CAMPO LARGO,2a RS METROPOLITANA,MACRORREGIONAL LESTE,24,Influenza,1
HNSG,CURITIBA,2a RS METROPOLITANA,MACRORREGIONAL LESTE,24,Influenza,3
HNSG,PINHAIS,2a RS METROPOLITANA,MACRORREGIONAL LESTE,24,Influenza,1
HNSG,COLOMBO,2a RS METROPOLITANA,MACRORREGIONAL LESTE,24,VSR,2
HNSG,CURITIBA,2a RS METROPOLITANA,MACRORREGIONAL LESTE,24,VSR,6
HNSG,CURITIBA,2a RS METROPOLITANA,MACRORREGIONAL LESTE,25,Covid-19,1
HNSG,CURITIBA,2a RS METROPOLITANA,MACRORREGIONAL LESTE,25,Influenza,3
HNSG,CURITIBA,2a RS METROPOLITANA,MACRORREGIONAL LESTE,25,Rinovírus,1
HNSG,CAMPO LARGO,2a RS METROPOLITANA,MACRORREGIONAL LESTE,25,VSR,1
HNSG,CURITIBA,2a RS METROPOLITANA,MACRORREGIONAL LESTE,25,VSR,6
HNSG,FAZENDA RIO GRANDE,2a RS METROPOLITANA,MACRORREGIONAL LESTE,25,VSR,1
HNSG,SAO JOSE DOS PINHAIS,2a RS METROPOLITANA,MACRORREGIONAL LESTE,25,VSR,1
HNSG,ARAUCARIA,2a RS METROPOLITANA,MACRORREGIONAL LESTE,26,Influenza,1
HNSG,CURITIBA,2a RS METROPOLITANA,MACRORREGIONAL LESTE,26,Influenza,4
HNSG,ADRIANOPOLIS,2a RS METROPOLITANA,MACRORREGIONAL LESTE,26,VSR,1
HNSG,CURITIBA,2a RS METROPOLITANA,MACRORREGIONAL LESTE,26,VSR,11
HNSG,PIRAQUARA,2a RS METROPOLITANA,MACRORREGIONAL LESTE,26,VSR,1
HNSG,SAO JOSE DOS PINHAIS,2a RS METROPOLITANA,MACRORREGIONAL LESTE,26,VSR,1
HNSG,CURITIBA,2a RS METROPOLITANA,MACRORREGIONAL LESTE,27,Influenza,1
HNSG,SAO JOSE DOS PINHAIS,2a RS METROPOLITANA,MACRORREGIONAL LESTE,27,Influenza,1
HNSG,CURITIBA,2a RS METROPOLITANA,MACRORREGIONAL LESTE,27,VSR,9
HNSG,QUATRO BARRAS,2a RS METROPOLITANA,MACRORREGIONAL LESTE,27,VSR,1
HNSG,CURITIBA,2a RS METROPOLITANA,MACRORREGIONAL LESTE,28,Influenza,1
HNSG,ALMIRANTE TAMANDARE,2a RS METROPOLITANA,MACRORREGIONAL LESTE,28,VSR,1
HNSG,ARAUCARIA,2a RS METROPOLITANA,MACRORREGIONAL LESTE,28,VSR,1
HNSG,CAMPO MAGRO,2a RS METROPOLITANA,MACRORREGIONAL LESTE,28,VSR,1
HNSG,CURITIBA,2a RS METROPOLITANA,MACRORREGIONAL LESTE,28,VSR,11
HNSG,PINHAIS,2a RS METROPOLITANA,MACRORREGIONAL LESTE,28,VSR,1
HNSG,SAO JOSE DOS PINHAIS,2a RS METROPOLITANA,MACRORREGIONAL LESTE,28,VSR,2
HNSG,CURITIBA,2a RS METROPOLITANA,MACRORREGIONAL LESTE,29,Influenza,1
HNSG,CURITIBA,2a RS METROPOLITANA,MACRORREGIONAL LESTE,29,VSR,10
HNSG,CURITIBA,2a RS METROPOLITANA,MACRORREGIONAL LESTE,30,Adenovírus,1
HNSG,LAPA,2a RS METROPOLITANA,MACRORREGIONAL LESTE,30,Influenza,1
HNSG,CURITIBA,2a RS METROPOLITANA,MACRORREGIONAL LESTE,30,Rinovírus,1
HNSG,COLOMBO,2a RS METROPOLITANA,MACRORREGIONAL LESTE,30,VSR,1
HNSG,CURITIBA,2a RS METROPOLITANA,MACRORREGIONAL LESTE,30,VSR,5
HNSG,SAO JOSE DOS PINHAIS,2a RS METROPOLITANA,MACRORREGIONAL LESTE,30,VSR,1
HNSG,ALMIRANTE TAMANDARE,2a RS METROPOLITANA,MACRORREGIONAL LESTE,31,VSR,1
HNSG,CURITIBA,2a RS METROPOLITANA,MACRORREGIONAL LESTE,31,VSR,2
HNSG,ALMIRANTE TAMANDARE,2a RS METROPOLITANA,MACRORREGIONAL LESTE,32,VSR,1
HNSG,CURITIBA,2a RS METROPOLITANA,MACRORREGIONAL LESTE,32,VSR,5
HNSG,CURITIBA,2a RS METROPOLITANA,MACRORREGIONAL LESTE,33,Influenza,1
HNSG,CONTENDA,2a RS METROPOLITANA,MACRORREGIONAL LESTE,33,VSR,1
HNSG,CURITIBA,2a RS METROPOLITANA,MACRORREGIONAL LESTE,33,VSR,3
HNSG,CURITIBA,2a RS METROPOLITANA,MACRORREGIONAL LESTE,34,Covid-19,1
HNSG,CURITIBA,2a RS METROPOLITANA,MACRORREGIONAL LESTE,34,VSR,3
HNSG,CURITIBA,2a RS METROPOLITANA,MACRORREGIONAL LESTE,35,Covid-19,1
HNSG,CURITIBA,2a RS METROPOLITANA,MACRORREGIONAL LESTE,35,VSR,1
HNSG,QUATRO BARRAS,2a RS METROPOLITANA,MACRORREGIONAL LESTE,35,VSR,1
HNSG,ARAUCARIA,2a RS METROPOLITANA,MACRORREGIONAL LESTE,36,VSR,1
HNSG,CURITIBA,2a RS METROPOLITANA,MACRORREGIONAL LESTE,36,VSR,1
HOSPITAL ANGELINA CARON,SAO JOSE DOS PINHAIS,2a RS METROPOLITANA,MACRORREGIONAL LESTE,2,Covid-19,1
HOSPITAL ANGELINA CARON,BOCAIUVA DO SUL,2a RS METROPOLITANA,MACRORREGIONAL LESTE,3,Covid-19,1
HOSPITAL ANGELINA CARON,COLOMBO,2a RS METROPOLITANA,MACRORREGIONAL LESTE,3,Covid-19,1
HOSPITAL ANGELINA CARON,COLOMBO,2a RS METROPOLITANA,MACRORREGIONAL LESTE,3,Rinovírus,2
HOSPITAL ANGELINA CARON,SAO JOSE DOS PINHAIS,2a RS METROPOLITANA,MACRORREGIONAL LESTE,4,Adenovírus,1
HOSPITAL ANGELINA CARON,ARAUCARIA,2a RS METROPOLITANA,MACRORREGIONAL LESTE,4,Rinovírus,1
HOSPITAL ANGELINA CARON,COLOMBO,2a RS METROPOLITANA,MACRORREGIONAL LESTE,4,Rinovírus,1
HOSPITAL ANGELINA CARON,PIRAQUARA,2a RS METROPOLITANA,MACRORREGIONAL LESTE,4,Rinovírus,1
HOSPITAL ANGELINA CARON,ALMIRANTE TAMANDARE,2a RS METROPOLITANA,MACRORREGIONAL LESTE,5,Covid-19,1
HOSPITAL ANGELINA CARON,CURITIBA,2a RS METROPOLITANA,MACRORREGIONAL LESTE,5,Covid-19,1
HOSPITAL ANGELINA CARON,SAO JOSE DOS PINHAIS,2a RS METROPOLITANA,MACRORREGIONAL LESTE,5,Covid-19,1
HOSPITAL ANGELINA CARON,PIRAQUARA,2a RS METROPOLITANA,MACRORREGIONAL LESTE,5,Rinovírus,1
HOSPITAL ANGELINA CARON,CAMPINA GRANDE DO SUL,2a RS METROPOLITANA,MACRORREGIONAL LESTE,6,Adenovírus,2
HOSPITAL ANGELINA CARON,CAMPINA GRANDE DO SUL,2a RS METROPOLITANA,MACRORREGIONAL LESTE,6,Rinovírus,1
HOSPITAL ANGELINA CARON,CURITIBA,2a RS METROPOLITANA,MACRORREGIONAL LESTE,6,Rinovírus,1
HOSPITAL ANGELINA CARON,PIRAQUARA,2a RS METROPOLITANA,MACRORREGIONAL LESTE,6,Rinovírus,1
HOSPITAL ANGELINA CARON,PINHAIS,2a RS METROPOLITANA,MACRORREGIONAL LESTE,7,Covid-19,1
HOSPITAL ANGELINA CARON,CAMPINA GRANDE DO SUL,2a RS METROPOLITANA,MACRORREGIONAL LESTE,7,Rinovírus,1
HOSPITAL ANGELINA CARON,COLOMBO,2a RS METROPOLITANA,MACRORREGIONAL LESTE,7,Rinovírus,2
HOSPITAL ANGELINA CARON,COLOMBO,2a RS METROPOLITANA,MACRORREGIONAL LESTE,8,Influenza,1
HOSPITAL ANGELINA CARON,CURITIBA,2a RS METROPOLITANA,MACRORREGIONAL LESTE,8,Rinovírus,1
HOSPITAL ANGELINA CARON,MANDIRITUBA,2a RS METROPOLITANA,MACRORREGIONAL LESTE,8,Rinovírus,1
HOSPITAL ANGELINA CARON,QUATRO BARRAS,2a RS METROPOLITANA,MACRORREGIONAL LESTE,8,Rinovírus,1
HOSPITAL ANGELINA CARON,CAMPINA GRANDE DO SUL,2a RS METROPOLITANA,MACRORREGIONAL LESTE,9,Adenovírus,1
HOSPITAL ANGELINA CARON,ITAPERUCU,2a RS METROPOLITANA,MACRORREGIONAL LESTE,9,Adenovírus,1
HOSPITAL ANGELINA CARON,COLOMBO,2a RS METROPOLITANA,MACRORREGIONAL LESTE,9,Influenza,1
HOSPITAL ANGELINA CARON,CAMPINA GRANDE DO SUL,2a RS METROPOLITANA,MACRORREGIONAL LESTE,9,Rinovírus,1
HOSPITAL ANGELINA CARON,QUATRO BARRAS,2a RS METROPOLITANA,MACRORREGIONAL LESTE,9,Rinovírus,1
HOSPITAL ANGELINA CARON,CURITIBA,2a RS METROPOLITANA,MACRORREGIONAL LESTE,10,Covid-19,1
HOSPITAL ANGELINA CARON,CAMPINA GRANDE DO SUL,2a RS METROPOLITANA,MACRORREGIONAL LESTE,10,Influenza,1
HOSPITAL ANGELINA CARON,COLOMBO,2a RS METROPOLITANA,MACRORREGIONAL LESTE,10,Rinovírus,3
HOSPITAL ANGELINA CARON,ITAPERUCU,2a RS METROPOLITANA,MACRORREGIONAL LESTE,10,Rinovírus,1
HOSPITAL ANGELINA CARON,CAMPO LARGO,2a RS METROPOLITANA,MACRORREGIONAL LESTE,11,Rinovírus,1
HOSPITAL ANGELINA CARON,CAMPO MAGRO,2a RS METROPOLITANA,MACRORREGIONAL LESTE,11,Rinovírus,1
HOSPITAL ANGELINA CARON,CERRO AZUL,2a RS METROPOLITANA,MACRORREGIONAL LESTE,11,Rinovírus,1
HOSPITAL ANGELINA CARON,COLOMBO,2a RS METROPOLITANA,MACRORREGIONAL LESTE,11,Rinovírus,1
HOSPITAL ANGELINA CARON,MANDIRITUBA,2a RS METROPOLITANA,MACRORREGIONAL LESTE,11,Rinovírus,1
HOSPITAL ANGELINA CARON,PINHAIS,2a RS METROPOLITANA,MACRORREGIONAL LESTE,11,Rinovírus,1
HOSPITAL ANGELINA CARON,RIO BRANCO DO SUL,2a RS METROPOLITANA,MACRORREGIONAL LESTE,11,Rinovírus,1
HOSPITAL ANGELINA CARON,SAO JOSE DOS PINHAIS,2a RS METROPOLITANA,MACRORREGIONAL LESTE,11,Rinovírus,2
HOSPITAL ANGELINA CARON,TIJUCAS DO SUL,2a RS METROPOLITANA,MACRORREGIONAL LESTE,11,Rinovírus,1
HOSPITAL ANGELINA CARON,CAMPINA GRANDE DO SUL,2a RS METROPOLITANA,MACRORREGIONAL LESTE,12,Covid-19,1
HOSPITAL ANGELINA CARON,PINHAIS,2a RS METROPOLITANA,MACRORREGIONAL LESTE,12,Rinovírus,1
HOSPITAL ANGELINA CARON,PIRAQUARA,2a RS METROPOLITANA,MACRORREGIONAL LESTE,12,Rinovírus,2
HOSPITAL ANGELINA CARON,QUATRO BARRAS,2a RS METROPOLITANA,MACRORREGIONAL LESTE,12,Rinovírus,1
HOSPITAL ANGELINA CARON,SAO JOSE DOS PINHAIS,2a RS METROPOLITANA,MACRORREGIONAL LESTE,12,Rinovírus,1
HOSPITAL ANGELINA CARON,PINHAIS,2a RS METROPOLITANA,MACRORREGIONAL LESTE,13,Influenza,1
HOSPITAL ANGELINA CARON,CAMPINA GRANDE DO SUL,2a RS METROPOLITANA,MACRORREGIONAL LESTE,13,Rinovírus,2
HOSPITAL ANGELINA CARON,COLOMBO,2a RS METROPOLITANA,MACRORREGIONAL LESTE,13,Rinovírus,1
HOSPITAL ANGELINA CARON,PIRAQUARA,2a RS METROPOLITANA,MACRORREGIONAL LESTE,13,Rinovírus,1
HOSPITAL ANGELINA CARON,QUATRO BARRAS,2a RS METROPOLITANA,MACRORREGIONAL LESTE,14,Influenza,1
HOSPITAL ANGELINA CARON,CAMPINA GRANDE DO SUL,2a RS METROPOLITANA,MACRORREGIONAL LESTE,14,Rinovírus,3
HOSPITAL ANGELINA CARON,QUATRO BARRAS,2a RS METROPOLITANA,MACRORREGIONAL LESTE,14,Rinovírus,1
HOSPITAL ANGELINA CARON,RIO BRANCO DO SUL,2a RS METROPOLITANA,MACRORREGIONAL LESTE,14,Rinovírus,1
HOSPITAL ANGELINA CARON,SAO JOSE DOS PINHAIS,2a RS METROPOLITANA,MACRORREGIONAL LESTE,14,Rinovírus,1
HOSPITAL ANGELINA CARON,ALMIRANTE TAMANDARE,2a RS METROPOLITANA,MACRORREGIONAL LESTE,15,Adenovírus,1
HOSPITAL ANGELINA CARON,COLOMBO,2a RS METROPOLITANA,MACRORREGIONAL LESTE,15,Influenza,1
HOSPITAL ANGELINA CARON,PIRAQUARA,2a RS METROPOLITANA,MACRORREGIONAL LESTE,15,Influenza,1
HOSPITAL ANGELINA CARON,QUATRO BARRAS,2a RS METROPOLITANA,MACRORREGIONAL LESTE,15,Influenza,1
HOSPITAL ANGELINA CARON,ALMIRANTE TAMANDARE,2a RS METROPOLITANA,MACRORREGIONAL LESTE,15,Rinovírus,1
HOSPITAL ANGELINA CARON,CAMPINA GRANDE DO SUL,2a RS METROPOLITANA,MACRORREGIONAL LESTE,15,Rinovírus,2
HOSPITAL ANGELINA CARON,COLOMBO,2a RS METROPOLITANA,MACRORREGIONAL LESTE,15,Rinovírus,1
HOSPITAL ANGELINA CARON,MANDIRITUBA,2a RS METROPOLITANA,MACRORREGIONAL LESTE,15,Rinovírus,1
HOSPITAL ANGELINA CARON,PINHAIS,2a RS METROPOLITANA,MACRORREGIONAL LESTE,15,Rinovírus,1
HOSPITAL ANGELINA CARON,TUNAS DO PARANA,2a RS METROPOLITANA,MACRORREGIONAL LESTE,15,Rinovírus,1
HOSPITAL ANGELINA CARON,BOCAIUVA DO SUL,2a RS METROPOLITANA,MACRORREGIONAL LESTE,16,Influenza,1
HOSPITAL ANGELINA CARON,CAMPINA GRANDE DO SUL,2a RS METROPOLITANA,MACRORREGIONAL LESTE,16,Influenza,2
HOSPITAL ANGELINA CARON,COLOMBO,2a RS METROPOLITANA,MACRORREGIONAL LESTE,16,Influenza,1
HOSPITAL ANGELINA CARON,FAZENDA RIO GRANDE,2a RS METROPOLITANA,MACRORREGIONAL LESTE,16,Influenza,1
HOSPITAL ANGELINA CARON,PINHAIS,2a RS METROPOLITANA,MACRORREGIONAL LESTE,16,Influenza,1
HOSPITAL ANGELINA CARON,SAO JOSE DOS PINHAIS,2a RS METROPOLITANA,MACRORREGIONAL LESTE,16,Influenza,1
HOSPITAL ANGELINA CARON,CAMPINA GRANDE DO SUL,2a RS METROPOLITANA,MACRORREGIONAL LESTE,16,Rinovírus,1
HOSPITAL ANGELINA CARON,COLOMBO,2a RS METROPOLITANA,MACRORREGIONAL LESTE,16,Rinovírus,2
HOSPITAL ANGELINA CARON,PIRAQUARA,2a RS METROPOLITANA,MACRORREGIONAL LESTE,16,Rinovírus,1
HOSPITAL ANGELINA CARON,QUATRO BARRAS,2a RS METROPOLITANA,MACRORREGIONAL LESTE,16,Rinovírus,1
HOSPITAL ANGELINA CARON,SAO JOSE DOS PINHAIS,2a RS METROPOLITANA,MACRORREGIONAL LESTE,16,Rinovírus,1
HOSPITAL ANGELINA CARON,ALMIRANTE TAMANDARE,2a RS METROPOLITANA,MACRORREGIONAL LESTE,17,Influenza,1
HOSPITAL ANGELINA CARON,CAMPINA GRANDE DO SUL,2a RS METROPOLITANA,MACRORREGIONAL LESTE,17,Influenza,2
HOSPITAL ANGELINA CARON,COLOMBO,2a RS METROPOLITANA,MACRORREGIONAL LESTE,17,Influenza,2
HOSPITAL ANGELINA CARON,CAMPINA GRANDE DO SUL,2a RS METROPOLITANA,MACRORREGIONAL LESTE,17,Rinovírus,1
HOSPITAL ANGELINA CARON,FAZENDA RIO GRANDE,2a RS METROPOLITANA,MACRORREGIONAL LESTE,17,Rinovírus,1
HOSPITAL ANGELINA CARON,PIRAQUARA,2a RS METROPOLITANA,MACRORREGIONAL LESTE,17,Rinovírus,2
HOSPITAL ANGELINA CARON,QUATRO BARRAS,2a RS METROPOLITANA,MACRORREGIONAL LESTE,18,Adenovírus,1
HOSPITAL ANGELINA CARON,ALMIRANTE TAMANDARE,2a RS METROPOLITANA,MACRORREGIONAL LESTE,18,Influenza,1
HOSPITAL ANGELINA CARON,PIRAQUARA,2a RS METROPOLITANA,MACRORREGIONAL LESTE,18,Influenza,1
HOSPITAL ANGELINA CARON,ALMIRANTE TAMANDARE,2a RS METROPOLITANA,MACRORREGIONAL LESTE,18,Rinovírus,2
HOSPITAL ANGELINA CARON,CAMPINA GRANDE DO SUL,2a RS METROPOLITANA,MACRORREGIONAL LESTE,18,Rinovírus,1
HOSPITAL ANGELINA CARON,COLOMBO,2a RS METROPOLITANA,MACRORREGIONAL LESTE,18,Rinovírus,1
HOSPITAL ANGELINA CARON,QUATRO BARRAS,2a RS METROPOLITANA,MACRORREGIONAL LESTE,18,Rinovírus,1
HOSPITAL ANGELINA CARON,QUITANDINHA,2a RS METROPOLITANA,MACRORREGIONAL LESTE,18,Rinovírus,1
HOSPITAL ANGELINA CARON,CAMPINA GRANDE DO SUL,2a RS METROPOLITANA,MACRORREGIONAL LESTE,18,VSR,1
HOSPITAL ANGELINA CARON,COLOMBO,2a RS METROPOLITANA,MACRORREGIONAL LESTE,19,Adenovírus,1
HOSPITAL ANGELINA CARON,PIRAQUARA,2a RS METROPOLITANA,MACRORREGIONAL LESTE,19,Influenza,1
HOSPITAL ANGELINA CARON,CAMPINA GRANDE DO SUL,2a RS METROPOLITANA,MACRORREGIONAL LESTE,19,Rinovírus,2
HOSPITAL ANGELINA CARON,COLOMBO,2a RS METROPOLITANA,MACRORREGIONAL LESTE,19,Rinovírus,1
HOSPITAL ANGELINA CARON,SAO JOSE DOS PINHAIS,2a RS METROPOLITANA,MACRORREGIONAL LESTE,19,Rinovírus,1
HOSPITAL ANGELINA CARON,CAMPINA GRANDE DO SUL,2a RS METROPOLITANA,MACRORREGIONAL LESTE,19,VSR,1
HOSPITAL ANGELINA CARON,COLOMBO,2a RS METROPOLITANA,MACRORREGIONAL LESTE,20,Adenovírus,1
HOSPITAL ANGELINA CARON,SAO JOSE DOS PINHAIS,2a RS METROPOLITANA,MACRORREGIONAL LESTE,20,Adenovírus,1
HOSPITAL ANGELINA CARON,CAMPINA GRANDE DO SUL,2a RS METROPOLITANA,MACRORREGIONAL LESTE,20,Influenza,1
HOSPITAL ANGELINA CARON,COLOMBO,2a RS METROPOLITANA,MACRORREGIONAL LESTE,20,Influenza,4
HOSPITAL ANGELINA CARON,PIRAQUARA,2a RS METROPOLITANA,MACRORREGIONAL LESTE,20,Influenza,1
HOSPITAL ANGELINA CARON,RIO NEGRO,2a RS METROPOLITANA,MACRORREGIONAL LESTE,20,Influenza,1
HOSPITAL ANGELINA CARON,CAMPINA GRANDE DO SUL,2a RS METROPOLITANA,MACRORREGIONAL LESTE,20,Rinovírus,1
HOSPITAL ANGELINA CARON,COLOMBO,2a RS METROPOLITANA,MACRORREGIONAL LESTE,20,Rinovírus,3
HOSPITAL ANGELINA CARON,QUATRO BARRAS,2a RS METROPOLITANA,MACRORREGIONAL LESTE,20,Rinovírus,1
HOSPITAL ANGELINA CARON,SAO JOSE DOS PINHAIS,2a RS METROPOLITANA,MACRORREGIONAL LESTE,20,Rinovírus,1
HOSPITAL ANGELINA CARON,CAMPINA GRANDE DO SUL,2a RS METROPOLITANA,MACRORREGIONAL LESTE,20,VSR,1
HOSPITAL ANGELINA CARON,COLOMBO,2a RS METROPOLITANA,MACRORREGIONAL LESTE,20,VSR,1
HOSPITAL ANGELINA CARON,ALMIRANTE TAMANDARE,2a RS METROPOLITANA,MACRORREGIONAL LESTE,21,Adenovírus,2
HOSPITAL ANGELINA CARON,ALMIRANTE TAMANDARE,2a RS METROPOLITANA,MACRORREGIONAL LESTE,21,Influenza,1
HOSPITAL ANGELINA CARON,BOCAIUVA DO SUL,2a RS METROPOLITANA,MACRORREGIONAL LESTE,21,Influenza,1
HOSPITAL ANGELINA CARON,CAMPINA GRANDE DO SUL,2a RS METROPOLITANA,MACRORREGIONAL LESTE,21,Influenza,2
HOSPITAL ANGELINA CARON,COLOMBO,2a RS METROPOLITANA,MACRORREGIONAL LESTE,21,Influenza,2
HOSPITAL ANGELINA CARON,PIRAQUARA,2a RS METROPOLITANA,MACRORREGIONAL LESTE,21,Influenza,1
HOSPITAL ANGELINA CARON,ALMIRANTE TAMANDARE,2a RS METROPOLITANA,MACRORREGIONAL LESTE,21,Rinovírus,1
HOSPITAL ANGELINA CARON,BOCAIUVA DO SUL,2a RS METROPOLITANA,MACRORREGIONAL LESTE,21,Rinovírus,1
HOSPITAL ANGELINA CARON,COLOMBO,2a RS METROPOLITANA,MACRORREGIONAL LESTE,21,Rinovírus,1
HOSPITAL ANGELINA CARON,SAO JOSE DOS PINHAIS,2a RS METROPOLITANA,MACRORREGIONAL LESTE,21,Rinovírus,1
HOSPITAL ANGELINA CARON,ALMIRANTE TAMANDARE,2a RS METROPOLITANA,MACRORREGIONAL LESTE,21,VSR,1
HOSPITAL ANGELINA CARON,CAMPINA GRANDE DO SUL,2a RS METROPOLITANA,MACRORREGIONAL LESTE,21,VSR,2
HOSPITAL ANGELINA CARON,COLOMBO,2a RS METROPOLITANA,MACRORREGIONAL LESTE,21,VSR,1
HOSPITAL ANGELINA CARON,CURITIBA,2a RS METROPOLITANA,MACRORREGIONAL LESTE,21,VSR,2
HOSPITAL ANGELINA CARON,CAMPO LARGO,2a RS METROPOLITANA,MACRORREGIONAL LESTE,22,Adenovírus,1
HOSPITAL ANGELINA CARON,COLOMBO,2a RS METROPOLITANA,MACRORREGIONAL LESTE,22,Adenovírus,1
HOSPITAL ANGELINA CARON,CAMPINA GRANDE DO SUL,2a RS METROPOLITANA,MACRORREGIONAL LESTE,22,Influenza,9
HOSPITAL ANGELINA CARON,CAMPO LARGO,2a RS METROPOLITANA,MACRORREGIONAL LESTE,22,Influenza,1
HOSPITAL ANGELINA CARON,COLOMBO,2a RS METROPOLITANA,MACRORREGIONAL LESTE,22,Influenza,2
HOSPITAL ANGELINA CARON,FAZENDA RIO GRANDE,2a RS METROPOLITANA,MACRORREGIONAL LESTE,22,Influenza,1
HOSPITAL ANGELINA CARON,PINHAIS,2a RS METROPOLITANA,MACRORREGIONAL LESTE,22,Influenza,1
HOSPITAL ANGELINA CARON,PIRAQUARA,2a RS METROPOLITANA,MACRORREGIONAL LESTE,22,Influenza,3
HOSPITAL ANGELINA CARON,SAO JOSE DOS PINHAIS,2a RS METROPOLITANA,MACRORREGIONAL LESTE,22,Influenza,1
HOSPITAL ANGELINA CARON,PINHAIS,2a RS METROPOLITANA,MACRORREGIONAL LESTE,22,Metapneumovírus,1
HOSPITAL ANGELINA CARON,CAMPINA GRANDE DO SUL,2a RS METROPOLITANA,MACRORREGIONAL LESTE,22,Rinovírus,1
HOSPITAL ANGELINA CARON,CAMPO LARGO,2a RS METROPOLITANA,MACRORREGIONAL LESTE,22,Rinovírus,1
HOSPITAL ANGELINA CARON,COLOMBO,2a RS METROPOLITANA,MACRORREGIONAL LESTE,22,Rinovírus,2
HOSPITAL ANGELINA CARON,CURITIBA,2a RS METROPOLITANA,MACRORREGIONAL LESTE,22,Rinovírus,1
HOSPITAL ANGELINA CARON,PINHAIS,2a RS METROPOLITANA,MACRORREGIONAL LESTE,22,Rinovírus,2
HOSPITAL ANGELINA CARON,PIRAQUARA,2a RS METROPOLITANA,MACRORREGIONAL LESTE,22,Rinovírus,1
HOSPITAL ANGELINA CARON,SAO JOSE DOS PINHAIS,2a RS METROPOLITANA,MACRORREGIONAL LESTE,22,Rinovírus,1
HOSPITAL ANGELINA CARON,CAMPINA GRANDE DO SUL,2a RS METROPOLITANA,MACRORREGIONAL LESTE,22,VSR,3
HOSPITAL ANGELINA CARON,COLOMBO,2a RS METROPOLITANA,MACRORREGIONAL LESTE,22,VSR,5
HOSPITAL ANGELINA CARON,FAZENDA RIO GRANDE,2a RS METROPOLITANA,MACRORREGIONAL LESTE,22,VSR,1
HOSPITAL ANGELINA CARON,ITAPERUCU,2a RS METROPOLITANA,MACRORREGIONAL LESTE,22,VSR,1
HOSPITAL ANGELINA CARON,PIRAQUARA,2a RS METROPOLITANA,MACRORREGIONAL LESTE,22,VSR,1
HOSPITAL ANGELINA CARON,RIO BRANCO DO SUL,2a RS METROPOLITANA,MACRORREGIONAL LESTE,22,VSR,1
HOSPITAL ANGELINA CARON,SAO JOSE DOS PINHAIS,2a RS METROPOLITANA,MACRORREGIONAL LESTE,22,VSR,1
HOSPITAL ANGELINA CARON,PIRAQUARA,2a RS METROPOLITANA,MACRORREGIONAL LESTE,23,Adenovírus,1
HOSPITAL ANGELINA CARON,ALMIRANTE TAMANDARE,2a RS METROPOLITANA,MACRORREGIONAL LESTE,23,Influenza,1
HOSPITAL ANGELINA CARON,CAMPINA GRANDE DO SUL,2a RS METROPOLITANA,MACRORREGIONAL LESTE,23,Influenza,2
HOSPITAL ANGELINA CARON,COLOMBO,2a RS METROPOLITANA,MACRORREGIONAL LESTE,23,Influenza,1
HOSPITAL ANGELINA CARON,QUATRO BARRAS,2a RS METROPOLITANA,MACRORREGIONAL LESTE,23,Influenza,2
HOSPITAL ANGELINA CARON,BOCAIUVA DO SUL,2a RS METROPOLITANA,MACRORREGIONAL LESTE,23,Rinovírus,1
HOSPITAL ANGELINA CARON,CAMPINA GRANDE DO SUL,2a RS METROPOLITANA,MACRORREGIONAL LESTE,23,Rinovírus,1
HOSPITAL ANGELINA CARON,CAMPO LARGO,2a RS METROPOLITANA,MACRORREGIONAL LESTE,23,Rinovírus,1
HOSPITAL ANGELINA CARON,COLOMBO,2a RS METROPOLITANA,MACRORREGIONAL LESTE,23,Rinovírus,2
HOSPITAL ANGELINA CARON,PIRAQUARA,2a RS METROPOLITANA,MACRORREGIONAL LESTE,23,Rinovírus,2
HOSPITAL ANGELINA CARON,SAO JOSE DOS PINHAIS,2a RS METROPOLITANA,MACRORREGIONAL LESTE,23,Rinovírus,1
HOSPITAL ANGELINA CARON,CAMPINA GRANDE DO SUL,2a RS METROPOLITANA,MACRORREGIONAL LESTE,23,VSR,1
HOSPITAL ANGELINA CARON,CAMPO LARGO,2a RS METROPOLITANA,MACRORREGIONAL LESTE,23,VSR,1
HOSPITAL ANGELINA CARON,COLOMBO,2a RS METROPOLITANA,MACRORREGIONAL LESTE,23,VSR,3
HOSPITAL ANGELINA CARON,PIRAQUARA,2a RS METROPOLITANA,MACRORREGIONAL LESTE,23,VSR,2
HOSPITAL ANGELINA CARON,QUATRO BARRAS,2a RS METROPOLITANA,MACRORREGIONAL LESTE,23,VSR,1
HOSPITAL ANGELINA CARON,QUATRO BARRAS,2a RS METROPOLITANA,MACRORREGIONAL LESTE,24,Covid-19,1
HOSPITAL ANGELINA CARON,ARAUCARIA,2a RS METROPOLITANA,MACRORREGIONAL LESTE,24,Influenza,1
HOSPITAL ANGELINA CARON,CAMPINA GRANDE DO SUL,2a RS METROPOLITANA,MACRORREGIONAL LESTE,24,Influenza,2
HOSPITAL ANGELINA CARON,PIRAQUARA,2a RS METROPOLITANA,MACRORREGIONAL LESTE,24,Influenza,1
HOSPITAL ANGELINA CARON,QUATRO BARRAS,2a RS METROPOLITANA,MACRORREGIONAL LESTE,24,Influenza,1
HOSPITAL ANGELINA CARON,SAO JOSE DOS PINHAIS,2a RS METROPOLITANA,MACRORREGIONAL LESTE,24,Influenza,2
HOSPITAL ANGELINA CARON,ADRIANOPOLIS,2a RS METROPOLITANA,MACRORREGIONAL LESTE,24,Rinovírus,1
HOSPITAL ANGELINA CARON,ALMIRANTE TAMANDARE,2a RS METROPOLITANA,MACRORREGIONAL LESTE,24,Rinovírus,1
HOSPITAL ANGELINA CARON,COLOMBO,2a RS METROPOLITANA,MACRORREGIONAL LESTE,24,Rinovírus,1
HOSPITAL ANGELINA CARON,PINHAIS,2a RS METROPOLITANA,MACRORREGIONAL LESTE,24,Rinovírus,1
HOSPITAL ANGELINA CARON,PIRAQUARA,2a RS METROPOLITANA,MACRORREGIONAL LESTE,24,Rinovírus,2
HOSPITAL ANGELINA CARON,AGUDOS DO SUL,2a RS METROPOLITANA,MACRORREGIONAL LESTE,24,VSR,1
HOSPITAL ANGELINA CARON,ALMIRANTE TAMANDARE,2a RS METROPOLITANA,MACRORREGIONAL LESTE,24,VSR,1
HOSPITAL ANGELINA CARON,CAMPINA GRANDE DO SUL,2a RS METROPOLITANA,MACRORREGIONAL LESTE,24,VSR,1
HOSPITAL ANGELINA CARON,COLOMBO,2a RS METROPOLITANA,MACRORREGIONAL LESTE,24,VSR,3
HOSPITAL ANGELINA CARON,CURITIBA,2a RS METROPOLITANA,MACRORREGIONAL LESTE,24,VSR,1
HOSPITAL ANGELINA CARON,PINHAIS,2a RS METROPOLITANA,MACRORREGIONAL LESTE,24,VSR,1
HOSPITAL ANGELINA CARON,PIRAQUARA,2a RS METROPOLITANA,MACRORREGIONAL LESTE,24,VSR,2
HOSPITAL ANGELINA CARON,FAZENDA RIO GRANDE,2a RS METROPOLITANA,MACRORREGIONAL LESTE,25,Adenovírus,1
HOSPITAL ANGELINA CARON,PINHAIS,2a RS METROPOLITANA,MACRORREGIONAL LESTE,25,Adenovírus,1
HOSPITAL ANGELINA CARON,CAMPINA GRANDE DO SUL,2a RS METROPOLITANA,MACRORREGIONAL LESTE,25,Influenza,2
HOSPITAL ANGELINA CARON,COLOMBO,2a RS METROPOLITANA,MACRORREGIONAL LESTE,25,Influenza,1
HOSPITAL ANGELINA CARON,PINHAIS,2a RS METROPOLITANA,MACRORREGIONAL LESTE,25,Influenza,1
HOSPITAL ANGELINA CARON,SAO JOSE DOS PINHAIS,2a RS METROPOLITANA,MACRORREGIONAL LESTE,25,Influenza,2
HOSPITAL ANGELINA CARON,ALMIRANTE TAMANDARE,2a RS METROPOLITANA,MACRORREGIONAL LESTE,25,Metapneumovírus,1
HOSPITAL ANGELINA CARON,ALMIRANTE TAMANDARE,2a RS METROPOLITANA,MACRORREGIONAL LESTE,25,Rinovírus,1
HOSPITAL ANGELINA CARON,CAMPINA GRANDE DO SUL,2a RS METROPOLITANA,MACRORREGIONAL LESTE,25,Rinovírus,1
HOSPITAL ANGELINA CARON,COLOMBO,2a RS METROPOLITANA,MACRORREGIONAL LESTE,25,Rinovírus,3
HOSPITAL ANGELINA CARON,SAO JOSE DOS PINHAIS,2a RS METROPOLITANA,MACRORREGIONAL LESTE,25,Rinovírus,1
HOSPITAL ANGELINA CARON,ALMIRANTE TAMANDARE,2a RS METROPOLITANA,MACRORREGIONAL LESTE,25,VSR,2
HOSPITAL ANGELINA CARON,BOCAIUVA DO SUL,2a RS METROPOLITANA,MACRORREGIONAL LESTE,25,VSR,2
HOSPITAL ANGELINA CARON,CAMPINA GRANDE DO SUL,2a RS METROPOLITANA,MACRORREGIONAL LESTE,25,VSR,3
HOSPITAL ANGELINA CARON,COLOMBO,2a RS METROPOLITANA,MACRORREGIONAL LESTE,25,VSR,1
HOSPITAL ANGELINA CARON,FAZENDA RIO GRANDE,2a RS METROPOLITANA,MACRORREGIONAL LESTE,25,VSR,1
HOSPITAL ANGELINA CARON,PINHAIS,2a RS METROPOLITANA,MACRORREGIONAL LESTE,25,VSR,2
HOSPITAL ANGELINA CARON,PIRAQUARA,2a RS METROPOLITANA,MACRORREGIONAL LESTE,25,VSR,2
HOSPITAL ANGELINA CARON,RIO BRANCO DO SUL,2a RS METROPOLITANA,MACRORREGIONAL LESTE,25,VSR,1
HOSPITAL ANGELINA CARON,SAO JOSE DOS PINHAIS,2a RS METROPOLITANA,MACRORREGIONAL LESTE,25,VSR,3
HOSPITAL ANGELINA CARON,CAMPINA GRANDE DO SUL,2a RS METROPOLITANA,MACRORREGIONAL LESTE,26,Adenovírus,1
HOSPITAL ANGELINA CARON,ALMIRANTE TAMANDARE,2a RS METROPOLITANA,MACRORREGIONAL LESTE,26,Influenza,1
HOSPITAL ANGELINA CARON,CAMPINA GRANDE DO SUL,2a RS METROPOLITANA,MACRORREGIONAL LESTE,26,Influenza,2
HOSPITAL ANGELINA CARON,COLOMBO,2a RS METROPOLITANA,MACRORREGIONAL LESTE,26,Influenza,2
HOSPITAL ANGELINA CARON,PINHAIS,2a RS METROPOLITANA,MACRORREGIONAL LESTE,26,Influenza,1
HOSPITAL ANGELINA CARON,RIO NEGRO,2a RS METROPOLITANA,MACRORREGIONAL LESTE,26,Influenza,1
HOSPITAL ANGELINA CARON,SAO JOSE DOS PINHAIS,2a RS METROPOLITANA,MACRORREGIONAL LESTE,26,Influenza,1
HOSPITAL ANGELINA CARON,ALMIRANTE TAMANDARE,2a RS METROPOLITANA,MACRORREGIONAL LESTE,26,Rinovírus,1
HOSPITAL ANGELINA CARON,ARAUCARIA,2a RS METROPOLITANA,MACRORREGIONAL LESTE,26,Rinovírus,1
HOSPITAL ANGELINA CARON,CAMPINA GRANDE DO SUL,2a RS METROPOLITANA,MACRORREGIONAL LESTE,26,Rinovírus,1
HOSPITAL ANGELINA CARON,BOCAIUVA DO SUL,2a RS METROPOLITANA,MACRORREGIONAL LESTE,26,VSR,1
HOSPITAL ANGELINA CARON,CAMPINA GRANDE DO SUL,2a RS METROPOLITANA,MACRORREGIONAL LESTE,26,VSR,3
HOSPITAL ANGELINA CARON,CAMPO DO TENENTE,2a RS METROPOLITANA,MACRORREGIONAL LESTE,26,VSR,1
HOSPITAL ANGELINA CARON,CAMPO MAGRO,2a RS METROPOLITANA,MACRORREGIONAL LESTE,26,VSR,1
HOSPITAL ANGELINA CARON,COLOMBO,2a RS METROPOLITANA,MACRORREGIONAL LESTE,26,VSR,1
HOSPITAL ANGELINA CARON,CURITIBA,2a RS METROPOLITANA,MACRORREGIONAL LESTE,26,VSR,1
HOSPITAL ANGELINA CARON,SAO JOSE DOS PINHAIS,2a RS METROPOLITANA,MACRORREGIONAL LESTE,26,VSR,1
HOSPITAL ANGELINA CARON,LAPA,2a RS METROPOLITANA,MACRORREGIONAL LESTE,27,Covid-19,1
HOSPITAL ANGELINA CARON,CAMPO LARGO,2a RS METROPOLITANA,MACRORREGIONAL LESTE,27,Influenza,1
HOSPITAL ANGELINA CARON,QUATRO BARRAS,2a RS METROPOLITANA,MACRORREGIONAL LESTE,27,Influenza,1
HOSPITAL ANGELINA CARON,QUATRO BARRAS,2a RS METROPOLITANA,MACRORREGIONAL LESTE,27,Metapneumovírus,1
HOSPITAL ANGELINA CARON,CAMPINA GRANDE DO SUL,2a RS METROPOLITANA,MACRORREGIONAL LESTE,27,Rinovírus,1
HOSPITAL ANGELINA CARON,COLOMBO,2a RS METROPOLITANA,MACRORREGIONAL LESTE,27,Rinovírus,1
HOSPITAL ANGELINA CARON,QUATRO BARRAS,2a RS METROPOLITANA,MACRORREGIONAL LESTE,27,Rinovírus,1
HOSPITAL ANGELINA CARON,ALMIRANTE TAMANDARE,2a RS METROPOLITANA,MACRORREGIONAL LESTE,27,VSR,2
HOSPITAL ANGELINA CARON,CAMPINA GRANDE DO SUL,2a RS METROPOLITANA,MACRORREGIONAL LESTE,27,VSR,3
HOSPITAL ANGELINA CARON,CAMPO MAGRO,2a RS METROPOLITANA,MACRORREGIONAL LESTE,27,VSR,1
HOSPITAL ANGELINA CARON,COLOMBO,2a RS METROPOLITANA,MACRORREGIONAL LESTE,27,VSR,2
HOSPITAL ANGELINA CARON,CURITIBA,2a RS METROPOLITANA,MACRORREGIONAL LESTE,27,VSR,1
HOSPITAL ANGELINA CARON,QUATRO BARRAS,2a RS METROPOLITANA,MACRORREGIONAL LESTE,27,VSR,3
HOSPITAL ANGELINA CARON,SAO JOSE DOS PINHAIS,2a RS METROPOLITANA,MACRORREGIONAL LESTE,27,VSR,1
HOSPITAL ANGELINA CARON,QUATRO BARRAS,2a RS METROPOLITANA,MACRORREGIONAL LESTE,28,Adenovírus,1
HOSPITAL ANGELINA CARON,CURITIBA,2a RS METROPOLITANA,MACRORREGIONAL LESTE,28,Influenza,1
HOSPITAL ANGELINA CARON,QUATRO BARRAS,2a RS METROPOLITANA,MACRORREGIONAL LESTE,28,Influenza,1
HOSPITAL ANGELINA CARON,SAO JOSE DOS PINHAIS,2a RS METROPOLITANA,MACRORREGIONAL LESTE,28,Influenza,1
HOSPITAL ANGELINA CARON,ALMIRANTE TAMANDARE,2a RS METROPOLITANA,MACRORREGIONAL LESTE,28,Rinovírus,1
HOSPITAL ANGELINA CARON,CAMPINA GRANDE DO SUL,2a RS METROPOLITANA,MACRORREGIONAL LESTE,28,Rinovírus,2
HOSPITAL ANGELINA CARON,COLOMBO,2a RS METROPOLITANA,MACRORREGIONAL LESTE,28,Rinovírus,3
HOSPITAL ANGELINA CARON,FAZENDA RIO GRANDE,2a RS METROPOLITANA,MACRORREGIONAL LESTE,28,Rinovírus,1
HOSPITAL ANGELINA CARON,QUATRO BARRAS,2a RS METROPOLITANA,MACRORREGIONAL LESTE,28,Rinovírus,2
HOSPITAL ANGELINA CARON,AGUDOS DO SUL,2a RS METROPOLITANA,MACRORREGIONAL LESTE,28,VSR,1
HOSPITAL ANGELINA CARON,CAMPINA GRANDE DO SUL,2a RS METROPOLITANA,MACRORREGIONAL LESTE,28,VSR,4
HOSPITAL ANGELINA CARON,CAMPO LARGO,2a RS METROPOLITANA,MACRORREGIONAL LESTE,28,VSR,1
HOSPITAL ANGELINA CARON,COLOMBO,2a RS METROPOLITANA,MACRORREGIONAL LESTE,28,VSR,3
HOSPITAL ANGELINA CARON,FAZENDA RIO GRANDE,2a RS METROPOLITANA,MACRORREGIONAL LESTE,28,VSR,1
HOSPITAL ANGELINA CARON,PINHAIS,2a RS METROPOLITANA,MACRORREGIONAL LESTE,28,VSR,1
HOSPITAL ANGELINA CARON,PIRAQUARA,2a RS METROPOLITANA,MACRORREGIONAL LESTE,28,VSR,1
HOSPITAL ANGELINA CARON,QUATRO BARRAS,2a RS METROPOLITANA,MACRORREGIONAL LESTE,28,VSR,3
HOSPITAL ANGELINA CARON,SAO JOSE DOS PINHAIS,2a RS METROPOLITANA,MACRORREGIONAL LESTE,28,VSR,1
HOSPITAL ANGELINA CARON,CAMPINA GRANDE DO SUL,2a RS METROPOLITANA,MACRORREGIONAL LESTE,29,Influenza,1
HOSPITAL ANGELINA CARON,BALSA NOVA,2a RS METROPOLITANA,MACRORREGIONAL LESTE,29,Metapneumovírus,1
HOSPITAL ANGELINA CARON,COLOMBO,2a RS METROPOLITANA,MACRORREGIONAL LESTE,29,Metapneumovírus,1
HOSPITAL ANGELINA CARON,CAMPINA GRANDE DO SUL,2a RS METROPOLITANA,MACRORREGIONAL LESTE,29,Rinovírus,3
HOSPITAL ANGELINA CARON,ALMIRANTE TAMANDARE,2a RS METROPOLITANA,MACRORREGIONAL LESTE,29,VSR,1
HOSPITAL ANGELINA CARON,BOCAIUVA DO SUL,2a RS METROPOLITANA,MACRORREGIONAL LESTE,29,VSR,1
HOSPITAL ANGELINA CARON,CAMPINA GRANDE DO SUL,2a RS METROPOLITANA,MACRORREGIONAL LESTE,29,VSR,2
HOSPITAL ANGELINA CARON,CAMPO MAGRO,2a RS METROPOLITANA,MACRORREGIONAL LESTE,29,VSR,1
HOSPITAL ANGELINA CARON,COLOMBO,2a RS METROPOLITANA,MACRORREGIONAL LESTE,29,VSR,5
HOSPITAL ANGELINA CARON,FAZENDA RIO GRANDE,2a RS METROPOLITANA,MACRORREGIONAL LESTE,29,VSR,1
HOSPITAL ANGELINA CARON,PINHAIS,2a RS METROPOLITANA,MACRORREGIONAL LESTE,29,VSR,2
HOSPITAL ANGELINA CARON,PIRAQUARA,2a RS METROPOLITANA,MACRORREGIONAL LESTE,29,VSR,1
HOSPITAL ANGELINA CARON,QUATRO BARRAS,2a RS METROPOLITANA,MACRORREGIONAL LESTE,29,VSR,1
HOSPITAL ANGELINA CARON,PIRAQUARA,2a RS METROPOLITANA,MACRORREGIONAL LESTE,30,Influenza,1
HOSPITAL ANGELINA CARON,SAO JOSE DOS PINHAIS,2a RS METROPOLITANA,MACRORREGIONAL LESTE,30,Influenza,1
HOSPITAL ANGELINA CARON,CAMPINA GRANDE DO SUL,2a RS METROPOLITANA,MACRORREGIONAL LESTE,30,Metapneumovírus,1
HOSPITAL ANGELINA CARON,CAMPO DO TENENTE,2a RS METROPOLITANA,MACRORREGIONAL LESTE,30,Metapneumovírus,1
HOSPITAL ANGELINA CARON,COLOMBO,2a RS METROPOLITANA,MACRORREGIONAL LESTE,30,Rinovírus,2
HOSPITAL ANGELINA CARON,PIRAQUARA,2a RS METROPOLITANA,MACRORREGIONAL LESTE,30,Rinovírus,1
HOSPITAL ANGELINA CARON,ALMIRANTE TAMANDARE,2a RS METROPOLITANA,MACRORREGIONAL LESTE,30,VSR,2
HOSPITAL ANGELINA CARON,CAMPINA GRANDE DO SUL,2a RS METROPOLITANA,MACRORREGIONAL LESTE,30,VSR,2
HOSPITAL ANGELINA CARON,COLOMBO,2a RS METROPOLITANA,MACRORREGIONAL LESTE,30,VSR,3
HOSPITAL ANGELINA CARON,CURITIBA,2a RS METROPOLITANA,MACRORREGIONAL LESTE,30,VSR,1
HOSPITAL ANGELINA CARON,LAPA,2a RS METROPOLITANA,MACRORREGIONAL LESTE,30,VSR,1
HOSPITAL ANGELINA CARON,PIEN,2a RS METROPOLITANA,MACRORREGIONAL LESTE,30,VSR,1
HOSPITAL ANGELINA CARON,SAO JOSE DOS PINHAIS,2a RS METROPOLITANA,MACRORREGIONAL LESTE,30,VSR,2
HOSPITAL ANGELINA CARON,CAMPINA GRANDE DO SUL,2a RS METROPOLITANA,MACRORREGIONAL LESTE,31,Influenza,1
HOSPITAL ANGELINA CARON,CURITIBA,2a RS METROPOLITANA,MACRORREGIONAL LESTE,31,Metapneumovírus,1
HOSPITAL ANGELINA CARON,PINHAIS,2a RS METROPOLITANA,MACRORREGIONAL LESTE,31,Metapneumovírus,1
HOSPITAL ANGELINA CARON,QUATRO BARRAS,2a RS METROPOLITANA,MACRORREGIONAL LESTE,31,Metapneumovírus,1
HOSPITAL ANGELINA CARON,COLOMBO,2a RS METROPOLITANA,MACRORREGIONAL LESTE,31,Rinovírus,3
HOSPITAL ANGELINA CARON,PIEN,2a RS METROPOLITANA,MACRORREGIONAL LESTE,31,Rinovírus,1
HOSPITAL ANGELINA CARON,PIRAQUARA,2a RS METROPOLITANA,MACRORREGIONAL LESTE,31,Rinovírus,1
HOSPITAL ANGELINA CARON,BOCAIUVA DO SUL,2a RS METROPOLITANA,MACRORREGIONAL LESTE,31,VSR,2
HOSPITAL ANGELINA CARON,CAMPINA GRANDE DO SUL,2a RS METROPOLITANA,MACRORREGIONAL LESTE,31,VSR,1
HOSPITAL ANGELINA CARON,COLOMBO,2a RS METROPOLITANA,MACRORREGIONAL LESTE,31,VSR,1
HOSPITAL ANGELINA CARON,CURITIBA,2a RS METROPOLITANA,MACRORREGIONAL LESTE,31,VSR,1
HOSPITAL ANGELINA CARON,LAPA,2a RS METROPOLITANA,MACRORREGIONAL LESTE,31,VSR,1
HOSPITAL ANGELINA CARON,QUATRO BARRAS,2a RS METROPOLITANA,MACRORREGIONAL LESTE,31,VSR,2
HOSPITAL ANGELINA CARON,RIO BRANCO DO SUL,2a RS METROPOLITANA,MACRORREGIONAL LESTE,31,VSR,1
HOSPITAL ANGELINA CARON,SAO JOSE DOS PINHAIS,2a RS METROPOLITANA,MACRORREGIONAL LESTE,31,VSR,1
HOSPITAL ANGELINA CARON,QUATRO BARRAS,2a RS METROPOLITANA,MACRORREGIONAL LESTE,32,Adenovírus,1
HOSPITAL ANGELINA CARON,PINHAIS,2a RS METROPOLITANA,MACRORREGIONAL LESTE,32,Metapneumovírus,1
HOSPITAL ANGELINA CARON,PIRAQUARA,2a RS METROPOLITANA,MACRORREGIONAL LESTE,32,Metapneumovírus,1
HOSPITAL ANGELINA CARON,ALMIRANTE TAMANDARE,2a RS METROPOLITANA,MACRORREGIONAL LESTE,32,Rinovírus,1
HOSPITAL ANGELINA CARON,COLOMBO,2a RS METROPOLITANA,MACRORREGIONAL LESTE,32,Rinovírus,1
HOSPITAL ANGELINA CARON,FAZENDA RIO GRANDE,2a RS METROPOLITANA,MACRORREGIONAL LESTE,32,Rinovírus,1
HOSPITAL ANGELINA CARON,LAPA,2a RS METROPOLITANA,MACRORREGIONAL LESTE,32,Rinovírus,1
HOSPITAL ANGELINA CARON,QUATRO BARRAS,2a RS METROPOLITANA,MACRORREGIONAL LESTE,32,Rinovírus,1
HOSPITAL ANGELINA CARON,CAMPINA GRANDE DO SUL,2a RS METROPOLITANA,MACRORREGIONAL LESTE,32,VSR,1
HOSPITAL ANGELINA CARON,ITAPERUCU,2a RS METROPOLITANA,MACRORREGIONAL LESTE,32,VSR,1
HOSPITAL ANGELINA CARON,PINHAIS,2a RS METROPOLITANA,MACRORREGIONAL LESTE,32,VSR,1
HOSPITAL ANGELINA CARON,RIO BRANCO DO SUL,2a RS METROPOLITANA,MACRORREGIONAL LESTE,32,VSR,1
HOSPITAL ANGELINA CARON,CAMPINA GRANDE DO SUL,2a RS METROPOLITANA,MACRORREGIONAL LESTE,33,Metapneumovírus,1
HOSPITAL ANGELINA CARON,COLOMBO,2a RS METROPOLITANA,MACRORREGIONAL LESTE,33,Metapneumovírus,1
HOSPITAL ANGELINA CARON,LAPA,2a RS METROPOLITANA,MACRORREGIONAL LESTE,33,Metapneumovírus,1
HOSPITAL ANGELINA CARON,CAMPO MAGRO,2a RS METROPOLITANA,MACRORREGIONAL LESTE,33,Rinovírus,2
HOSPITAL ANGELINA CARON,COLOMBO,2a RS METROPOLITANA,MACRORREGIONAL LESTE,33,Rinovírus,3
HOSPITAL ANGELINA CARON,FAZENDA RIO GRANDE,2a RS METROPOLITANA,MACRORREGIONAL LESTE,33,Rinovírus,1
HOSPITAL ANGELINA CARON,LAPA,2a RS METROPOLITANA,MACRORREGIONAL LESTE,33,Rinovírus,1
HOSPITAL ANGELINA CARON,QUATRO BARRAS,2a RS METROPOLITANA,MACRORREGIONAL LESTE,33,Rinovírus,1
HOSPITAL ANGELINA CARON,QUITANDINHA,2a RS METROPOLITANA,MACRORREGIONAL LESTE,33,Rinovírus,1
HOSPITAL ANGELINA CARON,SAO JOSE DOS PINHAIS,2a RS METROPOLITANA,MACRORREGIONAL LESTE,33,Rinovírus,1
HOSPITAL ANGELINA CARON,ALMIRANTE TAMANDARE,2a RS METROPOLITANA,MACRORREGIONAL LESTE,33,VSR,1
HOSPITAL ANGELINA CARON,COLOMBO,2a RS METROPOLITANA,MACRORREGIONAL LESTE,33,VSR,1
HOSPITAL ANGELINA CARON,CAMPO LARGO,2a RS METROPOLITANA,MACRORREGIONAL LESTE,34,Metapneumovírus,1
HOSPITAL ANGELINA CARON,SAO JOSE DOS PINHAIS,2a RS METROPOLITANA,MACRORREGIONAL LESTE,34,Metapneumovírus,1
HOSPITAL ANGELINA CARON,ADRIANOPOLIS,2a RS METROPOLITANA,MACRORREGIONAL LESTE,34,Rinovírus,1
HOSPITAL ANGELINA CARON,CAMPINA GRANDE DO SUL,2a RS METROPOLITANA,MACRORREGIONAL LESTE,34,Rinovírus,1
HOSPITAL ANGELINA CARON,CAMPO LARGO,2a RS METROPOLITANA,MACRORREGIONAL LESTE,34,Rinovírus,1
HOSPITAL ANGELINA CARON,COLOMBO,2a RS METROPOLITANA,MACRORREGIONAL LESTE,34,Rinovírus,1
HOSPITAL ANGELINA CARON,ITAPERUCU,2a RS METROPOLITANA,MACRORREGIONAL LESTE,34,Rinovírus,1
HOSPITAL ANGELINA CARON,PINHAIS,2a RS METROPOLITANA,MACRORREGIONAL LESTE,34,Rinovírus,1
HOSPITAL ANGELINA CARON,PIRAQUARA,2a RS METROPOLITANA,MACRORREGIONAL LESTE,34,Rinovírus,1
HOSPITAL ANGELINA CARON,RIO BRANCO DO SUL,2a RS METROPOLITANA,MACRORREGIONAL LESTE,34,Rinovírus,1
HOSPITAL ANGELINA CARON,SAO JOSE DOS PINHAIS,2a RS METROPOLITANA,MACRORREGIONAL LESTE,34,Rinovírus,2
HOSPITAL ANGELINA CARON,CAMPINA GRANDE DO SUL,2a RS METROPOLITANA,MACRORREGIONAL LESTE,34,VSR,1
HOSPITAL ANGELINA CARON,CAMPINA GRANDE DO SUL,2a RS METROPOLITANA,MACRORREGIONAL LESTE,35,Metapneumovírus,1
HOSPITAL ANGELINA CARON,COLOMBO,2a RS METROPOLITANA,MACRORREGIONAL LESTE,35,Metapneumovírus,1
HOSPITAL ANGELINA CARON,BOCAIUVA DO SUL,2a RS METROPOLITANA,MACRORREGIONAL LESTE,35,Rinovírus,1
HOSPITAL ANGELINA CARON,CERRO AZUL,2a RS METROPOLITANA,MACRORREGIONAL LESTE,35,Rinovírus,1
HOSPITAL ANGELINA CARON,COLOMBO,2a RS METROPOLITANA,MACRORREGIONAL LESTE,35,Rinovírus,3
HOSPITAL ANGELINA CARON,PIRAQUARA,2a RS METROPOLITANA,MACRORREGIONAL LESTE,35,Rinovírus,3
HOSPITAL ANGELINA CARON,QUATRO BARRAS,2a RS METROPOLITANA,MACRORREGIONAL LESTE,35,Rinovírus,1
HOSPITAL ANGELINA CARON,LAPA,2a RS METROPOLITANA,MACRORREGIONAL LESTE,35,VSR,1
HOSPITAL ANGELINA CARON,ARAUCARIA,2a RS METROPOLITANA,MACRORREGIONAL LESTE,36,Metapneumovírus,1
HOSPITAL ANGELINA CARON,SAO JOSE DOS PINHAIS,2a RS METROPOLITANA,MACRORREGIONAL LESTE,36,Metapneumovírus,1
HOSPITAL ANGELINA CARON,CAMPINA GRANDE DO SUL,2a RS METROPOLITANA,MACRORREGIONAL LESTE,36,Rinovírus,1
HOSPITAL ANGELINA CARON,CERRO AZUL,2a RS METROPOLITANA,MACRORREGIONAL LESTE,36,Rinovírus,2
HOSPITAL ANGELINA CARON,COLOMBO,2a RS METROPOLITANA,MACRORREGIONAL LESTE,36,Rinovírus,1
HOSPITAL ANGELINA CARON,CURITIBA,2a RS METROPOLITANA,MACRORREGIONAL LESTE,36,Rinovírus,1
HOSPITAL ANGELINA CARON,ITAPERUCU,2a RS METROPOLITANA,MACRORREGIONAL LESTE,36,Rinovírus,1
HOSPITAL ANGELINA CARON,PINHAIS,2a RS METROPOLITANA,MACRORREGIONAL LESTE,36,Rinovírus,1
HOSPITAL ANGELINA CARON,PIRAQUARA,2a RS METROPOLITANA,MACRORREGIONAL LESTE,36,Rinovírus,2
HOSPITAL ANGELINA CARON,CAMPINA GRANDE DO SUL,2a RS METROPOLITANA,MACRORREGIONAL LESTE,36,VSR,1
HOSPITAL DA POLICIA MILITAR DO PARANA NN,PINHAIS,2a RS METROPOLITANA,MACRORREGIONAL LESTE,4,Rinovírus,1
HOSPITAL DA POLICIA MILITAR DO PARANA NN,CURITIBA,2a RS METROPOLITANA,MACRORREGIONAL LESTE,10,Covid-19,1
HOSPITAL DA POLICIA MILITAR DO PARANA NN,CURITIBA,2a RS METROPOLITANA,MACRORREGIONAL LESTE,10,Influenza,1
HOSPITAL DA POLICIA MILITAR DO PARANA NN,PINHAIS,2a RS METROPOLITANA,MACRORREGIONAL LESTE,10,Rinovírus,1
HOSPITAL DA POLICIA MILITAR DO PARANA NN,CURITIBA,2a RS METROPOLITANA,MACRORREGIONAL LESTE,11,Rinovírus,1
HOSPITAL DA POLICIA MILITAR DO PARANA NN,SAO JOSE DOS PINHAIS,2a RS METROPOLITANA,MACRORREGIONAL LESTE,12,Rinovírus,1
HOSPITAL DA POLICIA MILITAR DO PARANA NN,CURITIBA,2a RS METROPOLITANA,MACRORREGIONAL LESTE,13,Influenza,1
HOSPITAL DA POLICIA MILITAR DO PARANA NN,CURITIBA,2a RS METROPOLITANA,MACRORREGIONAL LESTE,14,Influenza,1
HOSPITAL DA POLICIA MILITAR DO PARANA NN,CURITIBA,2a RS METROPOLITANA,MACRORREGIONAL LESTE,15,Influenza,1
HOSPITAL DA POLICIA MILITAR DO PARANA NN,ALMIRANTE TAMANDARE,2a RS METROPOLITANA,MACRORREGIONAL LESTE,15,Rinovírus,1
HOSPITAL DA POLICIA MILITAR DO PARANA NN,CURITIBA,2a RS METROPOLITANA,MACRORREGIONAL LESTE,20,Influenza,1
HOSPITAL DA POLICIA MILITAR DO PARANA NN,CAMPINA GRANDE DO SUL,2a RS METROPOLITANA,MACRORREGIONAL LESTE,21,Influenza,1
HOSPITAL DA POLICIA MILITAR DO PARANA NN,SAO JOSE DOS PINHAIS,2a RS METROPOLITANA,MACRORREGIONAL LESTE,22,Metapneumovírus,1
HOSPITAL DA POLICIA MILITAR DO PARANA NN,PINHAIS,2a RS METROPOLITANA,MACRORREGIONAL LESTE,23,Influenza,1
HOSPITAL DA POLICIA MILITAR DO PARANA NN,CURITIBA,2a RS METROPOLITANA,MACRORREGIONAL LESTE,23,Rinovírus,1
HOSPITAL DA POLICIA MILITAR DO PARANA NN,CURITIBA,2a RS METROPOLITANA,MACRORREGIONAL LESTE,24,Influenza,2
HOSPITAL DA POLICIA MILITAR DO PARANA NN,SAO JOSE DOS PINHAIS,2a RS METROPOLITANA,MACRORREGIONAL LESTE,24,Influenza,1
HOSPITAL DA POLICIA MILITAR DO PARANA NN,CURITIBA,2a RS METROPOLITANA,MACRORREGIONAL LESTE,28,Rinovírus,1
HOSPITAL DA POLICIA MILITAR DO PARANA NN,CURITIBA,2a RS METROPOLITANA,MACRORREGIONAL LESTE,28,VSR,1
HOSPITAL DA POLICIA MILITAR DO PARANA NN,SAO JOSE DOS PINHAIS,2a RS METROPOLITANA,MACRORREGIONAL LESTE,28,VSR,2
HOSPITAL DA POLICIA MILITAR DO PARANA NN,CURITIBA,2a RS METROPOLITANA,MACRORREGIONAL LESTE,29,Influenza,1
HOSPITAL DA POLICIA MILITAR DO PARANA NN,CURITIBA,2a RS METROPOLITANA,MACRORREGIONAL LESTE,29,VSR,1
HOSPITAL DA POLICIA MILITAR DO PARANA NN,SAO JOSE DOS PINHAIS,2a RS METROPOLITANA,MACRORREGIONAL LESTE,30,VSR,1
HOSPITAL DA POLICIA MILITAR DO PARANA NN,CURITIBA,2a RS METROPOLITANA,MACRORREGIONAL LESTE,32,Metapneumovírus,1
HOSPITAL DA POLICIA MILITAR DO PARANA NN,SAO JOSE DOS PINHAIS,2a RS METROPOLITANA,MACRORREGIONAL LESTE,36,VSR,2
HOSPITAL DO CENTRO,CAMPO LARGO,2a RS METROPOLITANA,MACRORREGIONAL LESTE,3,Metapneumovírus,1
HOSPITAL DO CENTRO,CAMPO LARGO,2a RS METROPOLITANA,MACRORREGIONAL LESTE,11,Rinovírus,1
HOSPITAL DO IDOSO ZILDA ARNS,CURITIBA,2a RS METROPOLITANA,MACRORREGIONAL LESTE,5,Metapneumovírus,1
HOSPITAL DO IDOSO ZILDA ARNS,ALMIRANTE TAMANDARE,2a RS METROPOLITANA,MACRORREGIONAL LESTE,10,Covid-19,1
HOSPITAL DO IDOSO ZILDA ARNS,CURITIBA,2a RS METROPOLITANA,MACRORREGIONAL LESTE,10,Influenza,1
HOSPITAL DO IDOSO ZILDA ARNS,ALMIRANTE TAMANDARE,2a RS METROPOLITANA,MACRORREGIONAL LESTE,10,Rinovírus,1
HOSPITAL DO IDOSO ZILDA ARNS,CURITIBA,2a RS METROPOLITANA,MACRORREGIONAL LESTE,10,Rinovírus,1
HOSPITAL DO IDOSO ZILDA ARNS,FAZENDA RIO GRANDE,2a RS METROPOLITANA,MACRORREGIONAL LESTE,10,Rinovírus,1
HOSPITAL DO IDOSO ZILDA ARNS,ARAUCARIA,2a RS METROPOLITANA,MACRORREGIONAL LESTE,13,Covid-19,1
HOSPITAL DO IDOSO ZILDA ARNS,CURITIBA,2a RS METROPOLITANA,MACRORREGIONAL LESTE,13,Influenza,1
HOSPITAL DO IDOSO ZILDA ARNS,CURITIBA,2a RS METROPOLITANA,MACRORREGIONAL LESTE,13,Rinovírus,1
HOSPITAL DO IDOSO ZILDA ARNS,CURITIBA,2a RS METROPOLITANA,MACRORREGIONAL LESTE,15,Influenza,1
HOSPITAL DO IDOSO ZILDA ARNS,CURITIBA,2a RS METROPOLITANA,MACRORREGIONAL LESTE,16,Influenza,2
HOSPITAL DO IDOSO ZILDA ARNS,CURITIBA,2a RS METROPOLITANA,MACRORREGIONAL LESTE,17,Influenza,1
HOSPITAL DO IDOSO ZILDA ARNS,CURITIBA,2a RS METROPOLITANA,MACRORREGIONAL LESTE,18,Influenza,2
HOSPITAL DO IDOSO ZILDA ARNS,PIRAQUARA,2a RS METROPOLITANA,MACRORREGIONAL LESTE,21,Rinovírus,1
HOSPITAL DO IDOSO ZILDA ARNS,CURITIBA,2a RS METROPOLITANA,MACRORREGIONAL LESTE,22,Influenza,4
HOSPITAL DO IDOSO ZILDA ARNS,FAZENDA RIO GRANDE,2a RS METROPOLITANA,MACRORREGIONAL LESTE,22,Influenza,1
HOSPITAL DO IDOSO ZILDA ARNS,CURITIBA,2a RS METROPOLITANA,MACRORREGIONAL LESTE,24,Influenza,2
HOSPITAL DO IDOSO ZILDA ARNS,CURITIBA,2a RS METROPOLITANA,MACRORREGIONAL LESTE,24,Metapneumovírus,1
HOSPITAL DO IDOSO ZILDA ARNS,CURITIBA,2a RS METROPOLITANA,MACRORREGIONAL LESTE,25,Adenovírus,1
HOSPITAL DO IDOSO ZILDA ARNS,CURITIBA,2a RS METROPOLITANA,MACRORREGIONAL LESTE,25,Influenza,1
HOSPITAL DO IDOSO ZILDA ARNS,CURITIBA,2a RS METROPOLITANA,MACRORREGIONAL LESTE,25,Rinovírus,1
HOSPITAL DO IDOSO ZILDA ARNS,CURITIBA,2a RS METROPOLITANA,MACRORREGIONAL LESTE,27,Influenza,3
HOSPITAL DO IDOSO ZILDA ARNS,CURITIBA,2a RS METROPOLITANA,MACRORREGIONAL LESTE,27,VSR,2
HOSPITAL DO IDOSO ZILDA ARNS,CURITIBA,2a RS METROPOLITANA,MACRORREGIONAL LESTE,28,Rinovírus,1
HOSPITAL DO IDOSO ZILDA ARNS,CURITIBA,2a RS METROPOLITANA,MACRORREGIONAL LESTE,28,VSR,2
HOSPITAL DO IDOSO ZILDA ARNS,FAZENDA RIO GRANDE,2a RS METROPOLITANA,MACRORREGIONAL LESTE,28,VSR,1
HOSPITAL DO IDOSO ZILDA ARNS,CURITIBA,2a RS METROPOLITANA,MACRORREGIONAL LESTE,29,Influenza,1
HOSPITAL DO IDOSO ZILDA ARNS,CURITIBA,2a RS METROPOLITANA,MACRORREGIONAL LESTE,29,VSR,1
HOSPITAL DO ROCIO,SAO JOSE DOS PINHAIS,2a RS METROPOLITANA,MACRORREGIONAL LESTE,3,Influenza,1
HOSPITAL DO ROCIO,ALMIRANTE TAMANDARE,2a RS METROPOLITANA,MACRORREGIONAL LESTE,6,Rinovírus,1
HOSPITAL DO ROCIO,FAZENDA RIO GRANDE,2a RS METROPOLITANA,MACRORREGIONAL LESTE,8,Covid-19,1
HOSPITAL DO ROCIO,SAO JOSE DOS PINHAIS,2a RS METROPOLITANA,MACRORREGIONAL LESTE,10,Rinovírus,1
HOSPITAL DO ROCIO,CAMPO LARGO,2a RS METROPOLITANA,MACRORREGIONAL LESTE,11,Rinovírus,1
HOSPITAL DO ROCIO,CURITIBA,2a RS METROPOLITANA,MACRORREGIONAL LESTE,13,Rinovírus,1
HOSPITAL DO ROCIO,MANDIRITUBA,2a RS METROPOLITANA,MACRORREGIONAL LESTE,15,Rinovírus,1
HOSPITAL DO ROCIO,ALMIRANTE TAMANDARE,2a RS METROPOLITANA,MACRORREGIONAL LESTE,22,Rinovírus,1
HOSPITAL DO ROCIO,CAMPO LARGO,2a RS METROPOLITANA,MACRORREGIONAL LESTE,22,Rinovírus,1
HOSPITAL DO ROCIO,CAMPO LARGO,2a RS METROPOLITANA,MACRORREGIONAL LESTE,23,Influenza,1
HOSPITAL DO ROCIO,ALMIRANTE TAMANDARE,2a RS METROPOLITANA,MACRORREGIONAL LESTE,25,Rinovírus,1
HOSPITAL DO ROCIO,ARAUCARIA,2a RS METROPOLITANA,MACRORREGIONAL LESTE,26,Rinovírus,1
HOSPITAL DO ROCIO,PINHAIS,2a RS METROPOLITANA,MACRORREGIONAL LESTE,28,Rinovírus,1
HOSPITAL DO ROCIO,CURITIBA,2a RS METROPOLITANA,MACRORREGIONAL LESTE,29,Rinovírus,1
HOSPITAL DO ROCIO,CAMPO LARGO,2a RS METROPOLITANA,MACRORREGIONAL LESTE,29,VSR,1
HOSPITAL DO ROCIO,CAMPO LARGO,2a RS METROPOLITANA,MACRORREGIONAL LESTE,32,VSR,1
HOSPITAL E MATERNIDADE LUISA DE MARILLAC,CURITIBA,2a RS METROPOLITANA,MACRORREGIONAL LESTE,5,Covid-19,1
HOSPITAL E MATERNIDADE LUISA DE MARILLAC,TUNAS DO PARANA,2a RS METROPOLITANA,MACRORREGIONAL LESTE,8,Adenovírus,1
HOSPITAL E MATERNIDADE LUISA DE MARILLAC,TUNAS DO PARANA,2a RS METROPOLITANA,MACRORREGIONAL LESTE,8,Covid-19,1
HOSPITAL E MATERNIDADE LUISA DE MARILLAC,ALMIRANTE TAMANDARE,2a RS METROPOLITANA,MACRORREGIONAL LESTE,9,Rinovírus,1
HOSPITAL E MATERNIDADE LUISA DE MARILLAC,CURITIBA,2a RS METROPOLITANA,MACRORREGIONAL LESTE,10,Covid-19,2
HOSPITAL E MATERNIDADE LUISA DE MARILLAC,CURITIBA,2a RS METROPOLITANA,MACRORREGIONAL LESTE,10,Influenza,1
HOSPITAL E MATERNIDADE LUISA DE MARILLAC,CURITIBA,2a RS METROPOLITANA,MACRORREGIONAL LESTE,11,Rinovírus,1
HOSPITAL E MATERNIDADE LUISA DE MARILLAC,CURITIBA,2a RS METROPOLITANA,MACRORREGIONAL LESTE,14,Influenza,1
HOSPITAL E MATERNIDADE LUISA DE MARILLAC,CURITIBA,2a RS METROPOLITANA,MACRORREGIONAL LESTE,15,Covid-19,1
HOSPITAL E MATERNIDADE LUISA DE MARILLAC,ITAPERUCU,2a RS METROPOLITANA,MACRORREGIONAL LESTE,15,Influenza,1
HOSPITAL E MATERNIDADE LUISA DE MARILLAC,CURITIBA,2a RS METROPOLITANA,MACRORREGIONAL LESTE,17,Influenza,1
HOSPITAL E MATERNIDADE LUISA DE MARILLAC,AGUDOS DO SUL,2a RS METROPOLITANA,MACRORREGIONAL LESTE,18,Influenza,1
HOSPITAL E MATERNIDADE LUISA DE MARILLAC,CURITIBA,2a RS METROPOLITANA,MACRORREGIONAL LESTE,19,Influenza,1
HOSPITAL E MATERNIDADE LUISA DE MARILLAC,CURITIBA,2a RS METROPOLITANA,MACRORREGIONAL LESTE,20,Influenza,1
HOSPITAL E MATERNIDADE LUISA DE MARILLAC,CURITIBA,2a RS METROPOLITANA,MACRORREGIONAL LESTE,21,Influenza,4
HOSPITAL E MATERNIDADE LUISA DE MARILLAC,CURITIBA,2a RS METROPOLITANA,MACRORREGIONAL LESTE,21,Rinovírus,1
HOSPITAL E MATERNIDADE LUISA DE MARILLAC,CURITIBA,2a RS METROPOLITANA,MACRORREGIONAL LESTE,22,Influenza,2
HOSPITAL E MATERNIDADE LUISA DE MARILLAC,CURITIBA,2a RS METROPOLITANA,MACRORREGIONAL LESTE,22,Rinovírus,1
HOSPITAL E MATERNIDADE LUISA DE MARILLAC,CURITIBA,2a RS METROPOLITANA,MACRORREGIONAL LESTE,23,Influenza,2
HOSPITAL E MATERNIDADE LUISA DE MARILLAC,CURITIBA,2a RS METROPOLITANA,MACRORREGIONAL LESTE,23,Rinovírus,2
HOSPITAL E MATERNIDADE LUISA DE MARILLAC,CURITIBA,2a RS METROPOLITANA,MACRORREGIONAL LESTE,24,Influenza,1
HOSPITAL E MATERNIDADE LUISA DE MARILLAC,CURITIBA,2a RS METROPOLITANA,MACRORREGIONAL LESTE,24,Rinovírus,1
HOSPITAL E MATERNIDADE LUISA DE MARILLAC,ITAPERUCU,2a RS METROPOLITANA,MACRORREGIONAL LESTE,24,Rinovírus,1
HOSPITAL E MATERNIDADE LUISA DE MARILLAC,CURITIBA,2a RS METROPOLITANA,MACRORREGIONAL LESTE,24,VSR,1
HOSPITAL E MATERNIDADE LUISA DE MARILLAC,ALMIRANTE TAMANDARE,2a RS METROPOLITANA,MACRORREGIONAL LESTE,25,Influenza,1
HOSPITAL E MATERNIDADE LUISA DE MARILLAC,CURITIBA,2a RS METROPOLITANA,MACRORREGIONAL LESTE,25,Influenza,4
HOSPITAL E MATERNIDADE LUISA DE MARILLAC,CURITIBA,2a RS METROPOLITANA,MACRORREGIONAL LESTE,26,Rinovírus,2
HOSPITAL E MATERNIDADE LUISA DE MARILLAC,CURITIBA,2a RS METROPOLITANA,MACRORREGIONAL LESTE,27,Covid-19,1
HOSPITAL E MATERNIDADE LUISA DE MARILLAC,CURITIBA,2a RS METROPOLITANA,MACRORREGIONAL LESTE,28,Rinovírus,1
HOSPITAL E MATERNIDADE LUISA DE MARILLAC,CURITIBA,2a RS METROPOLITANA,MACRORREGIONAL LESTE,28,VSR,1
HOSPITAL E MATERNIDADE LUISA DE MARILLAC,CURITIBA,2a RS METROPOLITANA,MACRORREGIONAL LESTE,29,Covid-19,1
HOSPITAL E MATERNIDADE LUISA DE MARILLAC,CURITIBA,2a RS METROPOLITANA,MACRORREGIONAL LESTE,29,Rinovírus,2
HOSPITAL E MATERNIDADE LUISA DE MARILLAC,CURITIBA,2a RS METROPOLITANA,MACRORREGIONAL LESTE,29,VSR,1
HOSPITAL E MATERNIDADE LUISA DE MARILLAC,CURITIBA,2a RS METROPOLITANA,MACRORREGIONAL LESTE,30,Influenza,1
HOSPITAL E MATERNIDADE LUISA DE MARILLAC,CURITIBA,2a RS METROPOLITANA,MACRORREGIONAL LESTE,30,Rinovírus,4
HOSPITAL E MATERNIDADE LUISA DE MARILLAC,CURITIBA,2a RS METROPOLITANA,MACRORREGIONAL LESTE,32,VSR,1
HOSPITAL E MATERNIDADE LUISA DE MARILLAC,CURITIBA,2a RS METROPOLITANA,MACRORREGIONAL LESTE,35,Rinovírus,2
HOSPITAL E MATERNIDADE MUNICIPAL DE SAO JOSE DOS PINHAIS,SAO JOSE DOS PINHAIS,2a RS METROPOLITANA,MACRORREGIONAL LESTE,5,Covid-19,1
HOSPITAL E MATERNIDADE MUNICIPAL DE SAO JOSE DOS PINHAIS,SAO JOSE DOS PINHAIS,2a RS METROPOLITANA,MACRORREGIONAL LESTE,6,Covid-19,1
HOSPITAL E MATERNIDADE MUNICIPAL DE SAO JOSE DOS PINHAIS,CURITIBA,2a RS METROPOLITANA,MACRORREGIONAL LESTE,6,Influenza,1
HOSPITAL E MATERNIDADE MUNICIPAL DE SAO JOSE DOS PINHAIS,SAO JOSE DOS PINHAIS,2a RS METROPOLITANA,MACRORREGIONAL LESTE,6,Rinovírus,2
HOSPITAL E MATERNIDADE MUNICIPAL DE SAO JOSE DOS PINHAIS,SAO JOSE DOS PINHAIS,2a RS METROPOLITANA,MACRORREGIONAL LESTE,7,Rinovírus,1
HOSPITAL E MATERNIDADE MUNICIPAL DE SAO JOSE DOS PINHAIS,COLOMBO,2a RS METROPOLITANA,MACRORREGIONAL LESTE,10,Rinovírus,1
HOSPITAL E MATERNIDADE MUNICIPAL DE SAO JOSE DOS PINHAIS,CURITIBA,2a RS METROPOLITANA,MACRORREGIONAL LESTE,11,Metapneumovírus,1
HOSPITAL E MATERNIDADE MUNICIPAL DE SAO JOSE DOS PINHAIS,CURITIBA,2a RS METROPOLITANA,MACRORREGIONAL LESTE,11,Rinovírus,1
HOSPITAL E MATERNIDADE MUNICIPAL DE SAO JOSE DOS PINHAIS,SAO JOSE DOS PINHAIS,2a RS METROPOLITANA,MACRORREGIONAL LESTE,11,Rinovírus,5
HOSPITAL E MATERNIDADE MUNICIPAL DE SAO JOSE DOS PINHAIS,SAO JOSE DOS PINHAIS,2a RS METROPOLITANA,MACRORREGIONAL LESTE,12,Rinovírus,1
HOSPITAL E MATERNIDADE MUNICIPAL DE SAO JOSE DOS PINHAIS,SAO JOSE DOS PINHAIS,2a RS METROPOLITANA,MACRORREGIONAL LESTE,13,Rinovírus,1
HOSPITAL E MATERNIDADE MUNICIPAL DE SAO JOSE DOS PINHAIS,CURITIBA,2a RS METROPOLITANA,MACRORREGIONAL LESTE,14,Influenza,1
HOSPITAL E MATERNIDADE MUNICIPAL DE SAO JOSE DOS PINHAIS,SAO JOSE DOS PINHAIS,2a RS METROPOLITANA,MACRORREGIONAL LESTE,14,Rinovírus,1
HOSPITAL E MATERNIDADE MUNICIPAL DE SAO JOSE DOS PINHAIS,SAO JOSE DOS PINHAIS,2a RS METROPOLITANA,MACRORREGIONAL LESTE,15,Rinovírus,1
HOSPITAL E MATERNIDADE MUNICIPAL DE SAO JOSE DOS PINHAIS,COLOMBO,2a RS METROPOLITANA,MACRORREGIONAL LESTE,16,Influenza,1
HOSPITAL E MATERNIDADE MUNICIPAL DE SAO JOSE DOS PINHAIS,SAO JOSE DOS PINHAIS,2a RS METROPOLITANA,MACRORREGIONAL LESTE,16,Rinovírus,3
HOSPITAL E MATERNIDADE MUNICIPAL DE SAO JOSE DOS PINHAIS,SAO JOSE DOS PINHAIS,2a RS METROPOLITANA,MACRORREGIONAL LESTE,17,Influenza,1
HOSPITAL E MATERNIDADE MUNICIPAL DE SAO JOSE DOS PINHAIS,SAO JOSE DOS PINHAIS,2a RS METROPOLITANA,MACRORREGIONAL LESTE,17,Rinovírus,1
HOSPITAL E MATERNIDADE MUNICIPAL DE SAO JOSE DOS PINHAIS,SAO JOSE DOS PINHAIS,2a RS METROPOLITANA,MACRORREGIONAL LESTE,18,Adenovírus,1
HOSPITAL E MATERNIDADE MUNICIPAL DE SAO JOSE DOS PINHAIS,AGUDOS DO SUL,2a RS METROPOLITANA,MACRORREGIONAL LESTE,18,Influenza,1
HOSPITAL E MATERNIDADE MUNICIPAL DE SAO JOSE DOS PINHAIS,PINHAIS,2a RS METROPOLITANA,MACRORREGIONAL LESTE,18,Influenza,1
HOSPITAL E MATERNIDADE MUNICIPAL DE SAO JOSE DOS PINHAIS,SAO JOSE DOS PINHAIS,2a RS METROPOLITANA,MACRORREGIONAL LESTE,18,VSR,2
HOSPITAL E MATERNIDADE MUNICIPAL DE SAO JOSE DOS PINHAIS,SAO JOSE DOS PINHAIS,2a RS METROPOLITANA,MACRORREGIONAL LESTE,19,Influenza,1
HOSPITAL E MATERNIDADE MUNICIPAL DE SAO JOSE DOS PINHAIS,COLOMBO,2a RS METROPOLITANA,MACRORREGIONAL LESTE,19,Rinovírus,1
HOSPITAL E MATERNIDADE MUNICIPAL DE SAO JOSE DOS PINHAIS,SAO JOSE DOS PINHAIS,2a RS METROPOLITANA,MACRORREGIONAL LESTE,19,Rinovírus,2
HOSPITAL E MATERNIDADE MUNICIPAL DE SAO JOSE DOS PINHAIS,COLOMBO,2a RS METROPOLITANA,MACRORREGIONAL LESTE,19,VSR,1
HOSPITAL E MATERNIDADE MUNICIPAL DE SAO JOSE DOS PINHAIS,SAO JOSE DOS PINHAIS,2a RS METROPOLITANA,MACRORREGIONAL LESTE,19,VSR,1
HOSPITAL E MATERNIDADE MUNICIPAL DE SAO JOSE DOS PINHAIS,SAO JOSE DOS PINHAIS,2a RS METROPOLITANA,MACRORREGIONAL LESTE,20,Influenza,2
HOSPITAL E MATERNIDADE MUNICIPAL DE SAO JOSE DOS PINHAIS,AGUDOS DO SUL,2a RS METROPOLITANA,MACRORREGIONAL LESTE,20,VSR,1
HOSPITAL E MATERNIDADE MUNICIPAL DE SAO JOSE DOS PINHAIS,CURITIBA,2a RS METROPOLITANA,MACRORREGIONAL LESTE,21,Influenza,1
HOSPITAL E MATERNIDADE MUNICIPAL DE SAO JOSE DOS PINHAIS,SAO JOSE DOS PINHAIS,2a RS METROPOLITANA,MACRORREGIONAL LESTE,21,Influenza,1
HOSPITAL E MATERNIDADE MUNICIPAL DE SAO JOSE DOS PINHAIS,BALSA NOVA,2a RS METROPOLITANA,MACRORREGIONAL LESTE,21,Rinovírus,1
HOSPITAL E MATERNIDADE MUNICIPAL DE SAO JOSE DOS PINHAIS,SAO JOSE DOS PINHAIS,2a RS METROPOLITANA,MACRORREGIONAL LESTE,21,Rinovírus,3
HOSPITAL E MATERNIDADE MUNICIPAL DE SAO JOSE DOS PINHAIS,SAO JOSE DOS PINHAIS,2a RS METROPOLITANA,MACRORREGIONAL LESTE,22,Adenovírus,1
HOSPITAL E MATERNIDADE MUNICIPAL DE SAO JOSE DOS PINHAIS,PINHAIS,2a RS METROPOLITANA,MACRORREGIONAL LESTE,22,Influenza,1
HOSPITAL E MATERNIDADE MUNICIPAL DE SAO JOSE DOS PINHAIS,SAO JOSE DOS PINHAIS,2a RS METROPOLITANA,MACRORREGIONAL LESTE,22,Influenza,1
HOSPITAL E MATERNIDADE MUNICIPAL DE SAO JOSE DOS PINHAIS,PINHAIS,2a RS METROPOLITANA,MACRORREGIONAL LESTE,22,Metapneumovírus,1
HOSPITAL E MATERNIDADE MUNICIPAL DE SAO JOSE DOS PINHAIS,CURITIBA,2a RS METROPOLITANA,MACRORREGIONAL LESTE,22,VSR,1
HOSPITAL E MATERNIDADE MUNICIPAL DE SAO JOSE DOS PINHAIS,QUITANDINHA,2a RS METROPOLITANA,MACRORREGIONAL LESTE,22,VSR,1
HOSPITAL E MATERNIDADE MUNICIPAL DE SAO JOSE DOS PINHAIS,SAO JOSE DOS PINHAIS,2a RS METROPOLITANA,MACRORREGIONAL LESTE,23,Adenovírus,1
HOSPITAL E MATERNIDADE MUNICIPAL DE SAO JOSE DOS PINHAIS,SAO JOSE DOS PINHAIS,2a RS METROPOLITANA,MACRORREGIONAL LESTE,23,Influenza,1
HOSPITAL E MATERNIDADE MUNICIPAL DE SAO JOSE DOS PINHAIS,SAO JOSE DOS PINHAIS,2a RS METROPOLITANA,MACRORREGIONAL LESTE,23,Rinovírus,1
HOSPITAL E MATERNIDADE MUNICIPAL DE SAO JOSE DOS PINHAIS,SAO JOSE DOS PINHAIS,2a RS METROPOLITANA,MACRORREGIONAL LESTE,23,VSR,3
HOSPITAL E MATERNIDADE MUNICIPAL DE SAO JOSE DOS PINHAIS,SAO JOSE DOS PINHAIS,2a RS METROPOLITANA,MACRORREGIONAL LESTE,24,Adenovírus,1
HOSPITAL E MATERNIDADE MUNICIPAL DE SAO JOSE DOS PINHAIS,CURITIBA,2a RS METROPOLITANA,MACRORREGIONAL LESTE,24,Rinovírus,1
HOSPITAL E MATERNIDADE MUNICIPAL DE SAO JOSE DOS PINHAIS,COLOMBO,2a RS METROPOLITANA,MACRORREGIONAL LESTE,24,VSR,1
HOSPITAL E MATERNIDADE MUNICIPAL DE SAO JOSE DOS PINHAIS,CURITIBA,2a RS METROPOLITANA,MACRORREGIONAL LESTE,24,VSR,1
HOSPITAL E MATERNIDADE MUNICIPAL DE SAO JOSE DOS PINHAIS,SAO JOSE DOS PINHAIS,2a RS METROPOLITANA,MACRORREGIONAL LESTE,24,VSR,2
HOSPITAL E MATERNIDADE MUNICIPAL DE SAO JOSE DOS PINHAIS,SAO JOSE DOS PINHAIS,2a RS METROPOLITANA,MACRORREGIONAL LESTE,25,Rinovírus,4
HOSPITAL E MATERNIDADE MUNICIPAL DE SAO JOSE DOS PINHAIS,CURITIBA,2a RS METROPOLITANA,MACRORREGIONAL LESTE,25,VSR,1
HOSPITAL E MATERNIDADE MUNICIPAL DE SAO JOSE DOS PINHAIS,SAO JOSE DOS PINHAIS,2a RS METROPOLITANA,MACRORREGIONAL LESTE,25,VSR,2
HOSPITAL E MATERNIDADE MUNICIPAL DE SAO JOSE DOS PINHAIS,SAO JOSE DOS PINHAIS,2a RS METROPOLITANA,MACRORREGIONAL LESTE,26,Covid-19,1
HOSPITAL E MATERNIDADE MUNICIPAL DE SAO JOSE DOS PINHAIS,SAO JOSE DOS PINHAIS,2a RS METROPOLITANA,MACRORREGIONAL LESTE,26,Influenza,1
HOSPITAL E MATERNIDADE MUNICIPAL DE SAO JOSE DOS PINHAIS,SAO JOSE DOS PINHAIS,2a RS METROPOLITANA,MACRORREGIONAL LESTE,26,Rinovírus,2
HOSPITAL E MATERNIDADE MUNICIPAL DE SAO JOSE DOS PINHAIS,SAO JOSE DOS PINHAIS,2a RS METROPOLITANA,MACRORREGIONAL LESTE,26,VSR,3
HOSPITAL E MATERNIDADE MUNICIPAL DE SAO JOSE DOS PINHAIS,SAO JOSE DOS PINHAIS,2a RS METROPOLITANA,MACRORREGIONAL LESTE,27,Adenovírus,1
HOSPITAL E MATERNIDADE MUNICIPAL DE SAO JOSE DOS PINHAIS,SAO JOSE DOS PINHAIS,2a RS METROPOLITANA,MACRORREGIONAL LESTE,27,Rinovírus,1
HOSPITAL E MATERNIDADE MUNICIPAL DE SAO JOSE DOS PINHAIS,SAO JOSE DOS PINHAIS,2a RS METROPOLITANA,MACRORREGIONAL LESTE,27,VSR,4
HOSPITAL E MATERNIDADE MUNICIPAL DE SAO JOSE DOS PINHAIS,SAO JOSE DOS PINHAIS,2a RS METROPOLITANA,MACRORREGIONAL LESTE,28,Influenza,2
HOSPITAL E MATERNIDADE MUNICIPAL DE SAO JOSE DOS PINHAIS,SAO JOSE DOS PINHAIS,2a RS METROPOLITANA,MACRORREGIONAL LESTE,28,Rinovírus,3
HOSPITAL E MATERNIDADE MUNICIPAL DE SAO JOSE DOS PINHAIS,SAO JOSE DOS PINHAIS,2a RS METROPOLITANA,MACRORREGIONAL LESTE,28,VSR,3
HOSPITAL E MATERNIDADE MUNICIPAL DE SAO JOSE DOS PINHAIS,CURITIBA,2a RS METROPOLITANA,MACRORREGIONAL LESTE,29,Rinovírus,1
HOSPITAL E MATERNIDADE MUNICIPAL DE SAO JOSE DOS PINHAIS,SAO JOSE DOS PINHAIS,2a RS METROPOLITANA,MACRORREGIONAL LESTE,29,Rinovírus,2
HOSPITAL E MATERNIDADE MUNICIPAL DE SAO JOSE DOS PINHAIS,CURITIBA,2a RS METROPOLITANA,MACRORREGIONAL LESTE,29,VSR,1
HOSPITAL E MATERNIDADE MUNICIPAL DE SAO JOSE DOS PINHAIS,SAO JOSE DOS PINHAIS,2a RS METROPOLITANA,MACRORREGIONAL LESTE,29,VSR,4
HOSPITAL E MATERNIDADE MUNICIPAL DE SAO JOSE DOS PINHAIS,SAO JOSE DOS PINHAIS,2a RS METROPOLITANA,MACRORREGIONAL LESTE,30,Rinovírus,1
HOSPITAL E MATERNIDADE MUNICIPAL DE SAO JOSE DOS PINHAIS,SAO JOSE DOS PINHAIS,2a RS METROPOLITANA,MACRORREGIONAL LESTE,30,VSR,2
HOSPITAL E MATERNIDADE MUNICIPAL DE SAO JOSE DOS PINHAIS,SAO JOSE DOS PINHAIS,2a RS METROPOLITANA,MACRORREGIONAL LESTE,32,VSR,1
HOSPITAL E MATERNIDADE MUNICIPAL DE SAO JOSE DOS PINHAIS,SAO JOSE DOS PINHAIS,2a RS METROPOLITANA,MACRORREGIONAL LESTE,33,Metapneumovírus,1
HOSPITAL E MATERNIDADE MUNICIPAL DE SAO JOSE DOS PINHAIS,CURITIBA,2a RS METROPOLITANA,MACRORREGIONAL LESTE,33,Rinovírus,1
HOSPITAL E MATERNIDADE MUNICIPAL DE SAO JOSE DOS PINHAIS,SAO JOSE DOS PINHAIS,2a RS METROPOLITANA,MACRORREGIONAL LESTE,33,Rinovírus,1
HOSPITAL E MATERNIDADE MUNICIPAL DE SAO JOSE DOS PINHAIS,SAO JOSE DOS PINHAIS,2a RS METROPOLITANA,MACRORREGIONAL LESTE,34,Rinovírus,3
HOSPITAL E MATERNIDADE MUNICIPAL DE SAO JOSE DOS PINHAIS,SAO JOSE DOS PINHAIS,2a RS METROPOLITANA,MACRORREGIONAL LESTE,35,Metapneumovírus,1
HOSPITAL E MATERNIDADE MUNICIPAL DE SAO JOSE DOS PINHAIS,PIRAQUARA,2a RS METROPOLITANA,MACRORREGIONAL LESTE,35,Rinovírus,1
HOSPITAL E MATERNIDADE MUNICIPAL DE SAO JOSE DOS PINHAIS,CURITIBA,2a RS METROPOLITANA,MACRORREGIONAL LESTE,36,Rinovírus,1
HOSPITAL E MATERNIDADE MUNICIPAL DE SAO JOSE DOS PINHAIS,SAO JOSE DOS PINHAIS,2a RS METROPOLITANA,MACRORREGIONAL LESTE,36,Rinovírus,1
HOSPITAL E MATERNIDADE MUNICIPAL DE SAO JOSE DOS PINHAIS,SAO JOSE DOS PINHAIS,2a RS METROPOLITANA,MACRORREGIONAL LESTE,36,VSR,1
HOSPITAL E MATERNIDADE MUNICIPAL PAPA FRANCISCO,PINHAIS,2a RS METROPOLITANA,MACRORREGIONAL LESTE,20,Rinovírus,1
HOSPITAL E MATERNIDADE MUNICIPAL PAPA FRANCISCO,COLOMBO,2a RS METROPOLITANA,MACRORREGIONAL LESTE,22,Influenza,1
HOSPITAL E MATERNIDADE MUNICIPAL PAPA FRANCISCO,PINHAIS,2a RS METROPOLITANA,MACRORREGIONAL LESTE,25,VSR,1
HOSPITAL E MATERNIDADE MUNICIPAL PAPA FRANCISCO,PIRAQUARA,2a RS METROPOLITANA,MACRORREGIONAL LESTE,26,VSR,1
HOSPITAL E MATERNIDADE MUNICIPAL PAPA FRANCISCO,PINHAIS,2a RS METROPOLITANA,MACRORREGIONAL LESTE,27,Rinovírus,1
HOSPITAL E MATERNIDADE MUNICIPAL PAPA FRANCISCO,PINHAIS,2a RS METROPOLITANA,MACRORREGIONAL LESTE,27,VSR,1
HOSPITAL E MATERNIDADE MUNICIPAL PAPA FRANCISCO,ARAUCARIA,2a RS METROPOLITANA,MACRORREGIONAL LESTE,28,Rinovírus,1
HOSPITAL E MATERNIDADE MUNICIPAL PAPA FRANCISCO,PINHAIS,2a RS METROPOLITANA,MACRORREGIONAL LESTE,28,VSR,1
HOSPITAL E MATERNIDADE MUNICIPAL PAPA FRANCISCO,CAMPO LARGO,2a RS METROPOLITANA,MACRORREGIONAL LESTE,30,Rinovírus,1
HOSPITAL E MATERNIDADE MUNICIPAL PAPA FRANCISCO,PINHAIS,2a RS METROPOLITANA,MACRORREGIONAL LESTE,30,Rinovírus,1
HOSPITAL E MATERNIDADE MUNICIPAL PAPA FRANCISCO,PINHAIS,2a RS METROPOLITANA,MACRORREGIONAL LESTE,30,VSR,1
HOSPITAL E MATERNIDADE MUNICIPAL PAPA FRANCISCO,PIRAQUARA,2a RS METROPOLITANA,MACRORREGIONAL LESTE,30,VSR,1
HOSPITAL E MATERNIDADE MUNICIPAL PAPA FRANCISCO,FAZENDA RIO GRANDE,2a RS METROPOLITANA,MACRORREGIONAL LESTE,33,Rinovírus,1
HOSPITAL E MATERNIDADE MUNICIPAL PAPA FRANCISCO,PINHAIS,2a RS METROPOLITANA,MACRORREGIONAL LESTE,33,VSR,1
HOSPITAL E MATERNIDADE NOSSA SENHORA APARECIDA,CURITIBA,2a RS METROPOLITANA,MACRORREGIONAL LESTE,23,Influenza,1
HOSPITAL E MATERNIDADE NOSSA SENHORA APARECIDA,FAZENDA RIO GRANDE,2a RS METROPOLITANA,MACRORREGIONAL LESTE,27,Rinovírus,1
HOSPITAL E MATERNIDADE SANTA BRIGIDA,CAMPINA GRANDE DO SUL,2a RS METROPOLITANA,MACRORREGIONAL LESTE,17,Rinovírus,1
HOSPITAL E MATERNIDADE SANTA BRIGIDA,CURITIBA,2a RS METROPOLITANA,MACRORREGIONAL LESTE,17,Rinovírus,1
HOSPITAL E MATERNIDADE SANTA BRIGIDA,FAZENDA RIO GRANDE,2a RS METROPOLITANA,MACRORREGIONAL LESTE,17,Rinovírus,1
HOSPITAL E MATERNIDADE SANTA BRIGIDA,CAMPINA GRANDE DO SUL,2a RS METROPOLITANA,MACRORREGIONAL LESTE,21,Influenza,1
HOSPITAL E MATERNIDADE SANTA BRIGIDA,CURITIBA,2a RS METROPOLITANA,MACRORREGIONAL LESTE,22,Influenza,1
HOSPITAL GERAL INTERMUNICIPAL HGI DR ARYZONE MENDES D,CURITIBA,2a RS METROPOLITANA,MACRORREGIONAL LESTE,9,Rinovírus,1
HOSPITAL GERAL UNIMED HGU,CURITIBA,2a RS METROPOLITANA,MACRORREGIONAL LESTE,27,VSR,1
HOSPITAL INC,CURITIBA,2a RS METROPOLITANA,MACRORREGIONAL LESTE,9,Covid-19,1
HOSPITAL INC,ARAUCARIA,2a RS METROPOLITANA,MACRORREGIONAL LESTE,20,Influenza,1
HOSPITAL INC,CURITIBA,2a RS METROPOLITANA,MACRORREGIONAL LESTE,20,Influenza,1
HOSPITAL INC,CAMPO LARGO,2a RS METROPOLITANA,MACRORREGIONAL LESTE,21,Influenza,1
HOSPITAL INC,CURITIBA,2a RS METROPOLITANA,MACRORREGIONAL LESTE,22,Influenza,4
HOSPITAL INC,ARAUCARIA,2a RS METROPOLITANA,MACRORREGIONAL LESTE,25,Influenza,1
HOSPITAL INC,CURITIBA,2a RS METROPOLITANA,MACRORREGIONAL LESTE,25,Influenza,2
HOSPITAL INC,CURITIBA,2a RS METROPOLITANA,MACRORREGIONAL LESTE,29,Influenza,1
HOSPITAL INC,CURITIBA,2a RS METROPOLITANA,MACRORREGIONAL LESTE,32,VSR,1
HOSPITAL INC,CURITIBA,2a RS METROPOLITANA,MACRORREGIONAL LESTE,33,Influenza,1
HOSPITAL INC,CURITIBA,2a RS METROPOLITANA,MACRORREGIONAL LESTE,33,VSR,1
HOSPITAL INC,CURITIBA,2a RS METROPOLITANA,MACRORREGIONAL LESTE,34,VSR,1
HOSPITAL INC,PINHAIS,2a RS METROPOLITANA,MACRORREGIONAL LESTE,35,Influenza,1
HOSPITAL INC,CURITIBA,2a RS METROPOLITANA,MACRORREGIONAL LESTE,36,VSR,1
HOSPITAL INFANTIL DOUTOR WALDEMAR MONASTIER,CAMPO LARGO,2a RS METROPOLITANA,MACRORREGIONAL LESTE,6,Adenovírus,1
HOSPITAL INFANTIL DOUTOR WALDEMAR MONASTIER,COLOMBO,2a RS METROPOLITANA,MACRORREGIONAL LESTE,7,Rinovírus,1
HOSPITAL INFANTIL DOUTOR WALDEMAR MONASTIER,BOCAIUVA DO SUL,2a RS METROPOLITANA,MACRORREGIONAL LESTE,8,Rinovírus,1
HOSPITAL INFANTIL DOUTOR WALDEMAR MONASTIER,PINHAIS,2a RS METROPOLITANA,MACRORREGIONAL LESTE,8,Rinovírus,1
HOSPITAL INFANTIL DOUTOR WALDEMAR MONASTIER,SAO JOSE DOS PINHAIS,2a RS METROPOLITANA,MACRORREGIONAL LESTE,8,Rinovírus,1
HOSPITAL INFANTIL DOUTOR WALDEMAR MONASTIER,CAMPO LARGO,2a RS METROPOLITANA,MACRORREGIONAL LESTE,9,Metapneumovírus,1
HOSPITAL INFANTIL DOUTOR WALDEMAR MONASTIER,CAMPO LARGO,2a RS METROPOLITANA,MACRORREGIONAL LESTE,9,Rinovírus,1
HOSPITAL INFANTIL DOUTOR WALDEMAR MONASTIER,COLOMBO,2a RS METROPOLITANA,MACRORREGIONAL LESTE,9,Rinovírus,4
HOSPITAL INFANTIL DOUTOR WALDEMAR MONASTIER,FAZENDA RIO GRANDE,2a RS METROPOLITANA,MACRORREGIONAL LESTE,9,Rinovírus,1
HOSPITAL INFANTIL DOUTOR WALDEMAR MONASTIER,BOCAIUVA DO SUL,2a RS METROPOLITANA,MACRORREGIONAL LESTE,10,Rinovírus,1
HOSPITAL INFANTIL DOUTOR WALDEMAR MONASTIER,CAMPO LARGO,2a RS METROPOLITANA,MACRORREGIONAL LESTE,10,Rinovírus,2
HOSPITAL INFANTIL DOUTOR WALDEMAR MONASTIER,CAMPO MAGRO,2a RS METROPOLITANA,MACRORREGIONAL LESTE,10,Rinovírus,1
HOSPITAL INFANTIL DOUTOR WALDEMAR MONASTIER,COLOMBO,2a RS METROPOLITANA,MACRORREGIONAL LESTE,10,Rinovírus,1
HOSPITAL INFANTIL DOUTOR WALDEMAR MONASTIER,FAZENDA RIO GRANDE,2a RS METROPOLITANA,MACRORREGIONAL LESTE,10,Rinovírus,1
HOSPITAL INFANTIL DOUTOR WALDEMAR MONASTIER,SAO JOSE DOS PINHAIS,2a RS METROPOLITANA,MACRORREGIONAL LESTE,10,Rinovírus,1
HOSPITAL INFANTIL DOUTOR WALDEMAR MONASTIER,AGUDOS DO SUL,2a RS METROPOLITANA,MACRORREGIONAL LESTE,11,Rinovírus,1
HOSPITAL INFANTIL DOUTOR WALDEMAR MONASTIER,CAMPO LARGO,2a RS METROPOLITANA,MACRORREGIONAL LESTE,11,Rinovírus,2
HOSPITAL INFANTIL DOUTOR WALDEMAR MONASTIER,COLOMBO,2a RS METROPOLITANA,MACRORREGIONAL LESTE,11,Rinovírus,1
HOSPITAL INFANTIL DOUTOR WALDEMAR MONASTIER,FAZENDA RIO GRANDE,2a RS METROPOLITANA,MACRORREGIONAL LESTE,11,Rinovírus,1
HOSPITAL INFANTIL DOUTOR WALDEMAR MONASTIER,QUITANDINHA,2a RS METROPOLITANA,MACRORREGIONAL LESTE,11,Rinovírus,1
HOSPITAL INFANTIL DOUTOR WALDEMAR MONASTIER,SAO JOSE DOS PINHAIS,2a RS METROPOLITANA,MACRORREGIONAL LESTE,11,Rinovírus,2
HOSPITAL INFANTIL DOUTOR WALDEMAR MONASTIER,BOCAIUVA DO SUL,2a RS METROPOLITANA,MACRORREGIONAL LESTE,12,Rinovírus,1
HOSPITAL INFANTIL DOUTOR WALDEMAR MONASTIER,RIO BRANCO DO SUL,2a RS METROPOLITANA,MACRORREGIONAL LESTE,12,Rinovírus,1
HOSPITAL INFANTIL DOUTOR WALDEMAR MONASTIER,COLOMBO,2a RS METROPOLITANA,MACRORREGIONAL LESTE,12,VSR,1
HOSPITAL INFANTIL DOUTOR WALDEMAR MONASTIER,ALMIRANTE TAMANDARE,2a RS METROPOLITANA,MACRORREGIONAL LESTE,13,Rinovírus,1
HOSPITAL INFANTIL DOUTOR WALDEMAR MONASTIER,MANDIRITUBA,2a RS METROPOLITANA,MACRORREGIONAL LESTE,13,Rinovírus,1
HOSPITAL INFANTIL DOUTOR WALDEMAR MONASTIER,PIRAQUARA,2a RS METROPOLITANA,MACRORREGIONAL LESTE,13,Rinovírus,1
HOSPITAL INFANTIL DOUTOR WALDEMAR MONASTIER,SAO JOSE DOS PINHAIS,2a RS METROPOLITANA,MACRORREGIONAL LESTE,14,Rinovírus,1
HOSPITAL INFANTIL DOUTOR WALDEMAR MONASTIER,CAMPO LARGO,2a RS METROPOLITANA,MACRORREGIONAL LESTE,15,Influenza,1
HOSPITAL INFANTIL DOUTOR WALDEMAR MONASTIER,CAMPO LARGO,2a RS METROPOLITANA,MACRORREGIONAL LESTE,15,Rinovírus,1
HOSPITAL INFANTIL DOUTOR WALDEMAR MONASTIER,RIO NEGRO,2a RS METROPOLITANA,MACRORREGIONAL LESTE,15,Rinovírus,1
HOSPITAL INFANTIL DOUTOR WALDEMAR MONASTIER,TIJUCAS DO SUL,2a RS METROPOLITANA,MACRORREGIONAL LESTE,15,Rinovírus,1
HOSPITAL INFANTIL DOUTOR WALDEMAR MONASTIER,SAO JOSE DOS PINHAIS,2a RS METROPOLITANA,MACRORREGIONAL LESTE,16,Rinovírus,1
HOSPITAL INFANTIL DOUTOR WALDEMAR MONASTIER,AGUDOS DO SUL,2a RS METROPOLITANA,MACRORREGIONAL LESTE,16,VSR,1
HOSPITAL INFANTIL DOUTOR WALDEMAR MONASTIER,COLOMBO,2a RS METROPOLITANA,MACRORREGIONAL LESTE,17,Adenovírus,1
HOSPITAL INFANTIL DOUTOR WALDEMAR MONASTIER,SAO JOSE DOS PINHAIS,2a RS METROPOLITANA,MACRORREGIONAL LESTE,17,Influenza,1
HOSPITAL INFANTIL DOUTOR WALDEMAR MONASTIER,BOCAIUVA DO SUL,2a RS METROPOLITANA,MACRORREGIONAL LESTE,17,Rinovírus,1
HOSPITAL INFANTIL DOUTOR WALDEMAR MONASTIER,CAMPO LARGO,2a RS METROPOLITANA,MACRORREGIONAL LESTE,17,Rinovírus,1
HOSPITAL INFANTIL DOUTOR WALDEMAR MONASTIER,COLOMBO,2a RS METROPOLITANA,MACRORREGIONAL LESTE,17,Rinovírus,1
HOSPITAL INFANTIL DOUTOR WALDEMAR MONASTIER,COLOMBO,2a RS METROPOLITANA,MACRORREGIONAL LESTE,17,VSR,1
HOSPITAL INFANTIL DOUTOR WALDEMAR MONASTIER,CURITIBA,2a RS METROPOLITANA,MACRORREGIONAL LESTE,18,Influenza,1
HOSPITAL INFANTIL DOUTOR WALDEMAR MONASTIER,CAMPO LARGO,2a RS METROPOLITANA,MACRORREGIONAL LESTE,18,Rinovírus,1
HOSPITAL INFANTIL DOUTOR WALDEMAR MONASTIER,COLOMBO,2a RS METROPOLITANA,MACRORREGIONAL LESTE,18,Rinovírus,1
HOSPITAL INFANTIL DOUTOR WALDEMAR MONASTIER,COLOMBO,2a RS METROPOLITANA,MACRORREGIONAL LESTE,19,Rinovírus,1
HOSPITAL INFANTIL DOUTOR WALDEMAR MONASTIER,FAZENDA RIO GRANDE,2a RS METROPOLITANA,MACRORREGIONAL LESTE,19,Rinovírus,1
HOSPITAL INFANTIL DOUTOR WALDEMAR MONASTIER,ITAPERUCU,2a RS METROPOLITANA,MACRORREGIONAL LESTE,19,VSR,1
HOSPITAL INFANTIL DOUTOR WALDEMAR MONASTIER,SAO JOSE DOS PINHAIS,2a RS METROPOLITANA,MACRORREGIONAL LESTE,20,VSR,1
HOSPITAL INFANTIL DOUTOR WALDEMAR MONASTIER,COLOMBO,2a RS METROPOLITANA,MACRORREGIONAL LESTE,21,Adenovírus,1
HOSPITAL INFANTIL DOUTOR WALDEMAR MONASTIER,COLOMBO,2a RS METROPOLITANA,MACRORREGIONAL LESTE,21,Influenza,2
HOSPITAL INFANTIL DOUTOR WALDEMAR MONASTIER,CURITIBA,2a RS METROPOLITANA,MACRORREGIONAL LESTE,21,Influenza,1
HOSPITAL INFANTIL DOUTOR WALDEMAR MONASTIER,CURITIBA,2a RS METROPOLITANA,MACRORREGIONAL LESTE,21,Rinovírus,1
HOSPITAL INFANTIL DOUTOR WALDEMAR MONASTIER,CAMPO LARGO,2a RS METROPOLITANA,MACRORREGIONAL LESTE,21,VSR,1
HOSPITAL INFANTIL DOUTOR WALDEMAR MONASTIER,CAMPO LARGO,2a RS METROPOLITANA,MACRORREGIONAL LESTE,22,VSR,1
HOSPITAL INFANTIL DOUTOR WALDEMAR MONASTIER,CURITIBA,2a RS METROPOLITANA,MACRORREGIONAL LESTE,22,VSR,2
HOSPITAL INFANTIL DOUTOR WALDEMAR MONASTIER,FAZENDA RIO GRANDE,2a RS METROPOLITANA,MACRORREGIONAL LESTE,22,VSR,2
HOSPITAL INFANTIL DOUTOR WALDEMAR MONASTIER,CAMPO LARGO,2a RS METROPOLITANA,MACRORREGIONAL LESTE,23,Adenovírus,1
HOSPITAL INFANTIL DOUTOR WALDEMAR MONASTIER,AGUDOS DO SUL,2a RS METROPOLITANA,MACRORREGIONAL LESTE,23,Rinovírus,1
HOSPITAL INFANTIL DOUTOR WALDEMAR MONASTIER,SAO JOSE DOS PINHAIS,2a RS METROPOLITANA,MACRORREGIONAL LESTE,23,Rinovírus,1
HOSPITAL INFANTIL DOUTOR WALDEMAR MONASTIER,CAMPO LARGO,2a RS METROPOLITANA,MACRORREGIONAL LESTE,23,VSR,1
HOSPITAL INFANTIL DOUTOR WALDEMAR MONASTIER,CURITIBA,2a RS METROPOLITANA,MACRORREGIONAL LESTE,23,VSR,1
HOSPITAL INFANTIL DOUTOR WALDEMAR MONASTIER,FAZENDA RIO GRANDE,2a RS METROPOLITANA,MACRORREGIONAL LESTE,23,VSR,1
HOSPITAL INFANTIL DOUTOR WALDEMAR MONASTIER,SAO JOSE DOS PINHAIS,2a RS METROPOLITANA,MACRORREGIONAL LESTE,23,VSR,1
HOSPITAL INFANTIL DOUTOR WALDEMAR MONASTIER,FAZENDA RIO GRANDE,2a RS METROPOLITANA,MACRORREGIONAL LESTE,24,Adenovírus,1
HOSPITAL INFANTIL DOUTOR WALDEMAR MONASTIER,CAMPO LARGO,2a RS METROPOLITANA,MACRORREGIONAL LESTE,24,Influenza,1
HOSPITAL INFANTIL DOUTOR WALDEMAR MONASTIER,AGUDOS DO SUL,2a RS METROPOLITANA,MACRORREGIONAL LESTE,24,VSR,1
HOSPITAL INFANTIL DOUTOR WALDEMAR MONASTIER,COLOMBO,2a RS METROPOLITANA,MACRORREGIONAL LESTE,24,VSR,1
HOSPITAL INFANTIL DOUTOR WALDEMAR MONASTIER,PIRAQUARA,2a RS METROPOLITANA,MACRORREGIONAL LESTE,24,VSR,1
HOSPITAL INFANTIL DOUTOR WALDEMAR MONASTIER,SAO JOSE DOS PINHAIS,2a RS METROPOLITANA,MACRORREGIONAL LESTE,24,VSR,1
HOSPITAL INFANTIL DOUTOR WALDEMAR MONASTIER,CAMPO LARGO,2a RS METROPOLITANA,MACRORREGIONAL LESTE,25,Adenovírus,1
HOSPITAL INFANTIL DOUTOR WALDEMAR MONASTIER,CAMPO LARGO,2a RS METROPOLITANA,MACRORREGIONAL LESTE,25,VSR,3
HOSPITAL INFANTIL DOUTOR WALDEMAR MONASTIER,CURITIBA,2a RS METROPOLITANA,MACRORREGIONAL LESTE,25,VSR,1
HOSPITAL INFANTIL DOUTOR WALDEMAR MONASTIER,PIRAQUARA,2a RS METROPOLITANA,MACRORREGIONAL LESTE,26,Rinovírus,1
HOSPITAL INFANTIL DOUTOR WALDEMAR MONASTIER,CAMPO MAGRO,2a RS METROPOLITANA,MACRORREGIONAL LESTE,26,VSR,1
HOSPITAL INFANTIL DOUTOR WALDEMAR MONASTIER,CURITIBA,2a RS METROPOLITANA,MACRORREGIONAL LESTE,26,VSR,3
HOSPITAL INFANTIL DOUTOR WALDEMAR MONASTIER,PIRAQUARA,2a RS METROPOLITANA,MACRORREGIONAL LESTE,26,VSR,1
HOSPITAL INFANTIL DOUTOR WALDEMAR MONASTIER,SAO JOSE DOS PINHAIS,2a RS METROPOLITANA,MACRORREGIONAL LESTE,26,VSR,1
HOSPITAL INFANTIL DOUTOR WALDEMAR MONASTIER,SAO JOSE DOS PINHAIS,2a RS METROPOLITANA,MACRORREGIONAL LESTE,27,Influenza,1
HOSPITAL INFANTIL DOUTOR WALDEMAR MONASTIER,ARAUCARIA,2a RS METROPOLITANA,MACRORREGIONAL LESTE,27,VSR,1
HOSPITAL INFANTIL DOUTOR WALDEMAR MONASTIER,CAMPO LARGO,2a RS METROPOLITANA,MACRORREGIONAL LESTE,27,VSR,2
HOSPITAL INFANTIL DOUTOR WALDEMAR MONASTIER,LAPA,2a RS METROPOLITANA,MACRORREGIONAL LESTE,27,VSR,1
HOSPITAL INFANTIL DOUTOR WALDEMAR MONASTIER,PIRAQUARA,2a RS METROPOLITANA,MACRORREGIONAL LESTE,27,VSR,1
HOSPITAL INFANTIL DOUTOR WALDEMAR MONASTIER,SAO JOSE DOS PINHAIS,2a RS METROPOLITANA,MACRORREGIONAL LESTE,27,VSR,2
HOSPITAL INFANTIL DOUTOR WALDEMAR MONASTIER,CAMPO LARGO,2a RS METROPOLITANA,MACRORREGIONAL LESTE,28,VSR,1
HOSPITAL INFANTIL DOUTOR WALDEMAR MONASTIER,CAMPO MAGRO,2a RS METROPOLITANA,MACRORREGIONAL LESTE,28,VSR,1
HOSPITAL INFANTIL DOUTOR WALDEMAR MONASTIER,COLOMBO,2a RS METROPOLITANA,MACRORREGIONAL LESTE,28,VSR,1
HOSPITAL INFANTIL DOUTOR WALDEMAR MONASTIER,SAO JOSE DOS PINHAIS,2a RS METROPOLITANA,MACRORREGIONAL LESTE,28,VSR,3
HOSPITAL INFANTIL DOUTOR WALDEMAR MONASTIER,RIO BRANCO DO SUL,2a RS METROPOLITANA,MACRORREGIONAL LESTE,29,Adenovírus,1
HOSPITAL INFANTIL DOUTOR WALDEMAR MONASTIER,BALSA NOVA,2a RS METROPOLITANA,MACRORREGIONAL LESTE,29,Metapneumovírus,1
HOSPITAL INFANTIL DOUTOR WALDEMAR MONASTIER,COLOMBO,2a RS METROPOLITANA,MACRORREGIONAL LESTE,29,VSR,1
HOSPITAL INFANTIL DOUTOR WALDEMAR MONASTIER,RIO BRANCO DO SUL,2a RS METROPOLITANA,MACRORREGIONAL LESTE,29,VSR,1
HOSPITAL INFANTIL DOUTOR WALDEMAR MONASTIER,CURITIBA,2a RS METROPOLITANA,MACRORREGIONAL LESTE,31,Rinovírus,1
HOSPITAL INFANTIL PEQUENO PRINCIPE,CURITIBA,2a RS METROPOLITANA,MACRORREGIONAL LESTE,2,Rinovírus,1
HOSPITAL INFANTIL PEQUENO PRINCIPE,CURITIBA,2a RS METROPOLITANA,MACRORREGIONAL LESTE,4,Metapneumovírus,1
HOSPITAL INFANTIL PEQUENO PRINCIPE,CURITIBA,2a RS METROPOLITANA,MACRORREGIONAL LESTE,4,Rinovírus,1
HOSPITAL INFANTIL PEQUENO PRINCIPE,PINHAIS,2a RS METROPOLITANA,MACRORREGIONAL LESTE,5,Covid-19,1
HOSPITAL INFANTIL PEQUENO PRINCIPE,CURITIBA,2a RS METROPOLITANA,MACRORREGIONAL LESTE,5,Influenza,1
HOSPITAL INFANTIL PEQUENO PRINCIPE,CURITIBA,2a RS METROPOLITANA,MACRORREGIONAL LESTE,5,Rinovírus,3
HOSPITAL INFANTIL PEQUENO PRINCIPE,PINHAIS,2a RS METROPOLITANA,MACRORREGIONAL LESTE,5,Rinovírus,1
HOSPITAL INFANTIL PEQUENO PRINCIPE,CURITIBA,2a RS METROPOLITANA,MACRORREGIONAL LESTE,6,Rinovírus,1
HOSPITAL INFANTIL PEQUENO PRINCIPE,CURITIBA,2a RS METROPOLITANA,MACRORREGIONAL LESTE,7,Rinovírus,2
HOSPITAL INFANTIL PEQUENO PRINCIPE,ALMIRANTE TAMANDARE,2a RS METROPOLITANA,MACRORREGIONAL LESTE,8,Influenza,1
HOSPITAL INFANTIL PEQUENO PRINCIPE,CURITIBA,2a RS METROPOLITANA,MACRORREGIONAL LESTE,8,Rinovírus,2
HOSPITAL INFANTIL PEQUENO PRINCIPE,TIJUCAS DO SUL,2a RS METROPOLITANA,MACRORREGIONAL LESTE,8,Rinovírus,1
HOSPITAL INFANTIL PEQUENO PRINCIPE,CURITIBA,2a RS METROPOLITANA,MACRORREGIONAL LESTE,9,Rinovírus,6
HOSPITAL INFANTIL PEQUENO PRINCIPE,FAZENDA RIO GRANDE,2a RS METROPOLITANA,MACRORREGIONAL LESTE,9,Rinovírus,2
HOSPITAL INFANTIL PEQUENO PRINCIPE,PIRAQUARA,2a RS METROPOLITANA,MACRORREGIONAL LESTE,9,Rinovírus,1
HOSPITAL INFANTIL PEQUENO PRINCIPE,CURITIBA,2a RS METROPOLITANA,MACRORREGIONAL LESTE,10,Adenovírus,1
HOSPITAL INFANTIL PEQUENO PRINCIPE,ARAUCARIA,2a RS METROPOLITANA,MACRORREGIONAL LESTE,10,Rinovírus,2
HOSPITAL INFANTIL PEQUENO PRINCIPE,CURITIBA,2a RS METROPOLITANA,MACRORREGIONAL LESTE,10,Rinovírus,5
HOSPITAL INFANTIL PEQUENO PRINCIPE,MANDIRITUBA,2a RS METROPOLITANA,MACRORREGIONAL LESTE,10,Rinovírus,1
HOSPITAL INFANTIL PEQUENO PRINCIPE,CAMPO LARGO,2a RS METROPOLITANA,MACRORREGIONAL LESTE,11,Rinovírus,1
HOSPITAL INFANTIL PEQUENO PRINCIPE,COLOMBO,2a RS METROPOLITANA,MACRORREGIONAL LESTE,11,Rinovírus,1
HOSPITAL INFANTIL PEQUENO PRINCIPE,CURITIBA,2a RS METROPOLITANA,MACRORREGIONAL LESTE,11,Rinovírus,5
HOSPITAL INFANTIL PEQUENO PRINCIPE,FAZENDA RIO GRANDE,2a RS METROPOLITANA,MACRORREGIONAL LESTE,11,Rinovírus,1
HOSPITAL INFANTIL PEQUENO PRINCIPE,LAPA,2a RS METROPOLITANA,MACRORREGIONAL LESTE,11,Rinovírus,1
HOSPITAL INFANTIL PEQUENO PRINCIPE,PIEN,2a RS METROPOLITANA,MACRORREGIONAL LESTE,11,Rinovírus,1
HOSPITAL INFANTIL PEQUENO PRINCIPE,TIJUCAS DO SUL,2a RS METROPOLITANA,MACRORREGIONAL LESTE,11,Rinovírus,1
HOSPITAL INFANTIL PEQUENO PRINCIPE,CURITIBA,2a RS METROPOLITANA,MACRORREGIONAL LESTE,12,Adenovírus,1
HOSPITAL INFANTIL PEQUENO PRINCIPE,CONTENDA,2a RS METROPOLITANA,MACRORREGIONAL LESTE,12,Influenza,1
HOSPITAL INFANTIL PEQUENO PRINCIPE,CURITIBA,2a RS METROPOLITANA,MACRORREGIONAL LESTE,12,Influenza,2
HOSPITAL INFANTIL PEQUENO PRINCIPE,FAZENDA RIO GRANDE,2a RS METROPOLITANA,MACRORREGIONAL LESTE,12,Influenza,1
HOSPITAL INFANTIL PEQUENO PRINCIPE,COLOMBO,2a RS METROPOLITANA,MACRORREGIONAL LESTE,12,Rinovírus,1
HOSPITAL INFANTIL PEQUENO PRINCIPE,CURITIBA,2a RS METROPOLITANA,MACRORREGIONAL LESTE,12,Rinovírus,5
HOSPITAL INFANTIL PEQUENO PRINCIPE,SAO JOSE DOS PINHAIS,2a RS METROPOLITANA,MACRORREGIONAL LESTE,12,Rinovírus,1
HOSPITAL INFANTIL PEQUENO PRINCIPE,ARAUCARIA,2a RS METROPOLITANA,MACRORREGIONAL LESTE,12,VSR,1
HOSPITAL INFANTIL PEQUENO PRINCIPE,COLOMBO,2a RS METROPOLITANA,MACRORREGIONAL LESTE,13,Influenza,1
HOSPITAL INFANTIL PEQUENO PRINCIPE,CURITIBA,2a RS METROPOLITANA,MACRORREGIONAL LESTE,13,Influenza,1
HOSPITAL INFANTIL PEQUENO PRINCIPE,CURITIBA,2a RS METROPOLITANA,MACRORREGIONAL LESTE,13,Metapneumovírus,1
HOSPITAL INFANTIL PEQUENO PRINCIPE,CURITIBA,2a RS METROPOLITANA,MACRORREGIONAL LESTE,13,Rinovírus,2
HOSPITAL INFANTIL PEQUENO PRINCIPE,PINHAIS,2a RS METROPOLITANA,MACRORREGIONAL LESTE,13,Rinovírus,1
HOSPITAL INFANTIL PEQUENO PRINCIPE,SAO JOSE DOS PINHAIS,2a RS METROPOLITANA,MACRORREGIONAL LESTE,13,Rinovírus,1
HOSPITAL INFANTIL PEQUENO PRINCIPE,PIEN,2a RS METROPOLITANA,MACRORREGIONAL LESTE,13,VSR,1
HOSPITAL INFANTIL PEQUENO PRINCIPE,CURITIBA,2a RS METROPOLITANA,MACRORREGIONAL LESTE,14,Adenovírus,1
HOSPITAL INFANTIL PEQUENO PRINCIPE,COLOMBO,2a RS METROPOLITANA,MACRORREGIONAL LESTE,14,Rinovírus,1
HOSPITAL INFANTIL PEQUENO PRINCIPE,CURITIBA,2a RS METROPOLITANA,MACRORREGIONAL LESTE,14,Rinovírus,3
HOSPITAL INFANTIL PEQUENO PRINCIPE,CERRO AZUL,2a RS METROPOLITANA,MACRORREGIONAL LESTE,15,Influenza,1
HOSPITAL INFANTIL PEQUENO PRINCIPE,CURITIBA,2a RS METROPOLITANA,MACRORREGIONAL LESTE,15,Influenza,3
HOSPITAL INFANTIL PEQUENO PRINCIPE,FAZENDA RIO GRANDE,2a RS METROPOLITANA,MACRORREGIONAL LESTE,15,Influenza,1
HOSPITAL INFANTIL PEQUENO PRINCIPE,LAPA,2a RS METROPOLITANA,MACRORREGIONAL LESTE,15,Influenza,1
HOSPITAL INFANTIL PEQUENO PRINCIPE,CAMPO LARGO,2a RS METROPOLITANA,MACRORREGIONAL LESTE,15,Rinovírus,1
HOSPITAL INFANTIL PEQUENO PRINCIPE,CURITIBA,2a RS METROPOLITANA,MACRORREGIONAL LESTE,15,Rinovírus,3
HOSPITAL INFANTIL PEQUENO PRINCIPE,CURITIBA,2a RS METROPOLITANA,MACRORREGIONAL LESTE,16,Influenza,1
HOSPITAL INFANTIL PEQUENO PRINCIPE,SAO JOSE DOS PINHAIS,2a RS METROPOLITANA,MACRORREGIONAL LESTE,16,Influenza,1
HOSPITAL INFANTIL PEQUENO PRINCIPE,COLOMBO,2a RS METROPOLITANA,MACRORREGIONAL LESTE,16,Rinovírus,1
HOSPITAL INFANTIL PEQUENO PRINCIPE,CURITIBA,2a RS METROPOLITANA,MACRORREGIONAL LESTE,16,Rinovírus,2
HOSPITAL INFANTIL PEQUENO PRINCIPE,FAZENDA RIO GRANDE,2a RS METROPOLITANA,MACRORREGIONAL LESTE,16,Rinovírus,1
HOSPITAL INFANTIL PEQUENO PRINCIPE,PIEN,2a RS METROPOLITANA,MACRORREGIONAL LESTE,16,Rinovírus,1
HOSPITAL INFANTIL PEQUENO PRINCIPE,SAO JOSE DOS PINHAIS,2a RS METROPOLITANA,MACRORREGIONAL LESTE,16,Rinovírus,1
HOSPITAL INFANTIL PEQUENO PRINCIPE,CURITIBA,2a RS METROPOLITANA,MACRORREGIONAL LESTE,16,VSR,1
HOSPITAL INFANTIL PEQUENO PRINCIPE,CURITIBA,2a RS METROPOLITANA,MACRORREGIONAL LESTE,17,Influenza,3
HOSPITAL INFANTIL PEQUENO PRINCIPE,PIRAQUARA,2a RS METROPOLITANA,MACRORREGIONAL LESTE,17,Influenza,1
HOSPITAL INFANTIL PEQUENO PRINCIPE,ALMIRANTE TAMANDARE,2a RS METROPOLITANA,MACRORREGIONAL LESTE,17,Rinovírus,1
HOSPITAL INFANTIL PEQUENO PRINCIPE,COLOMBO,2a RS METROPOLITANA,MACRORREGIONAL LESTE,17,Rinovírus,1
HOSPITAL INFANTIL PEQUENO PRINCIPE,CURITIBA,2a RS METROPOLITANA,MACRORREGIONAL LESTE,17,Rinovírus,3
HOSPITAL INFANTIL PEQUENO PRINCIPE,FAZENDA RIO GRANDE,2a RS METROPOLITANA,MACRORREGIONAL LESTE,17,Rinovírus,1
HOSPITAL INFANTIL PEQUENO PRINCIPE,CURITIBA,2a RS METROPOLITANA,MACRORREGIONAL LESTE,17,VSR,1
HOSPITAL INFANTIL PEQUENO PRINCIPE,FAZENDA RIO GRANDE,2a RS METROPOLITANA,MACRORREGIONAL LESTE,17,VSR,1
HOSPITAL INFANTIL PEQUENO PRINCIPE,ALMIRANTE TAMANDARE,2a RS METROPOLITANA,MACRORREGIONAL LESTE,18,Influenza,1
HOSPITAL INFANTIL PEQUENO PRINCIPE,CURITIBA,2a RS METROPOLITANA,MACRORREGIONAL LESTE,18,Influenza,4
HOSPITAL INFANTIL PEQUENO PRINCIPE,CURITIBA,2a RS METROPOLITANA,MACRORREGIONAL LESTE,18,Rinovírus,5
HOSPITAL INFANTIL PEQUENO PRINCIPE,CURITIBA,2a RS METROPOLITANA,MACRORREGIONAL LESTE,18,VSR,2
HOSPITAL INFANTIL PEQUENO PRINCIPE,CURITIBA,2a RS METROPOLITANA,MACRORREGIONAL LESTE,19,Adenovírus,1
HOSPITAL INFANTIL PEQUENO PRINCIPE,ARAUCARIA,2a RS METROPOLITANA,MACRORREGIONAL LESTE,19,Influenza,2
HOSPITAL INFANTIL PEQUENO PRINCIPE,CAMPO LARGO,2a RS METROPOLITANA,MACRORREGIONAL LESTE,19,Influenza,2
HOSPITAL INFANTIL PEQUENO PRINCIPE,CAMPO MAGRO,2a RS METROPOLITANA,MACRORREGIONAL LESTE,19,Influenza,1
HOSPITAL INFANTIL PEQUENO PRINCIPE,CURITIBA,2a RS METROPOLITANA,MACRORREGIONAL LESTE,19,Influenza,6
HOSPITAL INFANTIL PEQUENO PRINCIPE,CURITIBA,2a RS METROPOLITANA,MACRORREGIONAL LESTE,19,Rinovírus,3
HOSPITAL INFANTIL PEQUENO PRINCIPE,SAO JOSE DOS PINHAIS,2a RS METROPOLITANA,MACRORREGIONAL LESTE,19,Rinovírus,1
HOSPITAL INFANTIL PEQUENO PRINCIPE,CURITIBA,2a RS METROPOLITANA,MACRORREGIONAL LESTE,19,VSR,1
HOSPITAL INFANTIL PEQUENO PRINCIPE,CURITIBA,2a RS METROPOLITANA,MACRORREGIONAL LESTE,20,Adenovírus,1
HOSPITAL INFANTIL PEQUENO PRINCIPE,CAMPO LARGO,2a RS METROPOLITANA,MACRORREGIONAL LESTE,20,Influenza,1
HOSPITAL INFANTIL PEQUENO PRINCIPE,CURITIBA,2a RS METROPOLITANA,MACRORREGIONAL LESTE,20,Influenza,3
HOSPITAL INFANTIL PEQUENO PRINCIPE,SAO JOSE DOS PINHAIS,2a RS METROPOLITANA,MACRORREGIONAL LESTE,20,Influenza,1
HOSPITAL INFANTIL PEQUENO PRINCIPE,CURITIBA,2a RS METROPOLITANA,MACRORREGIONAL LESTE,20,Metapneumovírus,1
HOSPITAL INFANTIL PEQUENO PRINCIPE,COLOMBO,2a RS METROPOLITANA,MACRORREGIONAL LESTE,20,Rinovírus,1
HOSPITAL INFANTIL PEQUENO PRINCIPE,CURITIBA,2a RS METROPOLITANA,MACRORREGIONAL LESTE,20,Rinovírus,5
HOSPITAL INFANTIL PEQUENO PRINCIPE,CAMPO LARGO,2a RS METROPOLITANA,MACRORREGIONAL LESTE,20,VSR,1
HOSPITAL INFANTIL PEQUENO PRINCIPE,CURITIBA,2a RS METROPOLITANA,MACRORREGIONAL LESTE,20,VSR,3
HOSPITAL INFANTIL PEQUENO PRINCIPE,ALMIRANTE TAMANDARE,2a RS METROPOLITANA,MACRORREGIONAL LESTE,21,Adenovírus,1
HOSPITAL INFANTIL PEQUENO PRINCIPE,ARAUCARIA,2a RS METROPOLITANA,MACRORREGIONAL LESTE,21,Influenza,1
HOSPITAL INFANTIL PEQUENO PRINCIPE,CURITIBA,2a RS METROPOLITANA,MACRORREGIONAL LESTE,21,Influenza,3
HOSPITAL INFANTIL PEQUENO PRINCIPE,PINHAIS,2a RS METROPOLITANA,MACRORREGIONAL LESTE,21,Influenza,1
HOSPITAL INFANTIL PEQUENO PRINCIPE,ALMIRANTE TAMANDARE,2a RS METROPOLITANA,MACRORREGIONAL LESTE,21,Rinovírus,1
HOSPITAL INFANTIL PEQUENO PRINCIPE,CURITIBA,2a RS METROPOLITANA,MACRORREGIONAL LESTE,21,VSR,4
HOSPITAL INFANTIL PEQUENO PRINCIPE,PINHAIS,2a RS METROPOLITANA,MACRORREGIONAL LESTE,21,VSR,1
HOSPITAL INFANTIL PEQUENO PRINCIPE,SAO JOSE DOS PINHAIS,2a RS METROPOLITANA,MACRORREGIONAL LESTE,21,VSR,1
HOSPITAL INFANTIL PEQUENO PRINCIPE,CURITIBA,2a RS METROPOLITANA,MACRORREGIONAL LESTE,22,Adenovírus,1
HOSPITAL INFANTIL PEQUENO PRINCIPE,CURITIBA,2a RS METROPOLITANA,MACRORREGIONAL LESTE,22,Influenza,2
HOSPITAL INFANTIL PEQUENO PRINCIPE,FAZENDA RIO GRANDE,2a RS METROPOLITANA,MACRORREGIONAL LESTE,22,Influenza,1
HOSPITAL INFANTIL PEQUENO PRINCIPE,SAO JOSE DOS PINHAIS,2a RS METROPOLITANA,MACRORREGIONAL LESTE,22,Influenza,1
HOSPITAL INFANTIL PEQUENO PRINCIPE,ARAUCARIA,2a RS METROPOLITANA,MACRORREGIONAL LESTE,22,Rinovírus,1
HOSPITAL INFANTIL PEQUENO PRINCIPE,CURITIBA,2a RS METROPOLITANA,MACRORREGIONAL LESTE,22,Rinovírus,3
HOSPITAL INFANTIL PEQUENO PRINCIPE,ARAUCARIA,2a RS METROPOLITANA,MACRORREGIONAL LESTE,22,VSR,1
HOSPITAL INFANTIL PEQUENO PRINCIPE,CAMPINA GRANDE DO SUL,2a RS METROPOLITANA,MACRORREGIONAL LESTE,22,VSR,1
HOSPITAL INFANTIL PEQUENO PRINCIPE,CURITIBA,2a RS METROPOLITANA,MACRORREGIONAL LESTE,22,VSR,8
HOSPITAL INFANTIL PEQUENO PRINCIPE,ITAPERUCU,2a RS METROPOLITANA,MACRORREGIONAL LESTE,22,VSR,1
HOSPITAL INFANTIL PEQUENO PRINCIPE,PINHAIS,2a RS METROPOLITANA,MACRORREGIONAL LESTE,22,VSR,1
HOSPITAL INFANTIL PEQUENO PRINCIPE,CURITIBA,2a RS METROPOLITANA,MACRORREGIONAL LESTE,23,Adenovírus,1
HOSPITAL INFANTIL PEQUENO PRINCIPE,CURITIBA,2a RS METROPOLITANA,MACRORREGIONAL LESTE,23,Influenza,3
HOSPITAL INFANTIL PEQUENO PRINCIPE,MANDIRITUBA,2a RS METROPOLITANA,MACRORREGIONAL LESTE,23,Influenza,1
HOSPITAL INFANTIL PEQUENO PRINCIPE,COLOMBO,2a RS METROPOLITANA,MACRORREGIONAL LESTE,23,Rinovírus,1
HOSPITAL INFANTIL PEQUENO PRINCIPE,CURITIBA,2a RS METROPOLITANA,MACRORREGIONAL LESTE,23,Rinovírus,2
HOSPITAL INFANTIL PEQUENO PRINCIPE,SAO JOSE DOS PINHAIS,2a RS METROPOLITANA,MACRORREGIONAL LESTE,23,Rinovírus,1
HOSPITAL INFANTIL PEQUENO PRINCIPE,CURITIBA,2a RS METROPOLITANA,MACRORREGIONAL LESTE,23,VSR,3
HOSPITAL INFANTIL PEQUENO PRINCIPE,SAO JOSE DOS PINHAIS,2a RS METROPOLITANA,MACRORREGIONAL LESTE,23,VSR,1
HOSPITAL INFANTIL PEQUENO PRINCIPE,CURITIBA,2a RS METROPOLITANA,MACRORREGIONAL LESTE,24,Adenovírus,1
HOSPITAL INFANTIL PEQUENO PRINCIPE,ALMIRANTE TAMANDARE,2a RS METROPOLITANA,MACRORREGIONAL LESTE,24,Influenza,1
HOSPITAL INFANTIL PEQUENO PRINCIPE,CURITIBA,2a RS METROPOLITANA,MACRORREGIONAL LESTE,24,Influenza,4
HOSPITAL INFANTIL PEQUENO PRINCIPE,LAPA,2a RS METROPOLITANA,MACRORREGIONAL LESTE,24,Influenza,1
HOSPITAL INFANTIL PEQUENO PRINCIPE,COLOMBO,2a RS METROPOLITANA,MACRORREGIONAL LESTE,24,VSR,2
HOSPITAL INFANTIL PEQUENO PRINCIPE,CURITIBA,2a RS METROPOLITANA,MACRORREGIONAL LESTE,24,VSR,10
HOSPITAL INFANTIL PEQUENO PRINCIPE,FAZENDA RIO GRANDE,2a RS METROPOLITANA,MACRORREGIONAL LESTE,24,VSR,1
HOSPITAL INFANTIL PEQUENO PRINCIPE,SAO JOSE DOS PINHAIS,2a RS METROPOLITANA,MACRORREGIONAL LESTE,24,VSR,2
HOSPITAL INFANTIL PEQUENO PRINCIPE,SAO JOSE DOS PINHAIS,2a RS METROPOLITANA,MACRORREGIONAL LESTE,25,Adenovírus,1
HOSPITAL INFANTIL PEQUENO PRINCIPE,CURITIBA,2a RS METROPOLITANA,MACRORREGIONAL LESTE,25,Influenza,1
HOSPITAL INFANTIL PEQUENO PRINCIPE,SAO JOSE DOS PINHAIS,2a RS METROPOLITANA,MACRORREGIONAL LESTE,25,Influenza,1
HOSPITAL INFANTIL PEQUENO PRINCIPE,PIRAQUARA,2a RS METROPOLITANA,MACRORREGIONAL LESTE,25,Metapneumovírus,1
HOSPITAL INFANTIL PEQUENO PRINCIPE,CURITIBA,2a RS METROPOLITANA,MACRORREGIONAL LESTE,25,Rinovírus,1
HOSPITAL INFANTIL PEQUENO PRINCIPE,ALMIRANTE TAMANDARE,2a RS METROPOLITANA,MACRORREGIONAL LESTE,25,VSR,1
HOSPITAL INFANTIL PEQUENO PRINCIPE,CAMPINA GRANDE DO SUL,2a RS METROPOLITANA,MACRORREGIONAL LESTE,25,VSR,2
HOSPITAL INFANTIL PEQUENO PRINCIPE,CURITIBA,2a RS METROPOLITANA,MACRORREGIONAL LESTE,25,VSR,11
HOSPITAL INFANTIL PEQUENO PRINCIPE,PINHAIS,2a RS METROPOLITANA,MACRORREGIONAL LESTE,25,VSR,1
HOSPITAL INFANTIL PEQUENO PRINCIPE,QUITANDINHA,2a RS METROPOLITANA,MACRORREGIONAL LESTE,25,VSR,1
HOSPITAL INFANTIL PEQUENO PRINCIPE,SAO JOSE DOS PINHAIS,2a RS METROPOLITANA,MACRORREGIONAL LESTE,25,VSR,3
HOSPITAL INFANTIL PEQUENO PRINCIPE,FAZENDA RIO GRANDE,2a RS METROPOLITANA,MACRORREGIONAL LESTE,26,Adenovírus,1
HOSPITAL INFANTIL PEQUENO PRINCIPE,COLOMBO,2a RS METROPOLITANA,MACRORREGIONAL LESTE,26,Influenza,1
HOSPITAL INFANTIL PEQUENO PRINCIPE,SAO JOSE DOS PINHAIS,2a RS METROPOLITANA,MACRORREGIONAL LESTE,26,Influenza,2
HOSPITAL INFANTIL PEQUENO PRINCIPE,CURITIBA,2a RS METROPOLITANA,MACRORREGIONAL LESTE,26,Rinovírus,1
HOSPITAL INFANTIL PEQUENO PRINCIPE,FAZENDA RIO GRANDE,2a RS METROPOLITANA,MACRORREGIONAL LESTE,26,Rinovírus,1
HOSPITAL INFANTIL PEQUENO PRINCIPE,CAMPO LARGO,2a RS METROPOLITANA,MACRORREGIONAL LESTE,26,VSR,1
HOSPITAL INFANTIL PEQUENO PRINCIPE,COLOMBO,2a RS METROPOLITANA,MACRORREGIONAL LESTE,26,VSR,2
HOSPITAL INFANTIL PEQUENO PRINCIPE,CURITIBA,2a RS METROPOLITANA,MACRORREGIONAL LESTE,26,VSR,6
HOSPITAL INFANTIL PEQUENO PRINCIPE,FAZENDA RIO GRANDE,2a RS METROPOLITANA,MACRORREGIONAL LESTE,26,VSR,4
HOSPITAL INFANTIL PEQUENO PRINCIPE,PINHAIS,2a RS METROPOLITANA,MACRORREGIONAL LESTE,26,VSR,1
HOSPITAL INFANTIL PEQUENO PRINCIPE,SAO JOSE DOS PINHAIS,2a RS METROPOLITANA,MACRORREGIONAL LESTE,26,VSR,1
HOSPITAL INFANTIL PEQUENO PRINCIPE,CURITIBA,2a RS METROPOLITANA,MACRORREGIONAL LESTE,27,Adenovírus,1
HOSPITAL INFANTIL PEQUENO PRINCIPE,CURITIBA,2a RS METROPOLITANA,MACRORREGIONAL LESTE,27,Influenza,2
HOSPITAL INFANTIL PEQUENO PRINCIPE,PIRAQUARA,2a RS METROPOLITANA,MACRORREGIONAL LESTE,27,Influenza,1
HOSPITAL INFANTIL PEQUENO PRINCIPE,ARAUCARIA,2a RS METROPOLITANA,MACRORREGIONAL LESTE,27,Metapneumovírus,1
HOSPITAL INFANTIL PEQUENO PRINCIPE,CURITIBA,2a RS METROPOLITANA,MACRORREGIONAL LESTE,27,Rinovírus,2
HOSPITAL INFANTIL PEQUENO PRINCIPE,SAO JOSE DOS PINHAIS,2a RS METROPOLITANA,MACRORREGIONAL LESTE,27,Rinovírus,1
HOSPITAL INFANTIL PEQUENO PRINCIPE,ALMIRANTE TAMANDARE,2a RS METROPOLITANA,MACRORREGIONAL LESTE,27,VSR,2
HOSPITAL INFANTIL PEQUENO PRINCIPE,ARAUCARIA,2a RS METROPOLITANA,MACRORREGIONAL LESTE,27,VSR,1
HOSPITAL INFANTIL PEQUENO PRINCIPE,CAMPO LARGO,2a RS METROPOLITANA,MACRORREGIONAL LESTE,27,VSR,3
HOSPITAL INFANTIL PEQUENO PRINCIPE,CAMPO MAGRO,2a RS METROPOLITANA,MACRORREGIONAL LESTE,27,VSR,1
HOSPITAL INFANTIL PEQUENO PRINCIPE,COLOMBO,2a RS METROPOLITANA,MACRORREGIONAL LESTE,27,VSR,1
HOSPITAL INFANTIL PEQUENO PRINCIPE,CURITIBA,2a RS METROPOLITANA,MACRORREGIONAL LESTE,27,VSR,7
HOSPITAL INFANTIL PEQUENO PRINCIPE,PIRAQUARA,2a RS METROPOLITANA,MACRORREGIONAL LESTE,27,VSR,2
HOSPITAL INFANTIL PEQUENO PRINCIPE,SAO JOSE DOS PINHAIS,2a RS METROPOLITANA,MACRORREGIONAL LESTE,27,VSR,1
HOSPITAL INFANTIL PEQUENO PRINCIPE,CURITIBA,2a RS METROPOLITANA,MACRORREGIONAL LESTE,28,Adenovírus,3
HOSPITAL INFANTIL PEQUENO PRINCIPE,FAZENDA RIO GRANDE,2a RS METROPOLITANA,MACRORREGIONAL LESTE,28,Influenza,1
HOSPITAL INFANTIL PEQUENO PRINCIPE,CAMPO LARGO,2a RS METROPOLITANA,MACRORREGIONAL LESTE,28,Metapneumovírus,1
HOSPITAL INFANTIL PEQUENO PRINCIPE,CURITIBA,2a RS METROPOLITANA,MACRORREGIONAL LESTE,28,Metapneumovírus,2
HOSPITAL INFANTIL PEQUENO PRINCIPE,CURITIBA,2a RS METROPOLITANA,MACRORREGIONAL LESTE,28,Rinovírus,1
HOSPITAL INFANTIL PEQUENO PRINCIPE,COLOMBO,2a RS METROPOLITANA,MACRORREGIONAL LESTE,28,VSR,1
HOSPITAL INFANTIL PEQUENO PRINCIPE,CURITIBA,2a RS METROPOLITANA,MACRORREGIONAL LESTE,28,VSR,13
HOSPITAL INFANTIL PEQUENO PRINCIPE,FAZENDA RIO GRANDE,2a RS METROPOLITANA,MACRORREGIONAL LESTE,28,VSR,4
HOSPITAL INFANTIL PEQUENO PRINCIPE,CURITIBA,2a RS METROPOLITANA,MACRORREGIONAL LESTE,29,Adenovírus,2
HOSPITAL INFANTIL PEQUENO PRINCIPE,CAMPO LARGO,2a RS METROPOLITANA,MACRORREGIONAL LESTE,29,Rinovírus,1
HOSPITAL INFANTIL PEQUENO PRINCIPE,COLOMBO,2a RS METROPOLITANA,MACRORREGIONAL LESTE,29,Rinovírus,1
HOSPITAL INFANTIL PEQUENO PRINCIPE,CURITIBA,2a RS METROPOLITANA,MACRORREGIONAL LESTE,29,Rinovírus,2
HOSPITAL INFANTIL PEQUENO PRINCIPE,TIJUCAS DO SUL,2a RS METROPOLITANA,MACRORREGIONAL LESTE,29,Rinovírus,1
HOSPITAL INFANTIL PEQUENO PRINCIPE,ALMIRANTE TAMANDARE,2a RS METROPOLITANA,MACRORREGIONAL LESTE,29,VSR,1
HOSPITAL INFANTIL PEQUENO PRINCIPE,COLOMBO,2a RS METROPOLITANA,MACRORREGIONAL LESTE,29,VSR,1
HOSPITAL INFANTIL PEQUENO PRINCIPE,CURITIBA,2a RS METROPOLITANA,MACRORREGIONAL LESTE,29,VSR,7
HOSPITAL INFANTIL PEQUENO PRINCIPE,FAZENDA RIO GRANDE,2a RS METROPOLITANA,MACRORREGIONAL LESTE,29,VSR,1
HOSPITAL INFANTIL PEQUENO PRINCIPE,SAO JOSE DOS PINHAIS,2a RS METROPOLITANA,MACRORREGIONAL LESTE,29,VSR,1
HOSPITAL INFANTIL PEQUENO PRINCIPE,TIJUCAS DO SUL,2a RS METROPOLITANA,MACRORREGIONAL LESTE,29,VSR,1
HOSPITAL INFANTIL PEQUENO PRINCIPE,CURITIBA,2a RS METROPOLITANA,MACRORREGIONAL LESTE,30,Adenovírus,1
HOSPITAL INFANTIL PEQUENO PRINCIPE,CURITIBA,2a RS METROPOLITANA,MACRORREGIONAL LESTE,30,Influenza,1
HOSPITAL INFANTIL PEQUENO PRINCIPE,SAO JOSE DOS PINHAIS,2a RS METROPOLITANA,MACRORREGIONAL LESTE,30,Metapneumovírus,1
HOSPITAL INFANTIL PEQUENO PRINCIPE,CURITIBA,2a RS METROPOLITANA,MACRORREGIONAL LESTE,30,Rinovírus,4
HOSPITAL INFANTIL PEQUENO PRINCIPE,FAZENDA RIO GRANDE,2a RS METROPOLITANA,MACRORREGIONAL LESTE,30,Rinovírus,1
HOSPITAL INFANTIL PEQUENO PRINCIPE,SAO JOSE DOS PINHAIS,2a RS METROPOLITANA,MACRORREGIONAL LESTE,30,Rinovírus,1
HOSPITAL INFANTIL PEQUENO PRINCIPE,ARAUCARIA,2a RS METROPOLITANA,MACRORREGIONAL LESTE,30,VSR,1
HOSPITAL INFANTIL PEQUENO PRINCIPE,BALSA NOVA,2a RS METROPOLITANA,MACRORREGIONAL LESTE,30,VSR,1
HOSPITAL INFANTIL PEQUENO PRINCIPE,CAMPO LARGO,2a RS METROPOLITANA,MACRORREGIONAL LESTE,30,VSR,1
HOSPITAL INFANTIL PEQUENO PRINCIPE,CURITIBA,2a RS METROPOLITANA,MACRORREGIONAL LESTE,30,VSR,3
HOSPITAL INFANTIL PEQUENO PRINCIPE,PINHAIS,2a RS METROPOLITANA,MACRORREGIONAL LESTE,30,VSR,1
HOSPITAL INFANTIL PEQUENO PRINCIPE,CURITIBA,2a RS METROPOLITANA,MACRORREGIONAL LESTE,31,Metapneumovírus,1
HOSPITAL INFANTIL PEQUENO PRINCIPE,BOCAIUVA DO SUL,2a RS METROPOLITANA,MACRORREGIONAL LESTE,31,VSR,1
HOSPITAL INFANTIL PEQUENO PRINCIPE,CURITIBA,2a RS METROPOLITANA,MACRORREGIONAL LESTE,31,VSR,3
HOSPITAL INFANTIL PEQUENO PRINCIPE,TUNAS DO PARANA,2a RS METROPOLITANA,MACRORREGIONAL LESTE,31,VSR,1
HOSPITAL INFANTIL PEQUENO PRINCIPE,CURITIBA,2a RS METROPOLITANA,MACRORREGIONAL LESTE,32,Adenovírus,1
HOSPITAL INFANTIL PEQUENO PRINCIPE,CURITIBA,2a RS METROPOLITANA,MACRORREGIONAL LESTE,32,Metapneumovírus,1
HOSPITAL INFANTIL PEQUENO PRINCIPE,COLOMBO,2a RS METROPOLITANA,MACRORREGIONAL LESTE,32,Rinovírus,1
HOSPITAL INFANTIL PEQUENO PRINCIPE,CURITIBA,2a RS METROPOLITANA,MACRORREGIONAL LESTE,32,Rinovírus,1
HOSPITAL INFANTIL PEQUENO PRINCIPE,COLOMBO,2a RS METROPOLITANA,MACRORREGIONAL LESTE,32,VSR,1
HOSPITAL INFANTIL PEQUENO PRINCIPE,PINHAIS,2a RS METROPOLITANA,MACRORREGIONAL LESTE,32,VSR,1
HOSPITAL INFANTIL PEQUENO PRINCIPE,SAO JOSE DOS PINHAIS,2a RS METROPOLITANA,MACRORREGIONAL LESTE,32,VSR,1
HOSPITAL INFANTIL PEQUENO PRINCIPE,CONTENDA,2a RS METROPOLITANA,MACRORREGIONAL LESTE,33,Adenovírus,1
HOSPITAL INFANTIL PEQUENO PRINCIPE,CURITIBA,2a RS METROPOLITANA,MACRORREGIONAL LESTE,33,Rinovírus,2
HOSPITAL INFANTIL PEQUENO PRINCIPE,PIRAQUARA,2a RS METROPOLITANA,MACRORREGIONAL LESTE,33,Rinovírus,1
HOSPITAL INFANTIL PEQUENO PRINCIPE,COLOMBO,2a RS METROPOLITANA,MACRORREGIONAL LESTE,33,VSR,2
HOSPITAL INFANTIL PEQUENO PRINCIPE,SAO JOSE DOS PINHAIS,2a RS METROPOLITANA,MACRORREGIONAL LESTE,33,VSR,2
HOSPITAL INFANTIL PEQUENO PRINCIPE,CURITIBA,2a RS METROPOLITANA,MACRORREGIONAL LESTE,34,Adenovírus,1
HOSPITAL INFANTIL PEQUENO PRINCIPE,CURITIBA,2a RS METROPOLITANA,MACRORREGIONAL LESTE,34,Metapneumovírus,1
HOSPITAL INFANTIL PEQUENO PRINCIPE,PINHAIS,2a RS METROPOLITANA,MACRORREGIONAL LESTE,34,Metapneumovírus,1
HOSPITAL INFANTIL PEQUENO PRINCIPE,CURITIBA,2a RS METROPOLITANA,MACRORREGIONAL LESTE,34,Rinovírus,1
HOSPITAL INFANTIL PEQUENO PRINCIPE,CURITIBA,2a RS METROPOLITANA,MACRORREGIONAL LESTE,35,Metapneumovírus,1
HOSPITAL INFANTIL PEQUENO PRINCIPE,FAZENDA RIO GRANDE,2a RS METROPOLITANA,MACRORREGIONAL LESTE,35,Metapneumovírus,1
HOSPITAL INFANTIL PEQUENO PRINCIPE,CURITIBA,2a RS METROPOLITANA,MACRORREGIONAL LESTE,35,Rinovírus,2
HOSPITAL MATERNIDADE ALTO MARACANA,COLOMBO,2a RS METROPOLITANA,MACRORREGIONAL LESTE,8,Influenza,1
HOSPITAL MATERNIDADE ALTO MARACANA,COLOMBO,2a RS METROPOLITANA,MACRORREGIONAL LESTE,11,Covid-19,1
HOSPITAL MATERNIDADE ALTO MARACANA,COLOMBO,2a RS METROPOLITANA,MACRORREGIONAL LESTE,11,Rinovírus,1
HOSPITAL MATERNIDADE ALTO MARACANA,COLOMBO,2a RS METROPOLITANA,MACRORREGIONAL LESTE,21,Rinovírus,1
HOSPITAL MATERNIDADE ALTO MARACANA,COLOMBO,2a RS METROPOLITANA,MACRORREGIONAL LESTE,22,Rinovírus,1
HOSPITAL MATERNIDADE ALTO MARACANA,COLOMBO,2a RS METROPOLITANA,MACRORREGIONAL LESTE,24,Rinovírus,1
HOSPITAL MATERNIDADE ALTO MARACANA,BOCAIUVA DO SUL,2a RS METROPOLITANA,MACRORREGIONAL LESTE,25,Influenza,1
HOSPITAL MENINO DEUS,CURITIBA,2a RS METROPOLITANA,MACRORREGIONAL LESTE,5,Covid-19,2
HOSPITAL MENINO DEUS,CURITIBA,2a RS METROPOLITANA,MACRORREGIONAL LESTE,20,Influenza,1
HOSPITAL MENINO DEUS,ALMIRANTE TAMANDARE,2a RS METROPOLITANA,MACRORREGIONAL LESTE,24,Influenza,1
HOSPITAL MUNICIPAL DE ARAUCARIA,CURITIBA,2a RS METROPOLITANA,MACRORREGIONAL LESTE,2,Rinovírus,1
HOSPITAL MUNICIPAL DE ARAUCARIA,ARAUCARIA,2a RS METROPOLITANA,MACRORREGIONAL LESTE,3,Adenovírus,1
HOSPITAL MUNICIPAL DE ARAUCARIA,ARAUCARIA,2a RS METROPOLITANA,MACRORREGIONAL LESTE,4,Metapneumovírus,1
HOSPITAL MUNICIPAL DE ARAUCARIA,CONTENDA,2a RS METROPOLITANA,MACRORREGIONAL LESTE,6,Adenovírus,1
HOSPITAL MUNICIPAL DE ARAUCARIA,FAZENDA RIO GRANDE,2a RS METROPOLITANA,MACRORREGIONAL LESTE,6,Influenza,1
HOSPITAL MUNICIPAL DE ARAUCARIA,CONTENDA,2a RS METROPOLITANA,MACRORREGIONAL LESTE,6,VSR,1
HOSPITAL MUNICIPAL DE ARAUCARIA,ARAUCARIA,2a RS METROPOLITANA,MACRORREGIONAL LESTE,8,Influenza,1
HOSPITAL MUNICIPAL DE ARAUCARIA,ARAUCARIA,2a RS METROPOLITANA,MACRORREGIONAL LESTE,8,Rinovírus,5
HOSPITAL MUNICIPAL DE ARAUCARIA,ARAUCARIA,2a RS METROPOLITANA,MACRORREGIONAL LESTE,9,Covid-19,1
HOSPITAL MUNICIPAL DE ARAUCARIA,ARAUCARIA,2a RS METROPOLITANA,MACRORREGIONAL LESTE,9,Rinovírus,3
HOSPITAL MUNICIPAL DE ARAUCARIA,ARAUCARIA,2a RS METROPOLITANA,MACRORREGIONAL LESTE,10,Rinovírus,9
HOSPITAL MUNICIPAL DE ARAUCARIA,ARAUCARIA,2a RS METROPOLITANA,MACRORREGIONAL LESTE,11,Rinovírus,6
HOSPITAL MUNICIPAL DE ARAUCARIA,CURITIBA,2a RS METROPOLITANA,MACRORREGIONAL LESTE,12,Rinovírus,3
HOSPITAL MUNICIPAL DE ARAUCARIA,FAZENDA RIO GRANDE,2a RS METROPOLITANA,MACRORREGIONAL LESTE,12,Rinovírus,1
HOSPITAL MUNICIPAL DE ARAUCARIA,ARAUCARIA,2a RS METROPOLITANA,MACRORREGIONAL LESTE,13,Rinovírus,2
HOSPITAL MUNICIPAL DE ARAUCARIA,CURITIBA,2a RS METROPOLITANA,MACRORREGIONAL LESTE,13,Rinovírus,1
HOSPITAL MUNICIPAL DE ARAUCARIA,CURITIBA,2a RS METROPOLITANA,MACRORREGIONAL LESTE,14,Influenza,1
HOSPITAL MUNICIPAL DE ARAUCARIA,FAZENDA RIO GRANDE,2a RS METROPOLITANA,MACRORREGIONAL LESTE,14,Influenza,1
HOSPITAL MUNICIPAL DE ARAUCARIA,CURITIBA,2a RS METROPOLITANA,MACRORREGIONAL LESTE,15,Adenovírus,1
HOSPITAL MUNICIPAL DE ARAUCARIA,ARAUCARIA,2a RS METROPOLITANA,MACRORREGIONAL LESTE,15,Influenza,2
HOSPITAL MUNICIPAL DE ARAUCARIA,CURITIBA,2a RS METROPOLITANA,MACRORREGIONAL LESTE,15,Rinovírus,2
HOSPITAL MUNICIPAL DE ARAUCARIA,FAZENDA RIO GRANDE,2a RS METROPOLITANA,MACRORREGIONAL LESTE,15,VSR,1
HOSPITAL MUNICIPAL DE ARAUCARIA,CURITIBA,2a RS METROPOLITANA,MACRORREGIONAL LESTE,16,Influenza,1
HOSPITAL MUNICIPAL DE ARAUCARIA,ARAUCARIA,2a RS METROPOLITANA,MACRORREGIONAL LESTE,16,Rinovírus,3
HOSPITAL MUNICIPAL DE ARAUCARIA,ARAUCARIA,2a RS METROPOLITANA,MACRORREGIONAL LESTE,16,VSR,1
HOSPITAL MUNICIPAL DE ARAUCARIA,ARAUCARIA,2a RS METROPOLITANA,MACRORREGIONAL LESTE,17,Influenza,2
HOSPITAL MUNICIPAL DE ARAUCARIA,ARAUCARIA,2a RS METROPOLITANA,MACRORREGIONAL LESTE,17,Rinovírus,4
HOSPITAL MUNICIPAL DE ARAUCARIA,ARAUCARIA,2a RS METROPOLITANA,MACRORREGIONAL LESTE,17,VSR,1
HOSPITAL MUNICIPAL DE ARAUCARIA,ARAUCARIA,2a RS METROPOLITANA,MACRORREGIONAL LESTE,18,Influenza,2
HOSPITAL MUNICIPAL DE ARAUCARIA,CURITIBA,2a RS METROPOLITANA,MACRORREGIONAL LESTE,18,Influenza,1
HOSPITAL MUNICIPAL DE ARAUCARIA,ARAUCARIA,2a RS METROPOLITANA,MACRORREGIONAL LESTE,18,Rinovírus,2
HOSPITAL MUNICIPAL DE ARAUCARIA,ARAUCARIA,2a RS METROPOLITANA,MACRORREGIONAL LESTE,19,Rinovírus,1
HOSPITAL MUNICIPAL DE ARAUCARIA,ARAUCARIA,2a RS METROPOLITANA,MACRORREGIONAL LESTE,19,VSR,1
HOSPITAL MUNICIPAL DE ARAUCARIA,CURITIBA,2a RS METROPOLITANA,MACRORREGIONAL LESTE,19,VSR,1
HOSPITAL MUNICIPAL DE ARAUCARIA,ARAUCARIA,2a RS METROPOLITANA,MACRORREGIONAL LESTE,20,Influenza,3
HOSPITAL MUNICIPAL DE ARAUCARIA,ARAUCARIA,2a RS METROPOLITANA,MACRORREGIONAL LESTE,20,Rinovírus,2
HOSPITAL MUNICIPAL DE ARAUCARIA,FAZENDA RIO GRANDE,2a RS METROPOLITANA,MACRORREGIONAL LESTE,20,VSR,1
HOSPITAL MUNICIPAL DE ARAUCARIA,ARAUCARIA,2a RS METROPOLITANA,MACRORREGIONAL LESTE,21,Influenza,1
HOSPITAL MUNICIPAL DE ARAUCARIA,CURITIBA,2a RS METROPOLITANA,MACRORREGIONAL LESTE,21,Influenza,1
HOSPITAL MUNICIPAL DE ARAUCARIA,ARAUCARIA,2a RS METROPOLITANA,MACRORREGIONAL LESTE,21,VSR,1
HOSPITAL MUNICIPAL DE ARAUCARIA,CURITIBA,2a RS METROPOLITANA,MACRORREGIONAL LESTE,21,VSR,1
HOSPITAL MUNICIPAL DE ARAUCARIA,FAZENDA RIO GRANDE,2a RS METROPOLITANA,MACRORREGIONAL LESTE,21,VSR,1
HOSPITAL MUNICIPAL DE ARAUCARIA,FAZENDA RIO GRANDE,2a RS METROPOLITANA,MACRORREGIONAL LESTE,22,Adenovírus,1
HOSPITAL MUNICIPAL DE ARAUCARIA,ARAUCARIA,2a RS METROPOLITANA,MACRORREGIONAL LESTE,22,Influenza,3
HOSPITAL MUNICIPAL DE ARAUCARIA,CURITIBA,2a RS METROPOLITANA,MACRORREGIONAL LESTE,22,Influenza,1
HOSPITAL MUNICIPAL DE ARAUCARIA,ARAUCARIA,2a RS METROPOLITANA,MACRORREGIONAL LESTE,22,Rinovírus,1
HOSPITAL MUNICIPAL DE ARAUCARIA,CURITIBA,2a RS METROPOLITANA,MACRORREGIONAL LESTE,22,Rinovírus,1
HOSPITAL MUNICIPAL DE ARAUCARIA,ARAUCARIA,2a RS METROPOLITANA,MACRORREGIONAL LESTE,22,VSR,5
HOSPITAL MUNICIPAL DE ARAUCARIA,CURITIBA,2a RS METROPOLITANA,MACRORREGIONAL LESTE,22,VSR,3
HOSPITAL MUNICIPAL DE ARAUCARIA,FAZENDA RIO GRANDE,2a RS METROPOLITANA,MACRORREGIONAL LESTE,22,VSR,1
HOSPITAL MUNICIPAL DE ARAUCARIA,CURITIBA,2a RS METROPOLITANA,MACRORREGIONAL LESTE,23,Adenovírus,1
HOSPITAL MUNICIPAL DE ARAUCARIA,ARAUCARIA,2a RS METROPOLITANA,MACRORREGIONAL LESTE,23,Influenza,1
HOSPITAL MUNICIPAL DE ARAUCARIA,CURITIBA,2a RS METROPOLITANA,MACRORREGIONAL LESTE,23,Influenza,1
HOSPITAL MUNICIPAL DE ARAUCARIA,ARAUCARIA,2a RS METROPOLITANA,MACRORREGIONAL LESTE,23,Rinovírus,2
HOSPITAL MUNICIPAL DE ARAUCARIA,CURITIBA,2a RS METROPOLITANA,MACRORREGIONAL LESTE,23,Rinovírus,1
HOSPITAL MUNICIPAL DE ARAUCARIA,ARAUCARIA,2a RS METROPOLITANA,MACRORREGIONAL LESTE,23,VSR,4
HOSPITAL MUNICIPAL DE ARAUCARIA,CURITIBA,2a RS METROPOLITANA,MACRORREGIONAL LESTE,23,VSR,3
HOSPITAL MUNICIPAL DE ARAUCARIA,ARAUCARIA,2a RS METROPOLITANA,MACRORREGIONAL LESTE,24,Adenovírus,1
HOSPITAL MUNICIPAL DE ARAUCARIA,ARAUCARIA,2a RS METROPOLITANA,MACRORREGIONAL LESTE,24,Influenza,1
HOSPITAL MUNICIPAL DE ARAUCARIA,ARAUCARIA,2a RS METROPOLITANA,MACRORREGIONAL LESTE,24,VSR,5
HOSPITAL MUNICIPAL DE ARAUCARIA,CURITIBA,2a RS METROPOLITANA,MACRORREGIONAL LESTE,24,VSR,1
HOSPITAL MUNICIPAL DE ARAUCARIA,ARAUCARIA,2a RS METROPOLITANA,MACRORREGIONAL LESTE,25,Adenovírus,2
HOSPITAL MUNICIPAL DE ARAUCARIA,ARAUCARIA,2a RS METROPOLITANA,MACRORREGIONAL LESTE,25,Covid-19,1
HOSPITAL MUNICIPAL DE ARAUCARIA,ARAUCARIA,2a RS METROPOLITANA,MACRORREGIONAL LESTE,25,Influenza,1
HOSPITAL MUNICIPAL DE ARAUCARIA,CURITIBA,2a RS METROPOLITANA,MACRORREGIONAL LESTE,25,Influenza,1
HOSPITAL MUNICIPAL DE ARAUCARIA,ARAUCARIA,2a RS METROPOLITANA,MACRORREGIONAL LESTE,25,Rinovírus,1
HOSPITAL MUNICIPAL DE ARAUCARIA,CURITIBA,2a RS METROPOLITANA,MACRORREGIONAL LESTE,25,Rinovírus,1
HOSPITAL MUNICIPAL DE ARAUCARIA,ARAUCARIA,2a RS METROPOLITANA,MACRORREGIONAL LESTE,25,VSR,6
HOSPITAL MUNICIPAL DE ARAUCARIA,ARAUCARIA,2a RS METROPOLITANA,MACRORREGIONAL LESTE,26,Adenovírus,1
HOSPITAL MUNICIPAL DE ARAUCARIA,ARAUCARIA,2a RS METROPOLITANA,MACRORREGIONAL LESTE,26,Metapneumovírus,1
HOSPITAL MUNICIPAL DE ARAUCARIA,CURITIBA,2a RS METROPOLITANA,MACRORREGIONAL LESTE,26,Metapneumovírus,1
HOSPITAL MUNICIPAL DE ARAUCARIA,ARAUCARIA,2a RS METROPOLITANA,MACRORREGIONAL LESTE,26,Rinovírus,2
HOSPITAL MUNICIPAL DE ARAUCARIA,ARAUCARIA,2a RS METROPOLITANA,MACRORREGIONAL LESTE,26,VSR,6
HOSPITAL MUNICIPAL DE ARAUCARIA,CONTENDA,2a RS METROPOLITANA,MACRORREGIONAL LESTE,26,VSR,1
HOSPITAL MUNICIPAL DE ARAUCARIA,FAZENDA RIO GRANDE,2a RS METROPOLITANA,MACRORREGIONAL LESTE,26,VSR,1
HOSPITAL MUNICIPAL DE ARAUCARIA,ARAUCARIA,2a RS METROPOLITANA,MACRORREGIONAL LESTE,27,Influenza,2
HOSPITAL MUNICIPAL DE ARAUCARIA,ARAUCARIA,2a RS METROPOLITANA,MACRORREGIONAL LESTE,27,Metapneumovírus,1
HOSPITAL MUNICIPAL DE ARAUCARIA,ARAUCARIA,2a RS METROPOLITANA,MACRORREGIONAL LESTE,27,Rinovírus,2
HOSPITAL MUNICIPAL DE ARAUCARIA,FAZENDA RIO GRANDE,2a RS METROPOLITANA,MACRORREGIONAL LESTE,27,Rinovírus,1
HOSPITAL MUNICIPAL DE ARAUCARIA,ARAUCARIA,2a RS METROPOLITANA,MACRORREGIONAL LESTE,27,VSR,8
HOSPITAL MUNICIPAL DE ARAUCARIA,ARAUCARIA,2a RS METROPOLITANA,MACRORREGIONAL LESTE,28,Influenza,2
HOSPITAL MUNICIPAL DE ARAUCARIA,FAZENDA RIO GRANDE,2a RS METROPOLITANA,MACRORREGIONAL LESTE,28,Influenza,1
HOSPITAL MUNICIPAL DE ARAUCARIA,CURITIBA,2a RS METROPOLITANA,MACRORREGIONAL LESTE,28,Metapneumovírus,1
HOSPITAL MUNICIPAL DE ARAUCARIA,FAZENDA RIO GRANDE,2a RS METROPOLITANA,MACRORREGIONAL LESTE,28,Rinovírus,1
HOSPITAL MUNICIPAL DE ARAUCARIA,ALMIRANTE TAMANDARE,2a RS METROPOLITANA,MACRORREGIONAL LESTE,28,VSR,1
HOSPITAL MUNICIPAL DE ARAUCARIA,ARAUCARIA,2a RS METROPOLITANA,MACRORREGIONAL LESTE,28,VSR,7
HOSPITAL MUNICIPAL DE ARAUCARIA,CURITIBA,2a RS METROPOLITANA,MACRORREGIONAL LESTE,28,VSR,3
HOSPITAL MUNICIPAL DE ARAUCARIA,CURITIBA,2a RS METROPOLITANA,MACRORREGIONAL LESTE,29,Influenza,1
HOSPITAL MUNICIPAL DE ARAUCARIA,ARAUCARIA,2a RS METROPOLITANA,MACRORREGIONAL LESTE,29,Metapneumovírus,1
HOSPITAL MUNICIPAL DE ARAUCARIA,ARAUCARIA,2a RS METROPOLITANA,MACRORREGIONAL LESTE,29,Rinovírus,2
HOSPITAL MUNICIPAL DE ARAUCARIA,FAZENDA RIO GRANDE,2a RS METROPOLITANA,MACRORREGIONAL LESTE,29,Rinovírus,1
HOSPITAL MUNICIPAL DE ARAUCARIA,ARAUCARIA,2a RS METROPOLITANA,MACRORREGIONAL LESTE,29,VSR,6
HOSPITAL MUNICIPAL DE ARAUCARIA,CURITIBA,2a RS METROPOLITANA,MACRORREGIONAL LESTE,29,VSR,2
HOSPITAL MUNICIPAL DE ARAUCARIA,LAPA,2a RS METROPOLITANA,MACRORREGIONAL LESTE,29,VSR,1
HOSPITAL MUNICIPAL DE ARAUCARIA,ARAUCARIA,2a RS METROPOLITANA,MACRORREGIONAL LESTE,30,Metapneumovírus,2
HOSPITAL MUNICIPAL DE ARAUCARIA,ARAUCARIA,2a RS METROPOLITANA,MACRORREGIONAL LESTE,30,Rinovírus,1
HOSPITAL MUNICIPAL DE ARAUCARIA,ARAUCARIA,2a RS METROPOLITANA,MACRORREGIONAL LESTE,30,VSR,4
HOSPITAL MUNICIPAL DE ARAUCARIA,CONTENDA,2a RS METROPOLITANA,MACRORREGIONAL LESTE,30,VSR,1
HOSPITAL MUNICIPAL DE ARAUCARIA,FAZENDA RIO GRANDE,2a RS METROPOLITANA,MACRORREGIONAL LESTE,30,VSR,1
HOSPITAL MUNICIPAL DE ARAUCARIA,CURITIBA,2a RS METROPOLITANA,MACRORREGIONAL LESTE,31,Rinovírus,1
HOSPITAL MUNICIPAL DE ARAUCARIA,ARAUCARIA,2a RS METROPOLITANA,MACRORREGIONAL LESTE,31,VSR,1
HOSPITAL MUNICIPAL DE ARAUCARIA,ARAUCARIA,2a RS METROPOLITANA,MACRORREGIONAL LESTE,32,Adenovírus,1
HOSPITAL MUNICIPAL DE ARAUCARIA,ARAUCARIA,2a RS METROPOLITANA,MACRORREGIONAL LESTE,32,Metapneumovírus,1
HOSPITAL MUNICIPAL DE ARAUCARIA,LAPA,2a RS METROPOLITANA,MACRORREGIONAL LESTE,32,Metapneumovírus,1
HOSPITAL MUNICIPAL DE ARAUCARIA,ARAUCARIA,2a RS METROPOLITANA,MACRORREGIONAL LESTE,32,Rinovírus,1
HOSPITAL MUNICIPAL DE ARAUCARIA,LAPA,2a RS METROPOLITANA,MACRORREGIONAL LESTE,32,Rinovírus,1
HOSPITAL MUNICIPAL DE ARAUCARIA,ARAUCARIA,2a RS METROPOLITANA,MACRORREGIONAL LESTE,32,VSR,1
HOSPITAL MUNICIPAL DE ARAUCARIA,ARAUCARIA,2a RS METROPOLITANA,MACRORREGIONAL LESTE,33,Rinovírus,2
HOSPITAL MUNICIPAL DE ARAUCARIA,ARAUCARIA,2a RS METROPOLITANA,MACRORREGIONAL LESTE,34,Metapneumovírus,2
HOSPITAL MUNICIPAL DE ARAUCARIA,ARAUCARIA,2a RS METROPOLITANA,MACRORREGIONAL LESTE,34,Rinovírus,2
HOSPITAL MUNICIPAL DE ARAUCARIA,ARAUCARIA,2a RS METROPOLITANA,MACRORREGIONAL LESTE,35,Rinovírus,1
HOSPITAL MUNICIPAL DE ARAUCARIA,CONTENDA,2a RS METROPOLITANA,MACRORREGIONAL LESTE,35,Rinovírus,1
HOSPITAL MUNICIPAL DE ARAUCARIA,ARAUCARIA,2a RS METROPOLITANA,MACRORREGIONAL LESTE,36,Rinovírus,1
HOSPITAL MUNICIPAL DE ARAUCARIA,CURITIBA,2a RS METROPOLITANA,MACRORREGIONAL LESTE,36,VSR,1
HOSPITAL ONIX,CURITIBA,2a RS METROPOLITANA,MACRORREGIONAL LESTE,3,Influenza,1
HOSPITAL ONIX,CURITIBA,2a RS METROPOLITANA,MACRORREGIONAL LESTE,4,Rinovírus,1
HOSPITAL ONIX,SAO JOSE DOS PINHAIS,2a RS METROPOLITANA,MACRORREGIONAL LESTE,4,Rinovírus,1
HOSPITAL ONIX,CURITIBA,2a RS METROPOLITANA,MACRORREGIONAL LESTE,6,Rinovírus,1
HOSPITAL ONIX,CURITIBA,2a RS METROPOLITANA,MACRORREGIONAL LESTE,9,Rinovírus,1
HOSPITAL ONIX,FAZENDA RIO GRANDE,2a RS METROPOLITANA,MACRORREGIONAL LESTE,9,Rinovírus,1
HOSPITAL ONIX,CURITIBA,2a RS METROPOLITANA,MACRORREGIONAL LESTE,10,Influenza,1
HOSPITAL ONIX,COLOMBO,2a RS METROPOLITANA,MACRORREGIONAL LESTE,10,Rinovírus,1
HOSPITAL ONIX,CURITIBA,2a RS METROPOLITANA,MACRORREGIONAL LESTE,10,Rinovírus,8
HOSPITAL ONIX,FAZENDA RIO GRANDE,2a RS METROPOLITANA,MACRORREGIONAL LESTE,10,Rinovírus,1
HOSPITAL ONIX,PINHAIS,2a RS METROPOLITANA,MACRORREGIONAL LESTE,10,Rinovírus,1
HOSPITAL ONIX,ALMIRANTE TAMANDARE,2a RS METROPOLITANA,MACRORREGIONAL LESTE,11,Rinovírus,1
HOSPITAL ONIX,CURITIBA,2a RS METROPOLITANA,MACRORREGIONAL LESTE,11,Rinovírus,4
HOSPITAL ONIX,CURITIBA,2a RS METROPOLITANA,MACRORREGIONAL LESTE,12,Rinovírus,1
HOSPITAL ONIX,COLOMBO,2a RS METROPOLITANA,MACRORREGIONAL LESTE,13,Rinovírus,1
HOSPITAL ONIX,CURITIBA,2a RS METROPOLITANA,MACRORREGIONAL LESTE,14,Influenza,1
HOSPITAL ONIX,CURITIBA,2a RS METROPOLITANA,MACRORREGIONAL LESTE,14,Metapneumovírus,1
HOSPITAL ONIX,CURITIBA,2a RS METROPOLITANA,MACRORREGIONAL LESTE,14,Rinovírus,1
HOSPITAL ONIX,CURITIBA,2a RS METROPOLITANA,MACRORREGIONAL LESTE,14,VSR,1
HOSPITAL ONIX,CURITIBA,2a RS METROPOLITANA,MACRORREGIONAL LESTE,15,Influenza,1
HOSPITAL ONIX,CURITIBA,2a RS METROPOLITANA,MACRORREGIONAL LESTE,15,VSR,1
HOSPITAL ONIX,CURITIBA,2a RS METROPOLITANA,MACRORREGIONAL LESTE,16,Influenza,1
HOSPITAL ONIX,SAO JOSE DOS PINHAIS,2a RS METROPOLITANA,MACRORREGIONAL LESTE,16,Influenza,1
HOSPITAL ONIX,COLOMBO,2a RS METROPOLITANA,MACRORREGIONAL LESTE,16,Rinovírus,2
HOSPITAL ONIX,CURITIBA,2a RS METROPOLITANA,MACRORREGIONAL LESTE,16,Rinovírus,1
HOSPITAL ONIX,FAZENDA RIO GRANDE,2a RS METROPOLITANA,MACRORREGIONAL LESTE,16,Rinovírus,1
HOSPITAL ONIX,SAO JOSE DOS PINHAIS,2a RS METROPOLITANA,MACRORREGIONAL LESTE,16,Rinovírus,1
HOSPITAL ONIX,CURITIBA,2a RS METROPOLITANA,MACRORREGIONAL LESTE,17,Influenza,1
HOSPITAL ONIX,CURITIBA,2a RS METROPOLITANA,MACRORREGIONAL LESTE,17,Rinovírus,3
HOSPITAL ONIX,FAZENDA RIO GRANDE,2a RS METROPOLITANA,MACRORREGIONAL LESTE,17,Rinovírus,1
HOSPITAL ONIX,COLOMBO,2a RS METROPOLITANA,MACRORREGIONAL LESTE,17,VSR,2
HOSPITAL ONIX,CURITIBA,2a RS METROPOLITANA,MACRORREGIONAL LESTE,17,VSR,2
HOSPITAL ONIX,ALMIRANTE TAMANDARE,2a RS METROPOLITANA,MACRORREGIONAL LESTE,18,Influenza,1
HOSPITAL ONIX,CURITIBA,2a RS METROPOLITANA,MACRORREGIONAL LESTE,18,Influenza,2
HOSPITAL ONIX,ALMIRANTE TAMANDARE,2a RS METROPOLITANA,MACRORREGIONAL LESTE,18,Rinovírus,1
HOSPITAL ONIX,CURITIBA,2a RS METROPOLITANA,MACRORREGIONAL LESTE,18,Rinovírus,2
HOSPITAL ONIX,PIRAQUARA,2a RS METROPOLITANA,MACRORREGIONAL LESTE,18,Rinovírus,1
HOSPITAL ONIX,CURITIBA,2a RS METROPOLITANA,MACRORREGIONAL LESTE,19,Influenza,1
HOSPITAL ONIX,CURITIBA,2a RS METROPOLITANA,MACRORREGIONAL LESTE,19,Rinovírus,1
HOSPITAL ONIX,QUITANDINHA,2a RS METROPOLITANA,MACRORREGIONAL LESTE,19,Rinovírus,1
HOSPITAL ONIX,CURITIBA,2a RS METROPOLITANA,MACRORREGIONAL LESTE,19,VSR,1
HOSPITAL ONIX,COLOMBO,2a RS METROPOLITANA,MACRORREGIONAL LESTE,20,Rinovírus,1
HOSPITAL ONIX,CURITIBA,2a RS METROPOLITANA,MACRORREGIONAL LESTE,20,Rinovírus,2
HOSPITAL ONIX,SAO JOSE DOS PINHAIS,2a RS METROPOLITANA,MACRORREGIONAL LESTE,20,Rinovírus,1
HOSPITAL ONIX,CURITIBA,2a RS METROPOLITANA,MACRORREGIONAL LESTE,21,Influenza,1
HOSPITAL ONIX,PIRAQUARA,2a RS METROPOLITANA,MACRORREGIONAL LESTE,21,Influenza,1
HOSPITAL ONIX,CURITIBA,2a RS METROPOLITANA,MACRORREGIONAL LESTE,21,VSR,1
HOSPITAL ONIX,CAMPO LARGO,2a RS METROPOLITANA,MACRORREGIONAL LESTE,22,Influenza,1
HOSPITAL ONIX,CURITIBA,2a RS METROPOLITANA,MACRORREGIONAL LESTE,22,Influenza,1
HOSPITAL ONIX,CURITIBA,2a RS METROPOLITANA,MACRORREGIONAL LESTE,22,VSR,2
HOSPITAL ONIX,PINHAIS,2a RS METROPOLITANA,MACRORREGIONAL LESTE,22,VSR,1
HOSPITAL ONIX,SAO JOSE DOS PINHAIS,2a RS METROPOLITANA,MACRORREGIONAL LESTE,22,VSR,1
HOSPITAL ONIX,COLOMBO,2a RS METROPOLITANA,MACRORREGIONAL LESTE,23,Influenza,1
HOSPITAL ONIX,CURITIBA,2a RS METROPOLITANA,MACRORREGIONAL LESTE,23,Influenza,2
HOSPITAL ONIX,CURITIBA,2a RS METROPOLITANA,MACRORREGIONAL LESTE,23,VSR,3
HOSPITAL ONIX,PINHAIS,2a RS METROPOLITANA,MACRORREGIONAL LESTE,23,VSR,1
HOSPITAL ONIX,PIRAQUARA,2a RS METROPOLITANA,MACRORREGIONAL LESTE,23,VSR,1
HOSPITAL ONIX,CURITIBA,2a RS METROPOLITANA,MACRORREGIONAL LESTE,24,Adenovírus,1
HOSPITAL ONIX,CURITIBA,2a RS METROPOLITANA,MACRORREGIONAL LESTE,24,Influenza,1
HOSPITAL ONIX,CAMPO LARGO,2a RS METROPOLITANA,MACRORREGIONAL LESTE,24,VSR,1
HOSPITAL ONIX,COLOMBO,2a RS METROPOLITANA,MACRORREGIONAL LESTE,24,VSR,2
HOSPITAL ONIX,CURITIBA,2a RS METROPOLITANA,MACRORREGIONAL LESTE,24,VSR,9
HOSPITAL ONIX,PINHAIS,2a RS METROPOLITANA,MACRORREGIONAL LESTE,24,VSR,2
HOSPITAL ONIX,CURITIBA,2a RS METROPOLITANA,MACRORREGIONAL LESTE,26,Adenovírus,1
HOSPITAL ONIX,FAZENDA RIO GRANDE,2a RS METROPOLITANA,MACRORREGIONAL LESTE,26,Adenovírus,1
HOSPITAL ONIX,CURITIBA,2a RS METROPOLITANA,MACRORREGIONAL LESTE,26,Influenza,2
HOSPITAL ONIX,COLOMBO,2a RS METROPOLITANA,MACRORREGIONAL LESTE,26,VSR,1
HOSPITAL ONIX,CURITIBA,2a RS METROPOLITANA,MACRORREGIONAL LESTE,26,VSR,6
HOSPITAL ONIX,FAZENDA RIO GRANDE,2a RS METROPOLITANA,MACRORREGIONAL LESTE,26,VSR,2
HOSPITAL ONIX,PINHAIS,2a RS METROPOLITANA,MACRORREGIONAL LESTE,26,VSR,2
HOSPITAL ONIX,PIRAQUARA,2a RS METROPOLITANA,MACRORREGIONAL LESTE,26,VSR,3
HOSPITAL ONIX,SAO JOSE DOS PINHAIS,2a RS METROPOLITANA,MACRORREGIONAL LESTE,26,VSR,2
HOSPITAL ONIX,CURITIBA,2a RS METROPOLITANA,MACRORREGIONAL LESTE,27,Influenza,1
HOSPITAL ONIX,SAO JOSE DOS PINHAIS,2a RS METROPOLITANA,MACRORREGIONAL LESTE,27,Rinovírus,1
HOSPITAL ONIX,ALMIRANTE TAMANDARE,2a RS METROPOLITANA,MACRORREGIONAL LESTE,27,VSR,1
HOSPITAL ONIX,CURITIBA,2a RS METROPOLITANA,MACRORREGIONAL LESTE,27,VSR,6
HOSPITAL ONIX,SAO JOSE DOS PINHAIS,2a RS METROPOLITANA,MACRORREGIONAL LESTE,27,VSR,2
HOSPITAL ONIX,CURITIBA,2a RS METROPOLITANA,MACRORREGIONAL LESTE,28,Rinovírus,3
HOSPITAL ONIX,SAO JOSE DOS PINHAIS,2a RS METROPOLITANA,MACRORREGIONAL LESTE,28,Rinovírus,1
HOSPITAL ONIX,CAMPO LARGO,2a RS METROPOLITANA,MACRORREGIONAL LESTE,28,VSR,2
HOSPITAL ONIX,COLOMBO,2a RS METROPOLITANA,MACRORREGIONAL LESTE,28,VSR,2
HOSPITAL ONIX,CURITIBA,2a RS METROPOLITANA,MACRORREGIONAL LESTE,28,VSR,7
HOSPITAL ONIX,SAO JOSE DOS PINHAIS,2a RS METROPOLITANA,MACRORREGIONAL LESTE,28,VSR,1
HOSPITAL ONIX,PIRAQUARA,2a RS METROPOLITANA,MACRORREGIONAL LESTE,29,Adenovírus,1
HOSPITAL ONIX,CURITIBA,2a RS METROPOLITANA,MACRORREGIONAL LESTE,29,Rinovírus,2
HOSPITAL ONIX,CURITIBA,2a RS METROPOLITANA,MACRORREGIONAL LESTE,29,VSR,1
HOSPITAL ONIX,PIRAQUARA,2a RS METROPOLITANA,MACRORREGIONAL LESTE,29,VSR,1
HOSPITAL ONIX,PINHAIS,2a RS METROPOLITANA,MACRORREGIONAL LESTE,30,Influenza,1
HOSPITAL ONIX,COLOMBO,2a RS METROPOLITANA,MACRORREGIONAL LESTE,30,VSR,1
HOSPITAL ONIX,CURITIBA,2a RS METROPOLITANA,MACRORREGIONAL LESTE,30,VSR,1
HOSPITAL ONIX,SAO JOSE DOS PINHAIS,2a RS METROPOLITANA,MACRORREGIONAL LESTE,30,VSR,1
HOSPITAL ONIX,PIRAQUARA,2a RS METROPOLITANA,MACRORREGIONAL LESTE,31,Rinovírus,1
HOSPITAL ONIX,FAZENDA RIO GRANDE,2a RS METROPOLITANA,MACRORREGIONAL LESTE,31,VSR,1
HOSPITAL ONIX,ALMIRANTE TAMANDARE,2a RS METROPOLITANA,MACRORREGIONAL LESTE,32,Rinovírus,1
HOSPITAL ONIX,CURITIBA,2a RS METROPOLITANA,MACRORREGIONAL LESTE,32,Rinovírus,1
HOSPITAL ONIX,CAMPO LARGO,2a RS METROPOLITANA,MACRORREGIONAL LESTE,32,VSR,1
HOSPITAL ONIX,CURITIBA,2a RS METROPOLITANA,MACRORREGIONAL LESTE,32,VSR,1
HOSPITAL ONIX,ARAUCARIA,2a RS METROPOLITANA,MACRORREGIONAL LESTE,33,Metapneumovírus,1
HOSPITAL ONIX,FAZENDA RIO GRANDE,2a RS METROPOLITANA,MACRORREGIONAL LESTE,33,Metapneumovírus,1
HOSPITAL ONIX,CURITIBA,2a RS METROPOLITANA,MACRORREGIONAL LESTE,33,Rinovírus,1
HOSPITAL ONIX,SAO JOSE DOS PINHAIS,2a RS METROPOLITANA,MACRORREGIONAL LESTE,33,VSR,1
HOSPITAL ONIX,CURITIBA,2a RS METROPOLITANA,MACRORREGIONAL LESTE,34,Adenovírus,1
HOSPITAL ONIX,CURITIBA,2a RS METROPOLITANA,MACRORREGIONAL LESTE,34,Metapneumovírus,1
HOSPITAL ONIX,CURITIBA,2a RS METROPOLITANA,MACRORREGIONAL LESTE,34,VSR,1
HOSPITAL ONIX,FAZENDA RIO GRANDE,2a RS METROPOLITANA,MACRORREGIONAL LESTE,35,Adenovírus,1
HOSPITAL ONIX,CURITIBA,2a RS METROPOLITANA,MACRORREGIONAL LESTE,35,Metapneumovírus,1
HOSPITAL ONIX,ALMIRANTE TAMANDARE,2a RS METROPOLITANA,MACRORREGIONAL LESTE,35,Rinovírus,1
HOSPITAL ONIX,CAMPO LARGO,2a RS METROPOLITANA,MACRORREGIONAL LESTE,35,Rinovírus,1
HOSPITAL ONIX,CURITIBA,2a RS METROPOLITANA,MACRORREGIONAL LESTE,35,Rinovírus,1
HOSPITAL ONIX,ITAPERUCU,2a RS METROPOLITANA,MACRORREGIONAL LESTE,36,Metapneumovírus,1
HOSPITAL ONIX,PIRAQUARA,2a RS METROPOLITANA,MACRORREGIONAL LESTE,36,Metapneumovírus,1
HOSPITAL ONIX,ALMIRANTE TAMANDARE,2a RS METROPOLITANA,MACRORREGIONAL LESTE,36,Rinovírus,1
HOSPITAL PILAR,CURITIBA,2a RS METROPOLITANA,MACRORREGIONAL LESTE,2,Influenza,1
HOSPITAL PILAR,CURITIBA,2a RS METROPOLITANA,MACRORREGIONAL LESTE,4,Covid-19,1
HOSPITAL PILAR,CURITIBA,2a RS METROPOLITANA,MACRORREGIONAL LESTE,7,Influenza,1
HOSPITAL PILAR,ALMIRANTE TAMANDARE,2a RS METROPOLITANA,MACRORREGIONAL LESTE,9,Covid-19,1
HOSPITAL PILAR,CURITIBA,2a RS METROPOLITANA,MACRORREGIONAL LESTE,9,Covid-19,1
HOSPITAL PILAR,CURITIBA,2a RS METROPOLITANA,MACRORREGIONAL LESTE,10,Influenza,1
HOSPITAL PILAR,CURITIBA,2a RS METROPOLITANA,MACRORREGIONAL LESTE,12,Influenza,1
HOSPITAL PILAR,CURITIBA,2a RS METROPOLITANA,MACRORREGIONAL LESTE,13,Covid-19,1
HOSPITAL PILAR,CURITIBA,2a RS METROPOLITANA,MACRORREGIONAL LESTE,13,Influenza,2
HOSPITAL PILAR,CAMPO LARGO,2a RS METROPOLITANA,MACRORREGIONAL LESTE,14,Influenza,1
HOSPITAL PILAR,CURITIBA,2a RS METROPOLITANA,MACRORREGIONAL LESTE,14,Influenza,2
HOSPITAL PILAR,ALMIRANTE TAMANDARE,2a RS METROPOLITANA,MACRORREGIONAL LESTE,15,Influenza,1
HOSPITAL PILAR,CURITIBA,2a RS METROPOLITANA,MACRORREGIONAL LESTE,15,Influenza,1
HOSPITAL PILAR,CURITIBA,2a RS METROPOLITANA,MACRORREGIONAL LESTE,16,Influenza,1
HOSPITAL PILAR,SAO JOSE DOS PINHAIS,2a RS METROPOLITANA,MACRORREGIONAL LESTE,16,Influenza,1
HOSPITAL PILAR,CURITIBA,2a RS METROPOLITANA,MACRORREGIONAL LESTE,17,Influenza,1
HOSPITAL PILAR,MANDIRITUBA,2a RS METROPOLITANA,MACRORREGIONAL LESTE,17,Influenza,1
HOSPITAL PILAR,CURITIBA,2a RS METROPOLITANA,MACRORREGIONAL LESTE,19,Influenza,2
HOSPITAL PILAR,MANDIRITUBA,2a RS METROPOLITANA,MACRORREGIONAL LESTE,20,Influenza,1
HOSPITAL PILAR,CURITIBA,2a RS METROPOLITANA,MACRORREGIONAL LESTE,21,Influenza,1
HOSPITAL PILAR,CURITIBA,2a RS METROPOLITANA,MACRORREGIONAL LESTE,22,Influenza,2
HOSPITAL PILAR,ALMIRANTE TAMANDARE,2a RS METROPOLITANA,MACRORREGIONAL LESTE,23,Influenza,1
HOSPITAL PILAR,COLOMBO,2a RS METROPOLITANA,MACRORREGIONAL LESTE,23,Influenza,1
HOSPITAL PILAR,CURITIBA,2a RS METROPOLITANA,MACRORREGIONAL LESTE,23,Influenza,2
HOSPITAL PILAR,CURITIBA,2a RS METROPOLITANA,MACRORREGIONAL LESTE,24,Influenza,1
HOSPITAL PILAR,CURITIBA,2a RS METROPOLITANA,MACRORREGIONAL LESTE,26,Influenza,2
HOSPITAL PILAR,CURITIBA,2a RS METROPOLITANA,MACRORREGIONAL LESTE,27,Influenza,1
HOSPITAL PILAR,CURITIBA,2a RS METROPOLITANA,MACRORREGIONAL LESTE,28,Influenza,2
HOSPITAL PILAR,CURITIBA,2a RS METROPOLITANA,MACRORREGIONAL LESTE,32,VSR,1
HOSPITAL PILAR,CURITIBA,2a RS METROPOLITANA,MACRORREGIONAL LESTE,34,Influenza,1
HOSPITAL REGIONAL DA LAPA SAO SEBASTIAO,ALMIRANTE TAMANDARE,2a RS METROPOLITANA,MACRORREGIONAL LESTE,11,Adenovírus,1
HOSPITAL REGIONAL DA LAPA SAO SEBASTIAO,ALMIRANTE TAMANDARE,2a RS METROPOLITANA,MACRORREGIONAL LESTE,11,Covid-19,1
HOSPITAL REGIONAL DA LAPA SAO SEBASTIAO,SAO JOSE DOS PINHAIS,2a RS METROPOLITANA,MACRORREGIONAL LESTE,14,Influenza,1
HOSPITAL REGIONAL DA LAPA SAO SEBASTIAO,LAPA,2a RS METROPOLITANA,MACRORREGIONAL LESTE,16,Influenza,1
HOSPITAL REGIONAL DA LAPA SAO SEBASTIAO,LAPA,2a RS METROPOLITANA,MACRORREGIONAL LESTE,16,VSR,1
HOSPITAL REGIONAL DA LAPA SAO SEBASTIAO,LAPA,2a RS METROPOLITANA,MACRORREGIONAL LESTE,17,Influenza,1
HOSPITAL REGIONAL DA LAPA SAO SEBASTIAO,PINHAIS,2a RS METROPOLITANA,MACRORREGIONAL LESTE,27,Influenza,1
HOSPITAL REGIONAL DO LITORAL,ALMIRANTE TAMANDARE,2a RS METROPOLITANA,MACRORREGIONAL LESTE,7,Rinovírus,1
HOSPITAL SANTA CASA DE CURITIBA,CURITIBA,2a RS METROPOLITANA,MACRORREGIONAL LESTE,11,Covid-19,1
HOSPITAL SANTA CASA DE CURITIBA,CURITIBA,2a RS METROPOLITANA,MACRORREGIONAL LESTE,11,Rinovírus,2
HOSPITAL SANTA CASA DE CURITIBA,SAO JOSE DOS PINHAIS,2a RS METROPOLITANA,MACRORREGIONAL LESTE,14,Covid-19,1
HOSPITAL SANTA CASA DE CURITIBA,CURITIBA,2a RS METROPOLITANA,MACRORREGIONAL LESTE,15,Rinovírus,1
HOSPITAL SANTA CASA DE CURITIBA,SAO JOSE DOS PINHAIS,2a RS METROPOLITANA,MACRORREGIONAL LESTE,17,Influenza,1
HOSPITAL SANTA CASA DE CURITIBA,COLOMBO,2a RS METROPOLITANA,MACRORREGIONAL LESTE,24,Influenza,1
HOSPITAL SANTA CASA DE CURITIBA,CURITIBA,2a RS METROPOLITANA,MACRORREGIONAL LESTE,25,Rinovírus,1
HOSPITAL SANTA CASA DE CURITIBA,CURITIBA,2a RS METROPOLITANA,MACRORREGIONAL LESTE,26,Adenovírus,1
HOSPITAL SANTA CASA DE CURITIBA,CURITIBA,2a RS METROPOLITANA,MACRORREGIONAL LESTE,27,Influenza,1
HOSPITAL SANTA CASA DE CURITIBA,CURITIBA,2a RS METROPOLITANA,MACRORREGIONAL LESTE,28,VSR,1
HOSPITAL SANTA CASA DE CURITIBA,CURITIBA,2a RS METROPOLITANA,MACRORREGIONAL LESTE,30,VSR,1
HOSPITAL SANTA CASA DE CURITIBA,PIRAQUARA,2a RS METROPOLITANA,MACRORREGIONAL LESTE,31,Influenza,1
HOSPITAL SANTA CASA DE CURITIBA,CURITIBA,2a RS METROPOLITANA,MACRORREGIONAL LESTE,31,VSR,1
HOSPITAL SANTA CASA DE CURITIBA,PIRAQUARA,2a RS METROPOLITANA,MACRORREGIONAL LESTE,31,VSR,1
HOSPITAL SANTA CASA DE CURITIBA,CURITIBA,2a RS METROPOLITANA,MACRORREGIONAL LESTE,35,Metapneumovírus,1
HOSPITAL SANTA CRUZ,CURITIBA,2a RS METROPOLITANA,MACRORREGIONAL LESTE,4,Metapneumovírus,1
HOSPITAL SANTA CRUZ,SAO JOSE DOS PINHAIS,2a RS METROPOLITANA,MACRORREGIONAL LESTE,5,Covid-19,1
HOSPITAL SANTA CRUZ,CURITIBA,2a RS METROPOLITANA,MACRORREGIONAL LESTE,5,Influenza,1
HOSPITAL SANTA CRUZ,CURITIBA,2a RS METROPOLITANA,MACRORREGIONAL LESTE,6,Covid-19,1
HOSPITAL SANTA CRUZ,CURITIBA,2a RS METROPOLITANA,MACRORREGIONAL LESTE,7,Covid-19,1
HOSPITAL SANTA CRUZ,CURITIBA,2a RS METROPOLITANA,MACRORREGIONAL LESTE,7,Influenza,1
HOSPITAL SANTA CRUZ,CURITIBA,2a RS METROPOLITANA,MACRORREGIONAL LESTE,9,Covid-19,1
HOSPITAL SANTA CRUZ,COLOMBO,2a RS METROPOLITANA,MACRORREGIONAL LESTE,10,Influenza,1
HOSPITAL SANTA CRUZ,CURITIBA,2a RS METROPOLITANA,MACRORREGIONAL LESTE,10,VSR,1
HOSPITAL SANTA CRUZ,CURITIBA,2a RS METROPOLITANA,MACRORREGIONAL LESTE,11,Influenza,1
HOSPITAL SANTA CRUZ,LAPA,2a RS METROPOLITANA,MACRORREGIONAL LESTE,11,Influenza,1
HOSPITAL SANTA CRUZ,CURITIBA,2a RS METROPOLITANA,MACRORREGIONAL LESTE,12,Covid-19,1
HOSPITAL SANTA CRUZ,COLOMBO,2a RS METROPOLITANA,MACRORREGIONAL LESTE,12,Influenza,1
HOSPITAL SANTA CRUZ,CURITIBA,2a RS METROPOLITANA,MACRORREGIONAL LESTE,12,Influenza,4
HOSPITAL SANTA CRUZ,CURITIBA,2a RS METROPOLITANA,MACRORREGIONAL LESTE,12,Rinovírus,3
HOSPITAL SANTA CRUZ,COLOMBO,2a RS METROPOLITANA,MACRORREGIONAL LESTE,13,Influenza,1
HOSPITAL SANTA CRUZ,CURITIBA,2a RS METROPOLITANA,MACRORREGIONAL LESTE,13,Influenza,1
HOSPITAL SANTA CRUZ,ARAUCARIA,2a RS METROPOLITANA,MACRORREGIONAL LESTE,14,Influenza,1
HOSPITAL SANTA CRUZ,CAMPO LARGO,2a RS METROPOLITANA,MACRORREGIONAL LESTE,14,Influenza,1
HOSPITAL SANTA CRUZ,CURITIBA,2a RS METROPOLITANA,MACRORREGIONAL LESTE,14,Influenza,1
HOSPITAL SANTA CRUZ,CURITIBA,2a RS METROPOLITANA,MACRORREGIONAL LESTE,15,Covid-19,1
HOSPITAL SANTA CRUZ,CURITIBA,2a RS METROPOLITANA,MACRORREGIONAL LESTE,15,Influenza,3
HOSPITAL SANTA CRUZ,CURITIBA,2a RS METROPOLITANA,MACRORREGIONAL LESTE,15,Rinovírus,1
HOSPITAL SANTA CRUZ,CURITIBA,2a RS METROPOLITANA,MACRORREGIONAL LESTE,15,VSR,2
HOSPITAL SANTA CRUZ,CURITIBA,2a RS METROPOLITANA,MACRORREGIONAL LESTE,16,Covid-19,1
HOSPITAL SANTA CRUZ,CAMPINA GRANDE DO SUL,2a RS METROPOLITANA,MACRORREGIONAL LESTE,16,Influenza,1
HOSPITAL SANTA CRUZ,CURITIBA,2a RS METROPOLITANA,MACRORREGIONAL LESTE,16,Influenza,6
HOSPITAL SANTA CRUZ,FAZENDA RIO GRANDE,2a RS METROPOLITANA,MACRORREGIONAL LESTE,16,Influenza,1
HOSPITAL SANTA CRUZ,ITAPERUCU,2a RS METROPOLITANA,MACRORREGIONAL LESTE,16,VSR,1
HOSPITAL SANTA CRUZ,CURITIBA,2a RS METROPOLITANA,MACRORREGIONAL LESTE,17,Influenza,5
HOSPITAL SANTA CRUZ,ARAUCARIA,2a RS METROPOLITANA,MACRORREGIONAL LESTE,17,Rinovírus,1
HOSPITAL SANTA CRUZ,CURITIBA,2a RS METROPOLITANA,MACRORREGIONAL LESTE,17,VSR,1
HOSPITAL SANTA CRUZ,CURITIBA,2a RS METROPOLITANA,MACRORREGIONAL LESTE,18,Influenza,1
HOSPITAL SANTA CRUZ,CURITIBA,2a RS METROPOLITANA,MACRORREGIONAL LESTE,19,VSR,1
HOSPITAL SANTA CRUZ,CURITIBA,2a RS METROPOLITANA,MACRORREGIONAL LESTE,20,Influenza,2
HOSPITAL SANTA CRUZ,COLOMBO,2a RS METROPOLITANA,MACRORREGIONAL LESTE,20,Rinovírus,1
HOSPITAL SANTA CRUZ,CAMPO LARGO,2a RS METROPOLITANA,MACRORREGIONAL LESTE,21,Influenza,1
HOSPITAL SANTA CRUZ,CURITIBA,2a RS METROPOLITANA,MACRORREGIONAL LESTE,21,Influenza,9
HOSPITAL SANTA CRUZ,SAO JOSE DOS PINHAIS,2a RS METROPOLITANA,MACRORREGIONAL LESTE,21,Influenza,2
HOSPITAL SANTA CRUZ,CAMPO LARGO,2a RS METROPOLITANA,MACRORREGIONAL LESTE,21,VSR,1
HOSPITAL SANTA CRUZ,CURITIBA,2a RS METROPOLITANA,MACRORREGIONAL LESTE,21,VSR,3
HOSPITAL SANTA CRUZ,ARAUCARIA,2a RS METROPOLITANA,MACRORREGIONAL LESTE,22,Influenza,1
HOSPITAL SANTA CRUZ,COLOMBO,2a RS METROPOLITANA,MACRORREGIONAL LESTE,22,Influenza,1
HOSPITAL SANTA CRUZ,CURITIBA,2a RS METROPOLITANA,MACRORREGIONAL LESTE,22,Influenza,4
HOSPITAL SANTA CRUZ,SAO JOSE DOS PINHAIS,2a RS METROPOLITANA,MACRORREGIONAL LESTE,22,Influenza,1
HOSPITAL SANTA CRUZ,CAMPO LARGO,2a RS METROPOLITANA,MACRORREGIONAL LESTE,22,VSR,1
HOSPITAL SANTA CRUZ,CURITIBA,2a RS METROPOLITANA,MACRORREGIONAL LESTE,22,VSR,2
HOSPITAL SANTA CRUZ,FAZENDA RIO GRANDE,2a RS METROPOLITANA,MACRORREGIONAL LESTE,22,VSR,1
HOSPITAL SANTA CRUZ,CURITIBA,2a RS METROPOLITANA,MACRORREGIONAL LESTE,23,Influenza,5
HOSPITAL SANTA CRUZ,FAZENDA RIO GRANDE,2a RS METROPOLITANA,MACRORREGIONAL LESTE,23,Influenza,3
HOSPITAL SANTA CRUZ,SAO JOSE DOS PINHAIS,2a RS METROPOLITANA,MACRORREGIONAL LESTE,23,Influenza,1
HOSPITAL SANTA CRUZ,CURITIBA,2a RS METROPOLITANA,MACRORREGIONAL LESTE,23,VSR,7
HOSPITAL SANTA CRUZ,SAO JOSE DOS PINHAIS,2a RS METROPOLITANA,MACRORREGIONAL LESTE,23,VSR,1
HOSPITAL SANTA CRUZ,CAMPINA GRANDE DO SUL,2a RS METROPOLITANA,MACRORREGIONAL LESTE,24,Influenza,1
HOSPITAL SANTA CRUZ,CURITIBA,2a RS METROPOLITANA,MACRORREGIONAL LESTE,24,Influenza,3
HOSPITAL SANTA CRUZ,ALMIRANTE TAMANDARE,2a RS METROPOLITANA,MACRORREGIONAL LESTE,24,VSR,1
HOSPITAL SANTA CRUZ,CAMPO LARGO,2a RS METROPOLITANA,MACRORREGIONAL LESTE,24,VSR,1
HOSPITAL SANTA CRUZ,COLOMBO,2a RS METROPOLITANA,MACRORREGIONAL LESTE,24,VSR,1
HOSPITAL SANTA CRUZ,CURITIBA,2a RS METROPOLITANA,MACRORREGIONAL LESTE,24,VSR,9
HOSPITAL SANTA CRUZ,SAO JOSE DOS PINHAIS,2a RS METROPOLITANA,MACRORREGIONAL LESTE,24,VSR,1
HOSPITAL SANTA CRUZ,CURITIBA,2a RS METROPOLITANA,MACRORREGIONAL LESTE,25,Influenza,3
HOSPITAL SANTA CRUZ,CURITIBA,2a RS METROPOLITANA,MACRORREGIONAL LESTE,25,VSR,3
HOSPITAL SANTA CRUZ,CURITIBA,2a RS METROPOLITANA,MACRORREGIONAL LESTE,26,VSR,1
HOSPITAL SANTA CRUZ,ARAUCARIA,2a RS METROPOLITANA,MACRORREGIONAL LESTE,27,Rinovírus,1
HOSPITAL SANTA CRUZ,CURITIBA,2a RS METROPOLITANA,MACRORREGIONAL LESTE,27,VSR,10
HOSPITAL SANTA CRUZ,CURITIBA,2a RS METROPOLITANA,MACRORREGIONAL LESTE,28,Influenza,2
HOSPITAL SANTA CRUZ,ALMIRANTE TAMANDARE,2a RS METROPOLITANA,MACRORREGIONAL LESTE,28,VSR,1
HOSPITAL SANTA CRUZ,COLOMBO,2a RS METROPOLITANA,MACRORREGIONAL LESTE,28,VSR,1
HOSPITAL SANTA CRUZ,CURITIBA,2a RS METROPOLITANA,MACRORREGIONAL LESTE,28,VSR,7
HOSPITAL SANTA CRUZ,FAZENDA RIO GRANDE,2a RS METROPOLITANA,MACRORREGIONAL LESTE,28,VSR,1
HOSPITAL SANTA CRUZ,SAO JOSE DOS PINHAIS,2a RS METROPOLITANA,MACRORREGIONAL LESTE,28,VSR,1
HOSPITAL SANTA CRUZ,CURITIBA,2a RS METROPOLITANA,MACRORREGIONAL LESTE,29,Influenza,1
HOSPITAL SANTA CRUZ,ARAUCARIA,2a RS METROPOLITANA,MACRORREGIONAL LESTE,29,VSR,1
HOSPITAL SANTA CRUZ,CURITIBA,2a RS METROPOLITANA,MACRORREGIONAL LESTE,29,VSR,6
HOSPITAL SANTA CRUZ,PIRAQUARA,2a RS METROPOLITANA,MACRORREGIONAL LESTE,29,VSR,2
HOSPITAL SANTA CRUZ,SAO JOSE DOS PINHAIS,2a RS METROPOLITANA,MACRORREGIONAL LESTE,29,VSR,1
HOSPITAL SANTA CRUZ,COLOMBO,2a RS METROPOLITANA,MACRORREGIONAL LESTE,30,VSR,1
HOSPITAL SANTA CRUZ,PINHAIS,2a RS METROPOLITANA,MACRORREGIONAL LESTE,32,Adenovírus,1
HOSPITAL SANTA CRUZ,CURITIBA,2a RS METROPOLITANA,MACRORREGIONAL LESTE,35,Metapneumovírus,1
HOSPITAL SANTA CRUZ,CURITIBA,2a RS METROPOLITANA,MACRORREGIONAL LESTE,35,Rinovírus,1
HOSPITAL SANTA CRUZ,CURITIBA,2a RS METROPOLITANA,MACRORREGIONAL LESTE,36,Rinovírus,1
HOSPITAL SAO LUCAS,BALSA NOVA,2a RS METROPOLITANA,MACRORREGIONAL LESTE,11,Rinovírus,1
HOSPITAL SAO LUCAS,CURITIBA,2a RS METROPOLITANA,MACRORREGIONAL LESTE,23,Influenza,1
HOSPITAL SAO MARCELINO CHAMPAGNAT,CURITIBA,2a RS METROPOLITANA,MACRORREGIONAL LESTE,3,Covid-19,1
HOSPITAL SAO RAFAEL ARCANJO,CURITIBA,2a RS METROPOLITANA,MACRORREGIONAL LESTE,2,Covid-19,1
HOSPITAL SAO RAFAEL ARCANJO,CURITIBA,2a RS METROPOLITANA,MACRORREGIONAL LESTE,23,Influenza,1
HOSPITAL SAO RAFAEL ARCANJO,FAZENDA RIO GRANDE,2a RS METROPOLITANA,MACRORREGIONAL LESTE,23,Metapneumovírus,1
HOSPITAL SAO RAFAEL ARCANJO,FAZENDA RIO GRANDE,2a RS METROPOLITANA,MACRORREGIONAL LESTE,23,Rinovírus,1
HOSPITAL SAO VICENTE CIC,FAZENDA RIO GRANDE,2a RS METROPOLITANA,MACRORREGIONAL LESTE,23,Metapneumovírus,1
HOSPITAL UNIVERSITARIO CAJURU,CURITIBA,2a RS METROPOLITANA,MACRORREGIONAL LESTE,18,VSR,1
HOSPITAL UNIVERSITARIO CAJURU,CURITIBA,2a RS METROPOLITANA,MACRORREGIONAL LESTE,28,Rinovírus,1
HOSPITAL UNIVERSITARIO EVANGELICO MACKENZIE,CURITIBA,2a RS METROPOLITANA,MACRORREGIONAL LESTE,5,Rinovírus,1
HOSPITAL UNIVERSITARIO EVANGELICO MACKENZIE,CURITIBA,2a RS METROPOLITANA,MACRORREGIONAL LESTE,6,Influenza,1
HOSPITAL UNIVERSITARIO EVANGELICO MACKENZIE,CURITIBA,2a RS METROPOLITANA,MACRORREGIONAL LESTE,8,Rinovírus,1
HOSPITAL UNIVERSITARIO EVANGELICO MACKENZIE,SAO JOSE DOS PINHAIS,2a RS METROPOLITANA,MACRORREGIONAL LESTE,8,Rinovírus,1
HOSPITAL UNIVERSITARIO EVANGELICO MACKENZIE,CURITIBA,2a RS METROPOLITANA,MACRORREGIONAL LESTE,9,Rinovírus,1
HOSPITAL UNIVERSITARIO EVANGELICO MACKENZIE,CURITIBA,2a RS METROPOLITANA,MACRORREGIONAL LESTE,12,Rinovírus,2
HOSPITAL UNIVERSITARIO EVANGELICO MACKENZIE,ALMIRANTE TAMANDARE,2a RS METROPOLITANA,MACRORREGIONAL LESTE,13,Rinovírus,2
HOSPITAL UNIVERSITARIO EVANGELICO MACKENZIE,CONTENDA,2a RS METROPOLITANA,MACRORREGIONAL LESTE,13,Rinovírus,2
HOSPITAL UNIVERSITARIO EVANGELICO MACKENZIE,CURITIBA,2a RS METROPOLITANA,MACRORREGIONAL LESTE,13,Rinovírus,3
HOSPITAL UNIVERSITARIO EVANGELICO MACKENZIE,RIO BRANCO DO SUL,2a RS METROPOLITANA,MACRORREGIONAL LESTE,13,Rinovírus,2
HOSPITAL UNIVERSITARIO EVANGELICO MACKENZIE,COLOMBO,2a RS METROPOLITANA,MACRORREGIONAL LESTE,15,Rinovírus,2
HOSPITAL UNIVERSITARIO EVANGELICO MACKENZIE,CURITIBA,2a RS METROPOLITANA,MACRORREGIONAL LESTE,15,Rinovírus,4
HOSPITAL UNIVERSITARIO EVANGELICO MACKENZIE,CURITIBA,2a RS METROPOLITANA,MACRORREGIONAL LESTE,17,Influenza,1
HOSPITAL UNIVERSITARIO EVANGELICO MACKENZIE,CURITIBA,2a RS METROPOLITANA,MACRORREGIONAL LESTE,19,Influenza,1
HOSPITAL UNIVERSITARIO EVANGELICO MACKENZIE,CURITIBA,2a RS METROPOLITANA,MACRORREGIONAL LESTE,21,VSR,1
HOSPITAL UNIVERSITARIO EVANGELICO MACKENZIE,CURITIBA,2a RS METROPOLITANA,MACRORREGIONAL LESTE,24,Adenovírus,1
HOSPITAL UNIVERSITARIO EVANGELICO MACKENZIE,PINHAIS,2a RS METROPOLITANA,MACRORREGIONAL LESTE,24,Adenovírus,1
HOSPITAL UNIVERSITARIO EVANGELICO MACKENZIE,CURITIBA,2a RS METROPOLITANA,MACRORREGIONAL LESTE,24,Metapneumovírus,1
HOSPITAL UNIVERSITARIO EVANGELICO MACKENZIE,CAMPO MAGRO,2a RS METROPOLITANA,MACRORREGIONAL LESTE,24,Rinovírus,1
HOSPITAL UNIVERSITARIO EVANGELICO MACKENZIE,CURITIBA,2a RS METROPOLITANA,MACRORREGIONAL LESTE,24,Rinovírus,3
HOSPITAL UNIVERSITARIO EVANGELICO MACKENZIE,FAZENDA RIO GRANDE,2a RS METROPOLITANA,MACRORREGIONAL LESTE,24,Rinovírus,1
HOSPITAL UNIVERSITARIO EVANGELICO MACKENZIE,CURITIBA,2a RS METROPOLITANA,MACRORREGIONAL LESTE,24,VSR,2
HOSPITAL UNIVERSITARIO EVANGELICO MACKENZIE,CURITIBA,2a RS METROPOLITANA,MACRORREGIONAL LESTE,25,Influenza,2
HOSPITAL UNIVERSITARIO EVANGELICO MACKENZIE,PINHAIS,2a RS METROPOLITANA,MACRORREGIONAL LESTE,25,Influenza,1
HOSPITAL UNIVERSITARIO EVANGELICO MACKENZIE,SAO JOSE DOS PINHAIS,2a RS METROPOLITANA,MACRORREGIONAL LESTE,25,Influenza,1
HOSPITAL UNIVERSITARIO EVANGELICO MACKENZIE,CURITIBA,2a RS METROPOLITANA,MACRORREGIONAL LESTE,25,Rinovírus,2
HOSPITAL UNIVERSITARIO EVANGELICO MACKENZIE,CURITIBA,2a RS METROPOLITANA,MACRORREGIONAL LESTE,25,VSR,6
HOSPITAL UNIVERSITARIO EVANGELICO MACKENZIE,ARAUCARIA,2a RS METROPOLITANA,MACRORREGIONAL LESTE,27,Rinovírus,1
HOSPITAL UNIVERSITARIO EVANGELICO MACKENZIE,CURITIBA,2a RS METROPOLITANA,MACRORREGIONAL LESTE,27,Rinovírus,3
HOSPITAL UNIVERSITARIO EVANGELICO MACKENZIE,PIRAQUARA,2a RS METROPOLITANA,MACRORREGIONAL LESTE,27,Rinovírus,1
HOSPITAL UNIVERSITARIO EVANGELICO MACKENZIE,SAO JOSE DOS PINHAIS,2a RS METROPOLITANA,MACRORREGIONAL LESTE,27,Rinovírus,1
HOSPITAL UNIVERSITARIO EVANGELICO MACKENZIE,COLOMBO,2a RS METROPOLITANA,MACRORREGIONAL LESTE,27,VSR,1
HOSPITAL UNIVERSITARIO EVANGELICO MACKENZIE,CURITIBA,2a RS METROPOLITANA,MACRORREGIONAL LESTE,27,VSR,2
HOSPITAL UNIVERSITARIO EVANGELICO MACKENZIE,PIRAQUARA,2a RS METROPOLITANA,MACRORREGIONAL LESTE,27,VSR,1
HOSPITAL UNIVERSITARIO EVANGELICO MACKENZIE,SAO JOSE DOS PINHAIS,2a RS METROPOLITANA,MACRORREGIONAL LESTE,27,VSR,2
HOSPITAL UNIVERSITARIO EVANGELICO MACKENZIE,CURITIBA,2a RS METROPOLITANA,MACRORREGIONAL LESTE,28,Metapneumovírus,1
HOSPITAL UNIVERSITARIO EVANGELICO MACKENZIE,ARAUCARIA,2a RS METROPOLITANA,MACRORREGIONAL LESTE,28,Rinovírus,1
HOSPITAL UNIVERSITARIO EVANGELICO MACKENZIE,PINHAIS,2a RS METROPOLITANA,MACRORREGIONAL LESTE,28,Rinovírus,1
HOSPITAL UNIVERSITARIO EVANGELICO MACKENZIE,CURITIBA,2a RS METROPOLITANA,MACRORREGIONAL LESTE,28,VSR,1
HOSPITAL UNIVERSITARIO EVANGELICO MACKENZIE,CURITIBA,2a RS METROPOLITANA,MACRORREGIONAL LESTE,29,Influenza,1
HOSPITAL UNIVERSITARIO EVANGELICO MACKENZIE,CURITIBA,2a RS METROPOLITANA,MACRORREGIONAL LESTE,29,Metapneumovírus,1
HOSPITAL UNIVERSITARIO EVANGELICO MACKENZIE,PINHAIS,2a RS METROPOLITANA,MACRORREGIONAL LESTE,29,Metapneumovírus,1
HOSPITAL UNIVERSITARIO EVANGELICO MACKENZIE,CURITIBA,2a RS METROPOLITANA,MACRORREGIONAL LESTE,29,Rinovírus,2
HOSPITAL UNIVERSITARIO EVANGELICO MACKENZIE,CURITIBA,2a RS METROPOLITANA,MACRORREGIONAL LESTE,29,VSR,3
HOSPITAL UNIVERSITARIO EVANGELICO MACKENZIE,CURITIBA,2a RS METROPOLITANA,MACRORREGIONAL LESTE,30,Adenovírus,1
HOSPITAL UNIVERSITARIO EVANGELICO MACKENZIE,CURITIBA,2a RS METROPOLITANA,MACRORREGIONAL LESTE,30,Metapneumovírus,1
HOSPITAL UNIVERSITARIO EVANGELICO MACKENZIE,CURITIBA,2a RS METROPOLITANA,MACRORREGIONAL LESTE,30,Rinovírus,1
HOSPITAL UNIVERSITARIO EVANGELICO MACKENZIE,ALMIRANTE TAMANDARE,2a RS METROPOLITANA,MACRORREGIONAL LESTE,30,VSR,1
HOSPITAL UNIVERSITARIO EVANGELICO MACKENZIE,COLOMBO,2a RS METROPOLITANA,MACRORREGIONAL LESTE,30,VSR,1
HOSPITAL UNIVERSITARIO EVANGELICO MACKENZIE,CURITIBA,2a RS METROPOLITANA,MACRORREGIONAL LESTE,30,VSR,1
HOSPITAL UNIVERSITARIO EVANGELICO MACKENZIE,FAZENDA RIO GRANDE,2a RS METROPOLITANA,MACRORREGIONAL LESTE,31,Adenovírus,1
HOSPITAL UNIVERSITARIO EVANGELICO MACKENZIE,BALSA NOVA,2a RS METROPOLITANA,MACRORREGIONAL LESTE,31,Metapneumovírus,1
HOSPITAL UNIVERSITARIO EVANGELICO MACKENZIE,CURITIBA,2a RS METROPOLITANA,MACRORREGIONAL LESTE,31,Rinovírus,1
HOSPITAL UNIVERSITARIO EVANGELICO MACKENZIE,FAZENDA RIO GRANDE,2a RS METROPOLITANA,MACRORREGIONAL LESTE,31,Rinovírus,1
HOSPITAL UNIVERSITARIO EVANGELICO MACKENZIE,FAZENDA RIO GRANDE,2a RS METROPOLITANA,MACRORREGIONAL LESTE,31,VSR,1
HOSPITAL UNIVERSITARIO EVANGELICO MACKENZIE,ARAUCARIA,2a RS METROPOLITANA,MACRORREGIONAL LESTE,32,Rinovírus,1
HOSPITAL UNIVERSITARIO EVANGELICO MACKENZIE,CURITIBA,2a RS METROPOLITANA,MACRORREGIONAL LESTE,32,Rinovírus,1
HOSPITAL UNIVERSITARIO EVANGELICO MACKENZIE,LAPA,2a RS METROPOLITANA,MACRORREGIONAL LESTE,32,VSR,1
HOSPITAL UNIVERSITARIO EVANGELICO MACKENZIE,COLOMBO,2a RS METROPOLITANA,MACRORREGIONAL LESTE,33,Adenovírus,1
HOSPITAL UNIVERSITARIO EVANGELICO MACKENZIE,CURITIBA,2a RS METROPOLITANA,MACRORREGIONAL LESTE,33,Adenovírus,2
HOSPITAL UNIVERSITARIO EVANGELICO MACKENZIE,CURITIBA,2a RS METROPOLITANA,MACRORREGIONAL LESTE,33,Metapneumovírus,1
HOSPITAL UNIVERSITARIO EVANGELICO MACKENZIE,FAZENDA RIO GRANDE,2a RS METROPOLITANA,MACRORREGIONAL LESTE,33,Metapneumovírus,1
HOSPITAL UNIVERSITARIO EVANGELICO MACKENZIE,SAO JOSE DOS PINHAIS,2a RS METROPOLITANA,MACRORREGIONAL LESTE,33,Metapneumovírus,1
HOSPITAL UNIVERSITARIO EVANGELICO MACKENZIE,COLOMBO,2a RS METROPOLITANA,MACRORREGIONAL LESTE,33,Rinovírus,1
HOSPITAL UNIVERSITARIO EVANGELICO MACKENZIE,CURITIBA,2a RS METROPOLITANA,MACRORREGIONAL LESTE,33,Rinovírus,1
HOSPITAL UNIVERSITARIO EVANGELICO MACKENZIE,COLOMBO,2a RS METROPOLITANA,MACRORREGIONAL LESTE,33,VSR,1
HOSPITAL UNIVERSITARIO EVANGELICO MACKENZIE,CURITIBA,2a RS METROPOLITANA,MACRORREGIONAL LESTE,33,VSR,2
HOSPITAL UNIVERSITARIO EVANGELICO MACKENZIE,CURITIBA,2a RS METROPOLITANA,MACRORREGIONAL LESTE,34,Metapneumovírus,1
HOSPITAL UNIVERSITARIO EVANGELICO MACKENZIE,ALMIRANTE TAMANDARE,2a RS METROPOLITANA,MACRORREGIONAL LESTE,34,Rinovírus,1
HOSPITAL UNIVERSITARIO EVANGELICO MACKENZIE,CURITIBA,2a RS METROPOLITANA,MACRORREGIONAL LESTE,34,Rinovírus,2
HOSPITAL UNIVERSITARIO EVANGELICO MACKENZIE,RIO BRANCO DO SUL,2a RS METROPOLITANA,MACRORREGIONAL LESTE,34,Rinovírus,1
HOSPITAL UNIVERSITARIO EVANGELICO MACKENZIE,CURITIBA,2a RS METROPOLITANA,MACRORREGIONAL LESTE,34,VSR,1
HOSPITAL UNIVERSITARIO EVANGELICO MACKENZIE,CURITIBA,2a RS METROPOLITANA,MACRORREGIONAL LESTE,35,Rinovírus,3
HOSPITAL UNIVERSITARIO EVANGELICO MACKENZIE,LAPA,2a RS METROPOLITANA,MACRORREGIONAL LESTE,35,VSR,1
HOSPITAL UNIVERSITARIO EVANGELICO MACKENZIE,TUNAS DO PARANA,2a RS METROPOLITANA,MACRORREGIONAL LESTE,35,VSR,1
HOSPITAL UNIVERSITARIO EVANGELICO MACKENZIE,CURITIBA,2a RS METROPOLITANA,MACRORREGIONAL LESTE,36,Rinovírus,1
HOSPITAL UNIVERSITARIO REGIONAL DOS CAMPOS GERAIS,CAMPO LARGO,2a RS METROPOLITANA,MACRORREGIONAL LESTE,35,Metapneumovírus,1
HOSPITAL UNIVERSITARIO REGIONAL DOS CAMPOS GERAIS,CAMPO LARGO,2a RS METROPOLITANA,MACRORREGIONAL LESTE,35,Rinovírus,1
HOSPITAL VITA BATEL,CURITIBA,2a RS METROPOLITANA,MACRORREGIONAL LESTE,2,Rinovírus,1
HOSPITAL VITA BATEL,CURITIBA,2a RS METROPOLITANA,MACRORREGIONAL LESTE,3,Metapneumovírus,1
HOSPITAL VITA BATEL,CURITIBA,2a RS METROPOLITANA,MACRORREGIONAL LESTE,7,VSR,1
HOSPITAL VITA BATEL,CURITIBA,2a RS METROPOLITANA,MACRORREGIONAL LESTE,8,Rinovírus,1
HOSPITAL VITA BATEL,CURITIBA,2a RS METROPOLITANA,MACRORREGIONAL LESTE,9,Covid-19,1
HOSPITAL VITA BATEL,CURITIBA,2a RS METROPOLITANA,MACRORREGIONAL LESTE,9,Rinovírus,1
HOSPITAL VITA BATEL,CURITIBA,2a RS METROPOLITANA,MACRORREGIONAL LESTE,13,Rinovírus,1
HOSPITAL VITA BATEL,CURITIBA,2a RS METROPOLITANA,MACRORREGIONAL LESTE,24,Rinovírus,1
HOSPITAL VITA BATEL,CURITIBA,2a RS METROPOLITANA,MACRORREGIONAL LESTE,24,VSR,2
HOSPITAL VITA BATEL,FAZENDA RIO GRANDE,2a RS METROPOLITANA,MACRORREGIONAL LESTE,24,VSR,1
HOSPITAL VITA BATEL,ARAUCARIA,2a RS METROPOLITANA,MACRORREGIONAL LESTE,25,Covid-19,1
HOSPITAL VITA BATEL,CURITIBA,2a RS METROPOLITANA,MACRORREGIONAL LESTE,25,Influenza,1
HOSPITAL VITA BATEL,CURITIBA,2a RS METROPOLITANA,MACRORREGIONAL LESTE,26,Influenza,1
HOSPITAL VITA BATEL,SAO JOSE DOS PINHAIS,2a RS METROPOLITANA,MACRORREGIONAL LESTE,27,Rinovírus,1
HOSPITAL VITA BATEL,SAO JOSE DOS PINHAIS,2a RS METROPOLITANA,MACRORREGIONAL LESTE,27,VSR,1
HOSPITAL VITA BATEL,CURITIBA,2a RS METROPOLITANA,MACRORREGIONAL LESTE,28,VSR,1
HOSPITAL VITA CURITIBA,CURITIBA,2a RS METROPOLITANA,MACRORREGIONAL LESTE,5,Influenza,1
HOSPITAL VITA CURITIBA,CURITIBA,2a RS METROPOLITANA,MACRORREGIONAL LESTE,12,Rinovírus,2
HOSPITAL VITA CURITIBA,CURITIBA,2a RS METROPOLITANA,MACRORREGIONAL LESTE,13,Influenza,1
HOSPITAL VITA CURITIBA,CURITIBA,2a RS METROPOLITANA,MACRORREGIONAL LESTE,15,Influenza,1
HOSPITAL VITA CURITIBA,PINHAIS,2a RS METROPOLITANA,MACRORREGIONAL LESTE,15,Influenza,1
HOSPITAL VITA CURITIBA,CURITIBA,2a RS METROPOLITANA,MACRORREGIONAL LESTE,17,Influenza,1
HOSPITAL VITA CURITIBA,COLOMBO,2a RS METROPOLITANA,MACRORREGIONAL LESTE,18,Influenza,1
HOSPITAL VITA CURITIBA,COLOMBO,2a RS METROPOLITANA,MACRORREGIONAL LESTE,20,Rinovírus,1
HOSPITAL VITA CURITIBA,CURITIBA,2a RS METROPOLITANA,MACRORREGIONAL LESTE,21,Influenza,1
HOSPITAL VITA CURITIBA,SAO JOSE DOS PINHAIS,2a RS METROPOLITANA,MACRORREGIONAL LESTE,21,Influenza,1
HOSPITAL VITA CURITIBA,CURITIBA,2a RS METROPOLITANA,MACRORREGIONAL LESTE,24,Influenza,1
HOSPITAL VITA CURITIBA,CURITIBA,2a RS METROPOLITANA,MACRORREGIONAL LESTE,27,VSR,1
HOSPITAL VITA CURITIBA,CURITIBA,2a RS METROPOLITANA,MACRORREGIONAL LESTE,28,VSR,1
INSTITUTO MEDICO VIRMOND FREDERICO G K VIRMOND NETO,PIRAQUARA,2a RS METROPOLITANA,MACRORREGIONAL LESTE,31,VSR,1
PRONTO ATENDIMENTO DA CRIANCA PAC,CURITIBA,2a RS METROPOLITANA,MACRORREGIONAL LESTE,30,VSR,1
SANTA CASA DE IRATI,CURITIBA,2a RS METROPOLITANA,MACRORREGIONAL LESTE,15,Rinovírus,1
UNIDADE DE PRONTO ATENDIMENTO 24 HORAS,CURITIBA,2a RS METROPOLITANA,MACRORREGIONAL LESTE,10,Influenza,1
UNIDADE DE PRONTO ATENDIMENTO 24 HORAS,PINHAIS,2a RS METROPOLITANA,MACRORREGIONAL LESTE,24,Influenza,1
UNIDADE DE PRONTO ATENDIMENTO 24 HORAS,PINHAIS,2a RS METROPOLITANA,MACRORREGIONAL LESTE,34,Rinovírus,1
UNIDADE DE PRONTO ATENDIMENTO ALTO MARACANA UPA 24H,COLOMBO,2a RS METROPOLITANA,MACRORREGIONAL LESTE,23,VSR,2
UNIDADE DE PRONTO ATENDIMENTO ALTO MARACANA UPA 24H,COLOMBO,2a RS METROPOLITANA,MACRORREGIONAL LESTE,24,Adenovírus,1
UNIDADE DE PRONTO ATENDIMENTO ALTO MARACANA UPA 24H,COLOMBO,2a RS METROPOLITANA,MACRORREGIONAL LESTE,24,Influenza,2
UNIDADE DE PRONTO ATENDIMENTO ALTO MARACANA UPA 24H,COLOMBO,2a RS METROPOLITANA,MACRORREGIONAL LESTE,24,VSR,4
UNIDADE DE PRONTO ATENDIMENTO ALTO MARACANA UPA 24H,COLOMBO,2a RS METROPOLITANA,MACRORREGIONAL LESTE,25,Influenza,1
UNIDADE DE PRONTO ATENDIMENTO ALTO MARACANA UPA 24H,COLOMBO,2a RS METROPOLITANA,MACRORREGIONAL LESTE,25,Rinovírus,3
UNIDADE DE PRONTO ATENDIMENTO ALTO MARACANA UPA 24H,COLOMBO,2a RS METROPOLITANA,MACRORREGIONAL LESTE,25,VSR,1
UNIDADE DE PRONTO ATENDIMENTO ALTO MARACANA UPA 24H,COLOMBO,2a RS METROPOLITANA,MACRORREGIONAL LESTE,26,VSR,2
UNIDADE DE PRONTO ATENDIMENTO ALTO MARACANA UPA 24H,CURITIBA,2a RS METROPOLITANA,MACRORREGIONAL LESTE,26,VSR,1
UNIDADE DE PRONTO ATENDIMENTO ALTO MARACANA UPA 24H,COLOMBO,2a RS METROPOLITANA,MACRORREGIONAL LESTE,27,Rinovírus,1
UNIDADE DE PRONTO ATENDIMENTO ALTO MARACANA UPA 24H,COLOMBO,2a RS METROPOLITANA,MACRORREGIONAL LESTE,27,VSR,1
UNIDADE DE PRONTO ATENDIMENTO ALTO MARACANA UPA 24H,COLOMBO,2a RS METROPOLITANA,MACRORREGIONAL LESTE,28,Adenovírus,1
UNIDADE DE PRONTO ATENDIMENTO ALTO MARACANA UPA 24H,COLOMBO,2a RS METROPOLITANA,MACRORREGIONAL LESTE,28,Rinovírus,2
UNIDADE DE PRONTO ATENDIMENTO ALTO MARACANA UPA 24H,COLOMBO,2a RS METROPOLITANA,MACRORREGIONAL LESTE,28,VSR,1
UNIDADE DE PRONTO ATENDIMENTO ALTO MARACANA UPA 24H,COLOMBO,2a RS METROPOLITANA,MACRORREGIONAL LESTE,29,Adenovírus,1
UNIDADE DE PRONTO ATENDIMENTO ALTO MARACANA UPA 24H,COLOMBO,2a RS METROPOLITANA,MACRORREGIONAL LESTE,29,VSR,5
UNIDADE DE PRONTO ATENDIMENTO ALTO MARACANA UPA 24H,COLOMBO,2a RS METROPOLITANA,MACRORREGIONAL LESTE,30,VSR,2
UNIDADE DE PRONTO ATENDIMENTO ALTO MARACANA UPA 24H,COLOMBO,2a RS METROPOLITANA,MACRORREGIONAL LESTE,31,Rinovírus,1
UNIDADE DE PRONTO ATENDIMENTO ALTO MARACANA UPA 24H,BOCAIUVA DO SUL,2a RS METROPOLITANA,MACRORREGIONAL LESTE,31,VSR,1
UNIDADE DE PRONTO ATENDIMENTO ALTO MARACANA UPA 24H,COLOMBO,2a RS METROPOLITANA,MACRORREGIONAL LESTE,31,VSR,2
UNIDADE DE PRONTO ATENDIMENTO ALTO MARACANA UPA 24H,QUATRO BARRAS,2a RS METROPOLITANA,MACRORREGIONAL LESTE,31,VSR,1
UNIDADE DE PRONTO ATENDIMENTO ALTO MARACANA UPA 24H,COLOMBO,2a RS METROPOLITANA,MACRORREGIONAL LESTE,32,Influenza,1
UNIDADE DE PRONTO ATENDIMENTO ALTO MARACANA UPA 24H,COLOMBO,2a RS METROPOLITANA,MACRORREGIONAL LESTE,33,Rinovírus,1
UNIDADE DE PRONTO ATENDIMENTO DE ARAUCARIA,ARAUCARIA,2a RS METROPOLITANA,MACRORREGIONAL LESTE,7,Adenovírus,1
UNIDADE DE PRONTO ATENDIMENTO DE ARAUCARIA,ARAUCARIA,2a RS METROPOLITANA,MACRORREGIONAL LESTE,8,Covid-19,1
UNIDADE DE PRONTO ATENDIMENTO DE ARAUCARIA,ARAUCARIA,2a RS METROPOLITANA,MACRORREGIONAL LESTE,19,Influenza,1
UNIDADE DE PRONTO ATENDIMENTO DE ARAUCARIA,ARAUCARIA,2a RS METROPOLITANA,MACRORREGIONAL LESTE,20,Influenza,3
UNIDADE DE PRONTO ATENDIMENTO DE ARAUCARIA,ARAUCARIA,2a RS METROPOLITANA,MACRORREGIONAL LESTE,20,Rinovírus,1
UNIDADE DE PRONTO ATENDIMENTO DE ARAUCARIA,FAZENDA RIO GRANDE,2a RS METROPOLITANA,MACRORREGIONAL LESTE,20,Rinovírus,1
UNIDADE DE PRONTO ATENDIMENTO DE ARAUCARIA,ARAUCARIA,2a RS METROPOLITANA,MACRORREGIONAL LESTE,21,Influenza,2
UNIDADE DE PRONTO ATENDIMENTO DE ARAUCARIA,ARAUCARIA,2a RS METROPOLITANA,MACRORREGIONAL LESTE,21,Rinovírus,1
UNIDADE DE PRONTO ATENDIMENTO DE ARAUCARIA,ARAUCARIA,2a RS METROPOLITANA,MACRORREGIONAL LESTE,22,Influenza,2
UNIDADE DE PRONTO ATENDIMENTO DE ARAUCARIA,ARAUCARIA,2a RS METROPOLITANA,MACRORREGIONAL LESTE,22,Metapneumovírus,1
UNIDADE DE PRONTO ATENDIMENTO DE ARAUCARIA,ARAUCARIA,2a RS METROPOLITANA,MACRORREGIONAL LESTE,22,Rinovírus,1
UNIDADE DE PRONTO ATENDIMENTO DE ARAUCARIA,ARAUCARIA,2a RS METROPOLITANA,MACRORREGIONAL LESTE,24,Influenza,1
UNIDADE DE PRONTO ATENDIMENTO DE ARAUCARIA,ARAUCARIA,2a RS METROPOLITANA,MACRORREGIONAL LESTE,24,Rinovírus,1
UNIDADE DE PRONTO ATENDIMENTO DE ARAUCARIA,ARAUCARIA,2a RS METROPOLITANA,MACRORREGIONAL LESTE,24,VSR,1
UNIDADE DE PRONTO ATENDIMENTO DE ARAUCARIA,ARAUCARIA,2a RS METROPOLITANA,MACRORREGIONAL LESTE,25,Influenza,1
UNIDADE DE PRONTO ATENDIMENTO DE ARAUCARIA,ARAUCARIA,2a RS METROPOLITANA,MACRORREGIONAL LESTE,25,VSR,1
UNIDADE DE PRONTO ATENDIMENTO DE ARAUCARIA,ARAUCARIA,2a RS METROPOLITANA,MACRORREGIONAL LESTE,27,Influenza,1
UNIDADE DE PRONTO ATENDIMENTO DE ARAUCARIA,ARAUCARIA,2a RS METROPOLITANA,MACRORREGIONAL LESTE,27,Rinovírus,2
UNIDADE DE PRONTO ATENDIMENTO DE ARAUCARIA,ARAUCARIA,2a RS METROPOLITANA,MACRORREGIONAL LESTE,27,VSR,1
UNIDADE DE PRONTO ATENDIMENTO DE ARAUCARIA,ARAUCARIA,2a RS METROPOLITANA,MACRORREGIONAL LESTE,28,Metapneumovírus,1
UNIDADE DE PRONTO ATENDIMENTO DE ARAUCARIA,ARAUCARIA,2a RS METROPOLITANA,MACRORREGIONAL LESTE,28,Rinovírus,2
UNIDADE DE PRONTO ATENDIMENTO DE ARAUCARIA,ARAUCARIA,2a RS METROPOLITANA,MACRORREGIONAL LESTE,28,VSR,1
UNIDADE DE PRONTO ATENDIMENTO DE ARAUCARIA,ARAUCARIA,2a RS METROPOLITANA,MACRORREGIONAL LESTE,29,VSR,1
UNIDADE DE PRONTO ATENDIMENTO DE ARAUCARIA,ARAUCARIA,2a RS METROPOLITANA,MACRORREGIONAL LESTE,30,Adenovírus,1
UNIDADE DE PRONTO ATENDIMENTO DE ARAUCARIA,ARAUCARIA,2a RS METROPOLITANA,MACRORREGIONAL LESTE,30,VSR,1
UNIDADE DE PRONTO ATENDIMENTO DE ARAUCARIA,ARAUCARIA,2a RS METROPOLITANA,MACRORREGIONAL LESTE,33,VSR,1
UNIDADE DE PRONTO ATENDIMENTO DE ARAUCARIA,ARAUCARIA,2a RS METROPOLITANA,MACRORREGIONAL LESTE,35,Rinovírus,2
UNIDADE DE PRONTO ATENDIMENTO DE ARAUCARIA,ARAUCARIA,2a RS METROPOLITANA,MACRORREGIONAL LESTE,36,Rinovírus,1
UPA BOA VISTA,ALMIRANTE TAMANDARE,2a RS METROPOLITANA,MACRORREGIONAL LESTE,20,Influenza,1
UPA BOA VISTA,CURITIBA,2a RS METROPOLITANA,MACRORREGIONAL LESTE,20,Influenza,1
UPA BOA VISTA,CURITIBA,2a RS METROPOLITANA,MACRORREGIONAL LESTE,20,VSR,1
UPA BOA VISTA,CURITIBA,2a RS METROPOLITANA,MACRORREGIONAL LESTE,29,Rinovírus,1
UPA BOA VISTA,CURITIBA,2a RS METROPOLITANA,MACRORREGIONAL LESTE,32,VSR,1
UPA CAMPO COMPRIDO,CURITIBA,2a RS METROPOLITANA,MACRORREGIONAL LESTE,26,VSR,1
UPA CIDADE INDUSTRIAL,CURITIBA,2a RS METROPOLITANA,MACRORREGIONAL LESTE,19,Influenza,1
UPA CIDADE INDUSTRIAL,CURITIBA,2a RS METROPOLITANA,MACRORREGIONAL LESTE,20,Influenza,1
UPA CIDADE INDUSTRIAL,CURITIBA,2a RS METROPOLITANA,MACRORREGIONAL LESTE,25,Influenza,1
UPA CIDADE INDUSTRIAL,CURITIBA,2a RS METROPOLITANA,MACRORREGIONAL LESTE,26,Influenza,1
UPA PINHEIRINHO,CURITIBA,2a RS METROPOLITANA,MACRORREGIONAL LESTE,24,Influenza,1
UPA RUI BARBOSA,SAO JOSE DOS PINHAIS,2a RS METROPOLITANA,MACRORREGIONAL LESTE,23,Rinovírus,1
UPA SITIO CERCADO,CURITIBA,2a RS METROPOLITANA,MACRORREGIONAL LESTE,23,Influenza,1
UPA SITIO CERCADO,CURITIBA,2a RS METROPOLITANA,MACRORREGIONAL LESTE,28,Rinovírus,1
UPA TATUQUARA,CURITIBA,2a RS METROPOLITANA,MACRORREGIONAL LESTE,20,Influenza,2
UPA TATUQUARA,CURITIBA,2a RS METROPOLITANA,MACRORREGIONAL LESTE,21,Influenza,1
UPA TATUQUARA,CURITIBA,2a RS METROPOLITANA,MACRORREGIONAL LESTE,23,Influenza,1
UPA TATUQUARA,CURITIBA,2a RS METROPOLITANA,MACRORREGIONAL LESTE,24,Rinovírus,1
UPA TATUQUARA,CURITIBA,2a RS METROPOLITANA,MACRORREGIONAL LESTE,29,Influenza,1
UPA UNIDADE PRONTO ATENDIMENTO DE FAZENDA RIO GRANDE,FAZENDA RIO GRANDE,2a RS METROPOLITANA,MACRORREGIONAL LESTE,23,Metapneumovírus,2
UPA UNIDADE PRONTO ATENDIMENTO DE FAZENDA RIO GRANDE,FAZENDA RIO GRANDE,2a RS METROPOLITANA,MACRORREGIONAL LESTE,23,Rinovírus,1
UPA UNIDADE PRONTO ATENDIMENTO DE FAZENDA RIO GRANDE,FAZENDA RIO GRANDE,2a RS METROPOLITANA,MACRORREGIONAL LESTE,24,Influenza,1
UPA UNIDADE PRONTO ATENDIMENTO DE FAZENDA RIO GRANDE,FAZENDA RIO GRANDE,2a RS METROPOLITANA,MACRORREGIONAL LESTE,25,Influenza,1
CENTRO HOSPITALAR SAO CAMILO,PONTA GROSSA,3a RS PONTA GROSSA,MACRORREGIONAL LESTE,12,Influenza,1
CENTRO HOSPITALAR SAO CAMILO,PONTA GROSSA,3a RS PONTA GROSSA,MACRORREGIONAL LESTE,13,Influenza,1
CENTRO HOSPITALAR SAO CAMILO,PONTA GROSSA,3a RS PONTA GROSSA,MACRORREGIONAL LESTE,13,Rinovírus,1
CENTRO HOSPITALAR SAO CAMILO,PONTA GROSSA,3a RS PONTA GROSSA,MACRORREGIONAL LESTE,31,VSR,1
COMPLEXO DO HOSPITAL DE CLINICAS DA UFPR HC E MVFA,PONTA GROSSA,3a RS PONTA GROSSA,MACRORREGIONAL LESTE,3,Influenza,1
COMPLEXO DO HOSPITAL DE CLINICAS DA UFPR HC E MVFA,PONTA GROSSA,3a RS PONTA GROSSA,MACRORREGIONAL LESTE,24,Influenza,1
COMPLEXO DO HOSPITAL DE CLINICAS DA UFPR HC E MVFA,PIRAI DO SUL,3a RS PONTA GROSSA,MACRORREGIONAL LESTE,27,Influenza,1
COMPLEXO DO HOSPITAL DE CLINICAS DA UFPR HC E MVFA,SAO JOAO DO TRIUNFO,3a RS PONTA GROSSA,MACRORREGIONAL LESTE,31,Metapneumovírus,1
COMPLEXO DO HOSPITAL DE CLINICAS DA UFPR HC E MVFA,PALMEIRA,3a RS PONTA GROSSA,MACRORREGIONAL LESTE,33,Metapneumovírus,1
HOSPITAL ANGELINA CARON,SENGES,3a RS PONTA GROSSA,MACRORREGIONAL LESTE,12,Rinovírus,1
HOSPITAL ANGELINA CARON,PIRAI DO SUL,3a RS PONTA GROSSA,MACRORREGIONAL LESTE,14,Influenza,1
HOSPITAL ANGELINA CARON,PONTA GROSSA,3a RS PONTA GROSSA,MACRORREGIONAL LESTE,27,VSR,1
HOSPITAL ANGELINA CARON,IPIRANGA,3a RS PONTA GROSSA,MACRORREGIONAL LESTE,34,Rinovírus,1
HOSPITAL ANNA FIORILLO MENARIM,PONTA GROSSA,3a RS PONTA GROSSA,MACRORREGIONAL LESTE,18,Influenza,1
HOSPITAL ANNA FIORILLO MENARIM,CARAMBEI,3a RS PONTA GROSSA,MACRORREGIONAL LESTE,19,Rinovírus,1
HOSPITAL ANNA FIORILLO MENARIM,PONTA GROSSA,3a RS PONTA GROSSA,MACRORREGIONAL LESTE,20,Influenza,1
HOSPITAL ANNA FIORILLO MENARIM,PONTA GROSSA,3a RS PONTA GROSSA,MACRORREGIONAL LESTE,24,Influenza,1
HOSPITAL ANNA FIORILLO MENARIM,CASTRO,3a RS PONTA GROSSA,MACRORREGIONAL LESTE,25,Influenza,1
HOSPITAL ANNA FIORILLO MENARIM,CASTRO,3a RS PONTA GROSSA,MACRORREGIONAL LESTE,31,Metapneumovírus,1
HOSPITAL DE CARIDADE DE PALMEIRA,PALMEIRA,3a RS PONTA GROSSA,MACRORREGIONAL LESTE,2,Influenza,1
HOSPITAL DE CARIDADE DE PALMEIRA,PALMEIRA,3a RS PONTA GROSSA,MACRORREGIONAL LESTE,3,Covid-19,1
HOSPITAL DE CARIDADE DE PALMEIRA,PALMEIRA,3a RS PONTA GROSSA,MACRORREGIONAL LESTE,6,Rinovírus,1
HOSPITAL DE CARIDADE DE PALMEIRA,PALMEIRA,3a RS PONTA GROSSA,MACRORREGIONAL LESTE,7,Adenovírus,1
HOSPITAL DE CARIDADE DE PALMEIRA,PALMEIRA,3a RS PONTA GROSSA,MACRORREGIONAL LESTE,8,Covid-19,1
HOSPITAL DE CARIDADE DE PALMEIRA,PALMEIRA,3a RS PONTA GROSSA,MACRORREGIONAL LESTE,8,Rinovírus,4
HOSPITAL DE CARIDADE DE PALMEIRA,PALMEIRA,3a RS PONTA GROSSA,MACRORREGIONAL LESTE,9,Influenza,1
HOSPITAL DE CARIDADE DE PALMEIRA,PALMEIRA,3a RS PONTA GROSSA,MACRORREGIONAL LESTE,9,Rinovírus,1
HOSPITAL DE CARIDADE DE PALMEIRA,PALMEIRA,3a RS PONTA GROSSA,MACRORREGIONAL LESTE,10,Rinovírus,2
HOSPITAL DE CARIDADE DE PALMEIRA,PALMEIRA,3a RS PONTA GROSSA,MACRORREGIONAL LESTE,12,Rinovírus,2
HOSPITAL DE CARIDADE DE PALMEIRA,PALMEIRA,3a RS PONTA GROSSA,MACRORREGIONAL LESTE,13,Influenza,1
HOSPITAL DE CARIDADE DE PALMEIRA,PALMEIRA,3a RS PONTA GROSSA,MACRORREGIONAL LESTE,13,Rinovírus,1
HOSPITAL DE CARIDADE DE PALMEIRA,PONTA GROSSA,3a RS PONTA GROSSA,MACRORREGIONAL LESTE,13,Rinovírus,2
HOSPITAL DE CARIDADE DE PALMEIRA,PALMEIRA,3a RS PONTA GROSSA,MACRORREGIONAL LESTE,14,Influenza,1
HOSPITAL DE CARIDADE DE PALMEIRA,PALMEIRA,3a RS PONTA GROSSA,MACRORREGIONAL LESTE,15,Influenza,2
HOSPITAL DE CARIDADE DE PALMEIRA,PALMEIRA,3a RS PONTA GROSSA,MACRORREGIONAL LESTE,17,Influenza,1
HOSPITAL DE CARIDADE DE PALMEIRA,CARAMBEI,3a RS PONTA GROSSA,MACRORREGIONAL LESTE,17,Rinovírus,1
HOSPITAL DE CARIDADE DE PALMEIRA,PALMEIRA,3a RS PONTA GROSSA,MACRORREGIONAL LESTE,18,Influenza,1
HOSPITAL DE CARIDADE DE PALMEIRA,PALMEIRA,3a RS PONTA GROSSA,MACRORREGIONAL LESTE,18,Rinovírus,1
HOSPITAL DE CARIDADE DE PALMEIRA,PALMEIRA,3a RS PONTA GROSSA,MACRORREGIONAL LESTE,21,Influenza,1
HOSPITAL DE CARIDADE DE PALMEIRA,PALMEIRA,3a RS PONTA GROSSA,MACRORREGIONAL LESTE,22,Influenza,1
HOSPITAL DE CARIDADE DE PALMEIRA,SAO JOAO DO TRIUNFO,3a RS PONTA GROSSA,MACRORREGIONAL LESTE,22,Influenza,1
HOSPITAL DE CARIDADE DE PALMEIRA,PALMEIRA,3a RS PONTA GROSSA,MACRORREGIONAL LESTE,24,Influenza,1
HOSPITAL DE CARIDADE DE PALMEIRA,PALMEIRA,3a RS PONTA GROSSA,MACRORREGIONAL LESTE,25,Rinovírus,1
HOSPITAL DE CARIDADE DE PALMEIRA,PALMEIRA,3a RS PONTA GROSSA,MACRORREGIONAL LESTE,28,Adenovírus,1
HOSPITAL DE CARIDADE DE PALMEIRA,PALMEIRA,3a RS PONTA GROSSA,MACRORREGIONAL LESTE,28,Rinovírus,2
HOSPITAL DE CARIDADE DE PALMEIRA,PALMEIRA,3a RS PONTA GROSSA,MACRORREGIONAL LESTE,28,VSR,1
HOSPITAL DE CARIDADE DE PALMEIRA,PALMEIRA,3a RS PONTA GROSSA,MACRORREGIONAL LESTE,29,VSR,1
HOSPITAL DE CARIDADE DE PALMEIRA,PALMEIRA,3a RS PONTA GROSSA,MACRORREGIONAL LESTE,30,Adenovírus,1
HOSPITAL DE CARIDADE DE PALMEIRA,PALMEIRA,3a RS PONTA GROSSA,MACRORREGIONAL LESTE,30,Influenza,1
HOSPITAL DE CARIDADE DE PALMEIRA,PALMEIRA,3a RS PONTA GROSSA,MACRORREGIONAL LESTE,30,VSR,2
HOSPITAL DE CARIDADE DE PALMEIRA,PALMEIRA,3a RS PONTA GROSSA,MACRORREGIONAL LESTE,31,Rinovírus,1
HOSPITAL DE CARIDADE DE PALMEIRA,PALMEIRA,3a RS PONTA GROSSA,MACRORREGIONAL LESTE,33,Metapneumovírus,1
HOSPITAL DE CARIDADE DE PALMEIRA,PONTA GROSSA,3a RS PONTA GROSSA,MACRORREGIONAL LESTE,33,VSR,1
HOSPITAL DE CARIDADE DE PALMEIRA,PALMEIRA,3a RS PONTA GROSSA,MACRORREGIONAL LESTE,34,Rinovírus,1
HOSPITAL DO CENTRO,IPIRANGA,3a RS PONTA GROSSA,MACRORREGIONAL LESTE,24,Rinovírus,1
HOSPITAL DO CORACAO BOM JESUS,PONTA GROSSA,3a RS PONTA GROSSA,MACRORREGIONAL LESTE,15,Covid-19,1
HOSPITAL DO CORACAO BOM JESUS,CARAMBEI,3a RS PONTA GROSSA,MACRORREGIONAL LESTE,23,Influenza,1
HOSPITAL DO CORACAO BOM JESUS,PONTA GROSSA,3a RS PONTA GROSSA,MACRORREGIONAL LESTE,24,Rinovírus,1
HOSPITAL DO CORACAO BOM JESUS,PONTA GROSSA,3a RS PONTA GROSSA,MACRORREGIONAL LESTE,26,Influenza,1
HOSPITAL DO CORACAO BOM JESUS,PONTA GROSSA,3a RS PONTA GROSSA,MACRORREGIONAL LESTE,26,VSR,1
HOSPITAL DO CORACAO BOM JESUS,PONTA GROSSA,3a RS PONTA GROSSA,MACRORREGIONAL LESTE,30,Influenza,1
HOSPITAL DO ROCIO,PONTA GROSSA,3a RS PONTA GROSSA,MACRORREGIONAL LESTE,9,Rinovírus,1
HOSPITAL DO ROCIO,ARAPOTI,3a RS PONTA GROSSA,MACRORREGIONAL LESTE,13,Rinovírus,1
HOSPITAL DO ROCIO,PONTA GROSSA,3a RS PONTA GROSSA,MACRORREGIONAL LESTE,20,Influenza,1
HOSPITAL DO ROCIO,PONTA GROSSA,3a RS PONTA GROSSA,MACRORREGIONAL LESTE,36,Rinovírus,1
HOSPITAL E MATERNIDADE IMACULADA CONCEICAO,SAO JOAO DO TRIUNFO,3a RS PONTA GROSSA,MACRORREGIONAL LESTE,30,VSR,1
HOSPITAL GERAL UNIMED,PONTA GROSSA,3a RS PONTA GROSSA,MACRORREGIONAL LESTE,2,Rinovírus,1
HOSPITAL GERAL UNIMED,PONTA GROSSA,3a RS PONTA GROSSA,MACRORREGIONAL LESTE,3,Rinovírus,1
HOSPITAL GERAL UNIMED,PONTA GROSSA,3a RS PONTA GROSSA,MACRORREGIONAL LESTE,8,Rinovírus,1
HOSPITAL GERAL UNIMED,PONTA GROSSA,3a RS PONTA GROSSA,MACRORREGIONAL LESTE,10,Rinovírus,1
HOSPITAL GERAL UNIMED,PONTA GROSSA,3a RS PONTA GROSSA,MACRORREGIONAL LESTE,11,Rinovírus,2
HOSPITAL GERAL UNIMED,PONTA GROSSA,3a RS PONTA GROSSA,MACRORREGIONAL LESTE,14,Rinovírus,1
HOSPITAL GERAL UNIMED,PONTA GROSSA,3a RS PONTA GROSSA,MACRORREGIONAL LESTE,15,Influenza,1
HOSPITAL GERAL UNIMED,PONTA GROSSA,3a RS PONTA GROSSA,MACRORREGIONAL LESTE,15,Rinovírus,1
HOSPITAL GERAL UNIMED,PONTA GROSSA,3a RS PONTA GROSSA,MACRORREGIONAL LESTE,16,Influenza,1
HOSPITAL GERAL UNIMED,PONTA GROSSA,3a RS PONTA GROSSA,MACRORREGIONAL LESTE,18,Influenza,1
HOSPITAL GERAL UNIMED,PONTA GROSSA,3a RS PONTA GROSSA,MACRORREGIONAL LESTE,19,Influenza,1
HOSPITAL GERAL UNIMED,PONTA GROSSA,3a RS PONTA GROSSA,MACRORREGIONAL LESTE,20,Influenza,2
HOSPITAL GERAL UNIMED,PALMEIRA,3a RS PONTA GROSSA,MACRORREGIONAL LESTE,22,Adenovírus,1
HOSPITAL GERAL UNIMED,PONTA GROSSA,3a RS PONTA GROSSA,MACRORREGIONAL LESTE,22,Rinovírus,1
HOSPITAL GERAL UNIMED,PONTA GROSSA,3a RS PONTA GROSSA,MACRORREGIONAL LESTE,22,VSR,1
HOSPITAL GERAL UNIMED,PONTA GROSSA,3a RS PONTA GROSSA,MACRORREGIONAL LESTE,23,Adenovírus,1
HOSPITAL GERAL UNIMED,PONTA GROSSA,3a RS PONTA GROSSA,MACRORREGIONAL LESTE,23,Influenza,1
HOSPITAL GERAL UNIMED,PONTA GROSSA,3a RS PONTA GROSSA,MACRORREGIONAL LESTE,23,Rinovírus,1
HOSPITAL GERAL UNIMED,PONTA GROSSA,3a RS PONTA GROSSA,MACRORREGIONAL LESTE,23,VSR,1
HOSPITAL GERAL UNIMED,PONTA GROSSA,3a RS PONTA GROSSA,MACRORREGIONAL LESTE,24,VSR,1
HOSPITAL GERAL UNIMED,PONTA GROSSA,3a RS PONTA GROSSA,MACRORREGIONAL LESTE,26,Metapneumovírus,1
HOSPITAL GERAL UNIMED,PONTA GROSSA,3a RS PONTA GROSSA,MACRORREGIONAL LESTE,26,VSR,2
HOSPITAL GERAL UNIMED,PONTA GROSSA,3a RS PONTA GROSSA,MACRORREGIONAL LESTE,27,Influenza,1
HOSPITAL GERAL UNIMED,CARAMBEI,3a RS PONTA GROSSA,MACRORREGIONAL LESTE,27,Metapneumovírus,1
HOSPITAL GERAL UNIMED,PONTA GROSSA,3a RS PONTA GROSSA,MACRORREGIONAL LESTE,27,Metapneumovírus,1
HOSPITAL GERAL UNIMED,CASTRO,3a RS PONTA GROSSA,MACRORREGIONAL LESTE,27,VSR,1
HOSPITAL GERAL UNIMED,PONTA GROSSA,3a RS PONTA GROSSA,MACRORREGIONAL LESTE,27,VSR,2
HOSPITAL GERAL UNIMED,PONTA GROSSA,3a RS PONTA GROSSA,MACRORREGIONAL LESTE,28,Rinovírus,1
HOSPITAL GERAL UNIMED,CASTRO,3a RS PONTA GROSSA,MACRORREGIONAL LESTE,28,VSR,1
HOSPITAL GERAL UNIMED,PONTA GROSSA,3a RS PONTA GROSSA,MACRORREGIONAL LESTE,28,VSR,1
HOSPITAL GERAL UNIMED,PIRAI DO SUL,3a RS PONTA GROSSA,MACRORREGIONAL LESTE,29,Metapneumovírus,1
HOSPITAL GERAL UNIMED,ARAPOTI,3a RS PONTA GROSSA,MACRORREGIONAL LESTE,29,VSR,1
HOSPITAL GERAL UNIMED,CASTRO,3a RS PONTA GROSSA,MACRORREGIONAL LESTE,29,VSR,1
HOSPITAL GERAL UNIMED,PONTA GROSSA,3a RS PONTA GROSSA,MACRORREGIONAL LESTE,29,VSR,4
HOSPITAL GERAL UNIMED,PONTA GROSSA,3a RS PONTA GROSSA,MACRORREGIONAL LESTE,30,VSR,1
HOSPITAL GERAL UNIMED,CASTRO,3a RS PONTA GROSSA,MACRORREGIONAL LESTE,32,VSR,1
HOSPITAL GERAL UNIMED,PONTA GROSSA,3a RS PONTA GROSSA,MACRORREGIONAL LESTE,32,VSR,2
HOSPITAL GERAL UNIMED,PIRAI DO SUL,3a RS PONTA GROSSA,MACRORREGIONAL LESTE,33,VSR,1
HOSPITAL INFANTIL DOUTOR WALDEMAR MONASTIER,PONTA GROSSA,3a RS PONTA GROSSA,MACRORREGIONAL LESTE,4,Adenovírus,1
HOSPITAL INFANTIL DOUTOR WALDEMAR MONASTIER,CARAMBEI,3a RS PONTA GROSSA,MACRORREGIONAL LESTE,5,Adenovírus,1
HOSPITAL INFANTIL DOUTOR WALDEMAR MONASTIER,PONTA GROSSA,3a RS PONTA GROSSA,MACRORREGIONAL LESTE,5,Metapneumovírus,1
HOSPITAL INFANTIL DOUTOR WALDEMAR MONASTIER,CARAMBEI,3a RS PONTA GROSSA,MACRORREGIONAL LESTE,5,Rinovírus,1
HOSPITAL INFANTIL DOUTOR WALDEMAR MONASTIER,IPIRANGA,3a RS PONTA GROSSA,MACRORREGIONAL LESTE,6,Rinovírus,1
HOSPITAL INFANTIL DOUTOR WALDEMAR MONASTIER,CASTRO,3a RS PONTA GROSSA,MACRORREGIONAL LESTE,7,Rinovírus,1
HOSPITAL INFANTIL DOUTOR WALDEMAR MONASTIER,CASTRO,3a RS PONTA GROSSA,MACRORREGIONAL LESTE,9,Rinovírus,1
HOSPITAL INFANTIL DOUTOR WALDEMAR MONASTIER,PIRAI DO SUL,3a RS PONTA GROSSA,MACRORREGIONAL LESTE,9,Rinovírus,1
HOSPITAL INFANTIL DOUTOR WALDEMAR MONASTIER,PALMEIRA,3a RS PONTA GROSSA,MACRORREGIONAL LESTE,14,Adenovírus,1
HOSPITAL INFANTIL DOUTOR WALDEMAR MONASTIER,CARAMBEI,3a RS PONTA GROSSA,MACRORREGIONAL LESTE,19,Rinovírus,1
HOSPITAL INFANTIL DOUTOR WALDEMAR MONASTIER,CASTRO,3a RS PONTA GROSSA,MACRORREGIONAL LESTE,19,Rinovírus,1
HOSPITAL INFANTIL DOUTOR WALDEMAR MONASTIER,CASTRO,3a RS PONTA GROSSA,MACRORREGIONAL LESTE,21,Rinovírus,1
HOSPITAL INFANTIL DOUTOR WALDEMAR MONASTIER,PONTA GROSSA,3a RS PONTA GROSSA,MACRORREGIONAL LESTE,22,Rinovírus,1
HOSPITAL INFANTIL DOUTOR WALDEMAR MONASTIER,PIRAI DO SUL,3a RS PONTA GROSSA,MACRORREGIONAL LESTE,26,Metapneumovírus,1
HOSPITAL INFANTIL DOUTOR WALDEMAR MONASTIER,CARAMBEI,3a RS PONTA GROSSA,MACRORREGIONAL LESTE,27,Rinovírus,1
HOSPITAL INFANTIL DOUTOR WALDEMAR MONASTIER,CARAMBEI,3a RS PONTA GROSSA,MACRORREGIONAL LESTE,27,VSR,1
HOSPITAL INFANTIL DOUTOR WALDEMAR MONASTIER,PONTA GROSSA,3a RS PONTA GROSSA,MACRORREGIONAL LESTE,27,VSR,1
HOSPITAL INFANTIL DOUTOR WALDEMAR MONASTIER,PONTA GROSSA,3a RS PONTA GROSSA,MACRORREGIONAL LESTE,29,Rinovírus,1
HOSPITAL INFANTIL DOUTOR WALDEMAR MONASTIER,CASTRO,3a RS PONTA GROSSA,MACRORREGIONAL LESTE,29,VSR,1
HOSPITAL INFANTIL DOUTOR WALDEMAR MONASTIER,PALMEIRA,3a RS PONTA GROSSA,MACRORREGIONAL LESTE,29,VSR,1
HOSPITAL INFANTIL PEQUENO PRINCIPE,PONTA GROSSA,3a RS PONTA GROSSA,MACRORREGIONAL LESTE,11,Rinovírus,1
HOSPITAL INFANTIL PEQUENO PRINCIPE,PONTA GROSSA,3a RS PONTA GROSSA,MACRORREGIONAL LESTE,24,Influenza,1
HOSPITAL MUNICIPAL 18 DE DEZEMBRO,ARAPOTI,3a RS PONTA GROSSA,MACRORREGIONAL LESTE,12,Rinovírus,1
HOSPITAL MUNICIPAL 18 DE DEZEMBRO,ARAPOTI,3a RS PONTA GROSSA,MACRORREGIONAL LESTE,26,Influenza,1
HOSPITAL MUNICIPAL 18 DE DEZEMBRO,ARAPOTI,3a RS PONTA GROSSA,MACRORREGIONAL LESTE,26,VSR,1
HOSPITAL MUNICIPAL 18 DE DEZEMBRO,ARAPOTI,3a RS PONTA GROSSA,MACRORREGIONAL LESTE,28,VSR,1
HOSPITAL MUNICIPAL 18 DE DEZEMBRO,ARAPOTI,3a RS PONTA GROSSA,MACRORREGIONAL LESTE,30,Metapneumovírus,1
HOSPITAL MUNICIPAL 18 DE DEZEMBRO,ARAPOTI,3a RS PONTA GROSSA,MACRORREGIONAL LESTE,30,VSR,1
HOSPITAL MUNICIPAL 18 DE DEZEMBRO,CASTRO,3a RS PONTA GROSSA,MACRORREGIONAL LESTE,30,VSR,1
HOSPITAL MUNICIPAL 18 DE DEZEMBRO,ARAPOTI,3a RS PONTA GROSSA,MACRORREGIONAL LESTE,32,Metapneumovírus,1
HOSPITAL MUNICIPAL 18 DE DEZEMBRO,ARAPOTI,3a RS PONTA GROSSA,MACRORREGIONAL LESTE,32,Rinovírus,1
HOSPITAL MUNICIPAL CAROLINA LUPION,JAGUARIAIVA,3a RS PONTA GROSSA,MACRORREGIONAL LESTE,2,Covid-19,1
HOSPITAL MUNICIPAL CAROLINA LUPION,JAGUARIAIVA,3a RS PONTA GROSSA,MACRORREGIONAL LESTE,5,Covid-19,2
HOSPITAL MUNICIPAL CAROLINA LUPION,JAGUARIAIVA,3a RS PONTA GROSSA,MACRORREGIONAL LESTE,5,Influenza,1
HOSPITAL MUNICIPAL CAROLINA LUPION,JAGUARIAIVA,3a RS PONTA GROSSA,MACRORREGIONAL LESTE,5,Rinovírus,1
HOSPITAL MUNICIPAL CAROLINA LUPION,ARAPOTI,3a RS PONTA GROSSA,MACRORREGIONAL LESTE,6,Covid-19,1
HOSPITAL MUNICIPAL CAROLINA LUPION,JAGUARIAIVA,3a RS PONTA GROSSA,MACRORREGIONAL LESTE,6,Covid-19,1
HOSPITAL MUNICIPAL CAROLINA LUPION,JAGUARIAIVA,3a RS PONTA GROSSA,MACRORREGIONAL LESTE,8,Covid-19,1
HOSPITAL MUNICIPAL CAROLINA LUPION,JAGUARIAIVA,3a RS PONTA GROSSA,MACRORREGIONAL LESTE,8,Influenza,1
HOSPITAL MUNICIPAL CAROLINA LUPION,JAGUARIAIVA,3a RS PONTA GROSSA,MACRORREGIONAL LESTE,8,Rinovírus,3
HOSPITAL MUNICIPAL CAROLINA LUPION,JAGUARIAIVA,3a RS PONTA GROSSA,MACRORREGIONAL LESTE,9,Covid-19,1
HOSPITAL MUNICIPAL CAROLINA LUPION,JAGUARIAIVA,3a RS PONTA GROSSA,MACRORREGIONAL LESTE,9,Influenza,1
HOSPITAL MUNICIPAL CAROLINA LUPION,JAGUARIAIVA,3a RS PONTA GROSSA,MACRORREGIONAL LESTE,9,Rinovírus,5
HOSPITAL MUNICIPAL CAROLINA LUPION,JAGUARIAIVA,3a RS PONTA GROSSA,MACRORREGIONAL LESTE,10,Rinovírus,3
HOSPITAL MUNICIPAL CAROLINA LUPION,JAGUARIAIVA,3a RS PONTA GROSSA,MACRORREGIONAL LESTE,11,Influenza,1
HOSPITAL MUNICIPAL CAROLINA LUPION,JAGUARIAIVA,3a RS PONTA GROSSA,MACRORREGIONAL LESTE,11,Rinovírus,8
HOSPITAL MUNICIPAL CAROLINA LUPION,JAGUARIAIVA,3a RS PONTA GROSSA,MACRORREGIONAL LESTE,12,Covid-19,1
HOSPITAL MUNICIPAL CAROLINA LUPION,JAGUARIAIVA,3a RS PONTA GROSSA,MACRORREGIONAL LESTE,12,Influenza,3
HOSPITAL MUNICIPAL CAROLINA LUPION,JAGUARIAIVA,3a RS PONTA GROSSA,MACRORREGIONAL LESTE,13,Influenza,4
HOSPITAL MUNICIPAL CAROLINA LUPION,JAGUARIAIVA,3a RS PONTA GROSSA,MACRORREGIONAL LESTE,13,Rinovírus,3
HOSPITAL MUNICIPAL CAROLINA LUPION,JAGUARIAIVA,3a RS PONTA GROSSA,MACRORREGIONAL LESTE,14,Influenza,4
HOSPITAL MUNICIPAL CAROLINA LUPION,JAGUARIAIVA,3a RS PONTA GROSSA,MACRORREGIONAL LESTE,14,Rinovírus,1
HOSPITAL MUNICIPAL CAROLINA LUPION,JAGUARIAIVA,3a RS PONTA GROSSA,MACRORREGIONAL LESTE,15,Influenza,1
HOSPITAL MUNICIPAL CAROLINA LUPION,JAGUARIAIVA,3a RS PONTA GROSSA,MACRORREGIONAL LESTE,15,Rinovírus,3
HOSPITAL MUNICIPAL CAROLINA LUPION,JAGUARIAIVA,3a RS PONTA GROSSA,MACRORREGIONAL LESTE,16,Adenovírus,1
HOSPITAL MUNICIPAL CAROLINA LUPION,JAGUARIAIVA,3a RS PONTA GROSSA,MACRORREGIONAL LESTE,16,Influenza,4
HOSPITAL MUNICIPAL CAROLINA LUPION,JAGUARIAIVA,3a RS PONTA GROSSA,MACRORREGIONAL LESTE,16,Rinovírus,5
HOSPITAL MUNICIPAL CAROLINA LUPION,JAGUARIAIVA,3a RS PONTA GROSSA,MACRORREGIONAL LESTE,17,Adenovírus,1
HOSPITAL MUNICIPAL CAROLINA LUPION,JAGUARIAIVA,3a RS PONTA GROSSA,MACRORREGIONAL LESTE,17,Influenza,1
HOSPITAL MUNICIPAL CAROLINA LUPION,JAGUARIAIVA,3a RS PONTA GROSSA,MACRORREGIONAL LESTE,17,Rinovírus,3
HOSPITAL MUNICIPAL CAROLINA LUPION,JAGUARIAIVA,3a RS PONTA GROSSA,MACRORREGIONAL LESTE,19,Influenza,4
HOSPITAL MUNICIPAL CAROLINA LUPION,JAGUARIAIVA,3a RS PONTA GROSSA,MACRORREGIONAL LESTE,19,Rinovírus,1
HOSPITAL MUNICIPAL CAROLINA LUPION,JAGUARIAIVA,3a RS PONTA GROSSA,MACRORREGIONAL LESTE,19,VSR,1
HOSPITAL MUNICIPAL CAROLINA LUPION,JAGUARIAIVA,3a RS PONTA GROSSA,MACRORREGIONAL LESTE,21,Influenza,3
HOSPITAL MUNICIPAL CAROLINA LUPION,JAGUARIAIVA,3a RS PONTA GROSSA,MACRORREGIONAL LESTE,21,Rinovírus,3
HOSPITAL MUNICIPAL CAROLINA LUPION,JAGUARIAIVA,3a RS PONTA GROSSA,MACRORREGIONAL LESTE,22,Adenovírus,1
HOSPITAL MUNICIPAL CAROLINA LUPION,JAGUARIAIVA,3a RS PONTA GROSSA,MACRORREGIONAL LESTE,22,Rinovírus,1
HOSPITAL MUNICIPAL CAROLINA LUPION,JAGUARIAIVA,3a RS PONTA GROSSA,MACRORREGIONAL LESTE,23,Influenza,2
HOSPITAL MUNICIPAL CAROLINA LUPION,JAGUARIAIVA,3a RS PONTA GROSSA,MACRORREGIONAL LESTE,24,Adenovírus,1
HOSPITAL MUNICIPAL CAROLINA LUPION,JAGUARIAIVA,3a RS PONTA GROSSA,MACRORREGIONAL LESTE,24,Influenza,1
HOSPITAL MUNICIPAL CAROLINA LUPION,JAGUARIAIVA,3a RS PONTA GROSSA,MACRORREGIONAL LESTE,24,Metapneumovírus,1
HOSPITAL MUNICIPAL CAROLINA LUPION,JAGUARIAIVA,3a RS PONTA GROSSA,MACRORREGIONAL LESTE,24,Rinovírus,2
HOSPITAL MUNICIPAL CAROLINA LUPION,JAGUARIAIVA,3a RS PONTA GROSSA,MACRORREGIONAL LESTE,25,Influenza,2
HOSPITAL MUNICIPAL CAROLINA LUPION,JAGUARIAIVA,3a RS PONTA GROSSA,MACRORREGIONAL LESTE,26,Influenza,1
HOSPITAL MUNICIPAL CAROLINA LUPION,JAGUARIAIVA,3a RS PONTA GROSSA,MACRORREGIONAL LESTE,26,Metapneumovírus,2
HOSPITAL MUNICIPAL CAROLINA LUPION,JAGUARIAIVA,3a RS PONTA GROSSA,MACRORREGIONAL LESTE,27,VSR,1
HOSPITAL MUNICIPAL CAROLINA LUPION,JAGUARIAIVA,3a RS PONTA GROSSA,MACRORREGIONAL LESTE,28,Adenovírus,1
HOSPITAL MUNICIPAL CAROLINA LUPION,JAGUARIAIVA,3a RS PONTA GROSSA,MACRORREGIONAL LESTE,28,Influenza,1
HOSPITAL MUNICIPAL CAROLINA LUPION,JAGUARIAIVA,3a RS PONTA GROSSA,MACRORREGIONAL LESTE,28,Metapneumovírus,1
HOSPITAL MUNICIPAL CAROLINA LUPION,JAGUARIAIVA,3a RS PONTA GROSSA,MACRORREGIONAL LESTE,28,VSR,6
HOSPITAL MUNICIPAL CAROLINA LUPION,JAGUARIAIVA,3a RS PONTA GROSSA,MACRORREGIONAL LESTE,29,Adenovírus,1
HOSPITAL MUNICIPAL CAROLINA LUPION,JAGUARIAIVA,3a RS PONTA GROSSA,MACRORREGIONAL LESTE,29,Influenza,2
HOSPITAL MUNICIPAL CAROLINA LUPION,JAGUARIAIVA,3a RS PONTA GROSSA,MACRORREGIONAL LESTE,29,Metapneumovírus,1
HOSPITAL MUNICIPAL CAROLINA LUPION,JAGUARIAIVA,3a RS PONTA GROSSA,MACRORREGIONAL LESTE,29,Rinovírus,2
HOSPITAL MUNICIPAL CAROLINA LUPION,JAGUARIAIVA,3a RS PONTA GROSSA,MACRORREGIONAL LESTE,29,VSR,1
HOSPITAL MUNICIPAL CAROLINA LUPION,JAGUARIAIVA,3a RS PONTA GROSSA,MACRORREGIONAL LESTE,30,Influenza,3
HOSPITAL MUNICIPAL CAROLINA LUPION,JAGUARIAIVA,3a RS PONTA GROSSA,MACRORREGIONAL LESTE,30,Metapneumovírus,2
HOSPITAL MUNICIPAL CAROLINA LUPION,JAGUARIAIVA,3a RS PONTA GROSSA,MACRORREGIONAL LESTE,30,VSR,4
HOSPITAL MUNICIPAL CAROLINA LUPION,JAGUARIAIVA,3a RS PONTA GROSSA,MACRORREGIONAL LESTE,31,Metapneumovírus,1
HOSPITAL MUNICIPAL CAROLINA LUPION,JAGUARIAIVA,3a RS PONTA GROSSA,MACRORREGIONAL LESTE,31,Rinovírus,1
HOSPITAL MUNICIPAL CAROLINA LUPION,JAGUARIAIVA,3a RS PONTA GROSSA,MACRORREGIONAL LESTE,31,VSR,1
HOSPITAL MUNICIPAL CAROLINA LUPION,JAGUARIAIVA,3a RS PONTA GROSSA,MACRORREGIONAL LESTE,32,Influenza,1
HOSPITAL MUNICIPAL CAROLINA LUPION,JAGUARIAIVA,3a RS PONTA GROSSA,MACRORREGIONAL LESTE,32,Metapneumovírus,1
HOSPITAL MUNICIPAL CAROLINA LUPION,JAGUARIAIVA,3a RS PONTA GROSSA,MACRORREGIONAL LESTE,32,VSR,1
HOSPITAL MUNICIPAL CAROLINA LUPION,JAGUARIAIVA,3a RS PONTA GROSSA,MACRORREGIONAL LESTE,33,Metapneumovírus,1
HOSPITAL MUNICIPAL CAROLINA LUPION,JAGUARIAIVA,3a RS PONTA GROSSA,MACRORREGIONAL LESTE,33,Rinovírus,3
HOSPITAL MUNICIPAL CAROLINA LUPION,JAGUARIAIVA,3a RS PONTA GROSSA,MACRORREGIONAL LESTE,33,VSR,1
HOSPITAL MUNICIPAL CAROLINA LUPION,JAGUARIAIVA,3a RS PONTA GROSSA,MACRORREGIONAL LESTE,34,Rinovírus,1
HOSPITAL MUNICIPAL CAROLINA LUPION,JAGUARIAIVA,3a RS PONTA GROSSA,MACRORREGIONAL LESTE,34,VSR,2
HOSPITAL MUNICIPAL CAROLINA LUPION,JAGUARIAIVA,3a RS PONTA GROSSA,MACRORREGIONAL LESTE,35,Adenovírus,1
HOSPITAL MUNICIPAL CAROLINA LUPION,JAGUARIAIVA,3a RS PONTA GROSSA,MACRORREGIONAL LESTE,35,Metapneumovírus,1
HOSPITAL MUNICIPAL CAROLINA LUPION,JAGUARIAIVA,3a RS PONTA GROSSA,MACRORREGIONAL LESTE,35,VSR,2
HOSPITAL MUNICIPAL CAROLINA LUPION,JAGUARIAIVA,3a RS PONTA GROSSA,MACRORREGIONAL LESTE,36,Metapneumovírus,1
HOSPITAL MUNICIPAL CAROLINA LUPION,JAGUARIAIVA,3a RS PONTA GROSSA,MACRORREGIONAL LESTE,36,Rinovírus,2
HOSPITAL MUNICIPAL CAROLINA LUPION,JAGUARIAIVA,3a RS PONTA GROSSA,MACRORREGIONAL LESTE,36,VSR,1
HOSPITAL MUNICIPAL VICENTE GROCHOSKI,IVAI,3a RS PONTA GROSSA,MACRORREGIONAL LESTE,23,Influenza,1
HOSPITAL MUNICIPAL VICENTE GROCHOSKI,IVAI,3a RS PONTA GROSSA,MACRORREGIONAL LESTE,29,VSR,1
HOSPITAL MUNICIPAL VICENTE GROCHOSKI,IVAI,3a RS PONTA GROSSA,MACRORREGIONAL LESTE,31,VSR,1
HOSPITAL MUNICIPAL VICENTE GROCHOSKI,IPIRANGA,3a RS PONTA GROSSA,MACRORREGIONAL LESTE,33,VSR,1
HOSPITAL MUNICIPAL VICENTE GROCHOSKI,IVAI,3a RS PONTA GROSSA,MACRORREGIONAL LESTE,34,VSR,2
HOSPITAL MUNICIPAL VICENTE GROCHOSKI,IVAI,3a RS PONTA GROSSA,MACRORREGIONAL LESTE,36,VSR,1
HOSPITAL REGIONAL DE GUARAPUAVA,PONTA GROSSA,3a RS PONTA GROSSA,MACRORREGIONAL LESTE,26,Covid-19,1
HOSPITAL REGIONAL DO LITORAL,PONTA GROSSA,3a RS PONTA GROSSA,MACRORREGIONAL LESTE,29,VSR,1
HOSPITAL REGIONAL UNIMED LONDRINA,PONTA GROSSA,3a RS PONTA GROSSA,MACRORREGIONAL LESTE,29,VSR,1
HOSPITAL SANTO ANTONIO,PIRAI DO SUL,3a RS PONTA GROSSA,MACRORREGIONAL LESTE,33,Rinovírus,1
HOSPITAL SANTO ANTONIO,PIRAI DO SUL,3a RS PONTA GROSSA,MACRORREGIONAL LESTE,33,VSR,1
HOSPITAL SANTO ANTONIO,PIRAI DO SUL,3a RS PONTA GROSSA,MACRORREGIONAL LESTE,34,VSR,1
HOSPITAL UNIVERSITARIO REGIONAL DOS CAMPOS GERAIS,PALMEIRA,3a RS PONTA GROSSA,MACRORREGIONAL LESTE,2,Rinovírus,1
HOSPITAL UNIVERSITARIO REGIONAL DOS CAMPOS GERAIS,PONTA GROSSA,3a RS PONTA GROSSA,MACRORREGIONAL LESTE,3,Rinovírus,1
HOSPITAL UNIVERSITARIO REGIONAL DOS CAMPOS GERAIS,PONTA GROSSA,3a RS PONTA GROSSA,MACRORREGIONAL LESTE,4,Adenovírus,1
HOSPITAL UNIVERSITARIO REGIONAL DOS CAMPOS GERAIS,PONTA GROSSA,3a RS PONTA GROSSA,MACRORREGIONAL LESTE,5,Metapneumovírus,1
HOSPITAL UNIVERSITARIO REGIONAL DOS CAMPOS GERAIS,PONTA GROSSA,3a RS PONTA GROSSA,MACRORREGIONAL LESTE,7,Rinovírus,1
HOSPITAL UNIVERSITARIO REGIONAL DOS CAMPOS GERAIS,PONTA GROSSA,3a RS PONTA GROSSA,MACRORREGIONAL LESTE,8,Influenza,1
HOSPITAL UNIVERSITARIO REGIONAL DOS CAMPOS GERAIS,CASTRO,3a RS PONTA GROSSA,MACRORREGIONAL LESTE,8,Rinovírus,1
HOSPITAL UNIVERSITARIO REGIONAL DOS CAMPOS GERAIS,PONTA GROSSA,3a RS PONTA GROSSA,MACRORREGIONAL LESTE,8,Rinovírus,3
HOSPITAL UNIVERSITARIO REGIONAL DOS CAMPOS GERAIS,JAGUARIAIVA,3a RS PONTA GROSSA,MACRORREGIONAL LESTE,9,Rinovírus,1
HOSPITAL UNIVERSITARIO REGIONAL DOS CAMPOS GERAIS,PONTA GROSSA,3a RS PONTA GROSSA,MACRORREGIONAL LESTE,9,Rinovírus,2
HOSPITAL UNIVERSITARIO REGIONAL DOS CAMPOS GERAIS,CARAMBEI,3a RS PONTA GROSSA,MACRORREGIONAL LESTE,10,Rinovírus,1
HOSPITAL UNIVERSITARIO REGIONAL DOS CAMPOS GERAIS,IPIRANGA,3a RS PONTA GROSSA,MACRORREGIONAL LESTE,10,Rinovírus,1
HOSPITAL UNIVERSITARIO REGIONAL DOS CAMPOS GERAIS,PALMEIRA,3a RS PONTA GROSSA,MACRORREGIONAL LESTE,10,Rinovírus,1
HOSPITAL UNIVERSITARIO REGIONAL DOS CAMPOS GERAIS,PONTA GROSSA,3a RS PONTA GROSSA,MACRORREGIONAL LESTE,10,Rinovírus,4
HOSPITAL UNIVERSITARIO REGIONAL DOS CAMPOS GERAIS,IPIRANGA,3a RS PONTA GROSSA,MACRORREGIONAL LESTE,11,Rinovírus,1
HOSPITAL UNIVERSITARIO REGIONAL DOS CAMPOS GERAIS,PALMEIRA,3a RS PONTA GROSSA,MACRORREGIONAL LESTE,11,Rinovírus,2
HOSPITAL UNIVERSITARIO REGIONAL DOS CAMPOS GERAIS,PONTA GROSSA,3a RS PONTA GROSSA,MACRORREGIONAL LESTE,11,Rinovírus,3
HOSPITAL UNIVERSITARIO REGIONAL DOS CAMPOS GERAIS,PIRAI DO SUL,3a RS PONTA GROSSA,MACRORREGIONAL LESTE,12,Adenovírus,1
HOSPITAL UNIVERSITARIO REGIONAL DOS CAMPOS GERAIS,PIRAI DO SUL,3a RS PONTA GROSSA,MACRORREGIONAL LESTE,12,Influenza,1
HOSPITAL UNIVERSITARIO REGIONAL DOS CAMPOS GERAIS,ARAPOTI,3a RS PONTA GROSSA,MACRORREGIONAL LESTE,12,Rinovírus,1
HOSPITAL UNIVERSITARIO REGIONAL DOS CAMPOS GERAIS,PIRAI DO SUL,3a RS PONTA GROSSA,MACRORREGIONAL LESTE,12,Rinovírus,1
HOSPITAL UNIVERSITARIO REGIONAL DOS CAMPOS GERAIS,PONTA GROSSA,3a RS PONTA GROSSA,MACRORREGIONAL LESTE,12,Rinovírus,4
HOSPITAL UNIVERSITARIO REGIONAL DOS CAMPOS GERAIS,CARAMBEI,3a RS PONTA GROSSA,MACRORREGIONAL LESTE,13,Rinovírus,1
HOSPITAL UNIVERSITARIO REGIONAL DOS CAMPOS GERAIS,PONTA GROSSA,3a RS PONTA GROSSA,MACRORREGIONAL LESTE,13,Rinovírus,1
HOSPITAL UNIVERSITARIO REGIONAL DOS CAMPOS GERAIS,PONTA GROSSA,3a RS PONTA GROSSA,MACRORREGIONAL LESTE,14,Adenovírus,1
HOSPITAL UNIVERSITARIO REGIONAL DOS CAMPOS GERAIS,PONTA GROSSA,3a RS PONTA GROSSA,MACRORREGIONAL LESTE,14,Covid-19,1
HOSPITAL UNIVERSITARIO REGIONAL DOS CAMPOS GERAIS,PONTA GROSSA,3a RS PONTA GROSSA,MACRORREGIONAL LESTE,14,Influenza,1
HOSPITAL UNIVERSITARIO REGIONAL DOS CAMPOS GERAIS,PONTA GROSSA,3a RS PONTA GROSSA,MACRORREGIONAL LESTE,14,Metapneumovírus,1
HOSPITAL UNIVERSITARIO REGIONAL DOS CAMPOS GERAIS,PONTA GROSSA,3a RS PONTA GROSSA,MACRORREGIONAL LESTE,14,Rinovírus,2
HOSPITAL UNIVERSITARIO REGIONAL DOS CAMPOS GERAIS,ARAPOTI,3a RS PONTA GROSSA,MACRORREGIONAL LESTE,15,Adenovírus,1
HOSPITAL UNIVERSITARIO REGIONAL DOS CAMPOS GERAIS,PONTA GROSSA,3a RS PONTA GROSSA,MACRORREGIONAL LESTE,15,Influenza,4
HOSPITAL UNIVERSITARIO REGIONAL DOS CAMPOS GERAIS,ARAPOTI,3a RS PONTA GROSSA,MACRORREGIONAL LESTE,15,Rinovírus,1
HOSPITAL UNIVERSITARIO REGIONAL DOS CAMPOS GERAIS,CARAMBEI,3a RS PONTA GROSSA,MACRORREGIONAL LESTE,15,Rinovírus,1
HOSPITAL UNIVERSITARIO REGIONAL DOS CAMPOS GERAIS,PONTA GROSSA,3a RS PONTA GROSSA,MACRORREGIONAL LESTE,15,Rinovírus,2
HOSPITAL UNIVERSITARIO REGIONAL DOS CAMPOS GERAIS,ARAPOTI,3a RS PONTA GROSSA,MACRORREGIONAL LESTE,16,Adenovírus,1
HOSPITAL UNIVERSITARIO REGIONAL DOS CAMPOS GERAIS,CARAMBEI,3a RS PONTA GROSSA,MACRORREGIONAL LESTE,16,Adenovírus,1
HOSPITAL UNIVERSITARIO REGIONAL DOS CAMPOS GERAIS,CARAMBEI,3a RS PONTA GROSSA,MACRORREGIONAL LESTE,16,Influenza,2
HOSPITAL UNIVERSITARIO REGIONAL DOS CAMPOS GERAIS,PONTA GROSSA,3a RS PONTA GROSSA,MACRORREGIONAL LESTE,16,Influenza,6
HOSPITAL UNIVERSITARIO REGIONAL DOS CAMPOS GERAIS,CARAMBEI,3a RS PONTA GROSSA,MACRORREGIONAL LESTE,16,Rinovírus,1
HOSPITAL UNIVERSITARIO REGIONAL DOS CAMPOS GERAIS,PONTA GROSSA,3a RS PONTA GROSSA,MACRORREGIONAL LESTE,16,Rinovírus,4
HOSPITAL UNIVERSITARIO REGIONAL DOS CAMPOS GERAIS,CASTRO,3a RS PONTA GROSSA,MACRORREGIONAL LESTE,17,Influenza,1
HOSPITAL UNIVERSITARIO REGIONAL DOS CAMPOS GERAIS,PONTA GROSSA,3a RS PONTA GROSSA,MACRORREGIONAL LESTE,17,Influenza,5
HOSPITAL UNIVERSITARIO REGIONAL DOS CAMPOS GERAIS,PONTA GROSSA,3a RS PONTA GROSSA,MACRORREGIONAL LESTE,17,Rinovírus,5
HOSPITAL UNIVERSITARIO REGIONAL DOS CAMPOS GERAIS,PONTA GROSSA,3a RS PONTA GROSSA,MACRORREGIONAL LESTE,18,Adenovírus,1
HOSPITAL UNIVERSITARIO REGIONAL DOS CAMPOS GERAIS,PONTA GROSSA,3a RS PONTA GROSSA,MACRORREGIONAL LESTE,18,Influenza,2
HOSPITAL UNIVERSITARIO REGIONAL DOS CAMPOS GERAIS,CARAMBEI,3a RS PONTA GROSSA,MACRORREGIONAL LESTE,18,Rinovírus,1
HOSPITAL UNIVERSITARIO REGIONAL DOS CAMPOS GERAIS,PONTA GROSSA,3a RS PONTA GROSSA,MACRORREGIONAL LESTE,18,Rinovírus,1
HOSPITAL UNIVERSITARIO REGIONAL DOS CAMPOS GERAIS,CASTRO,3a RS PONTA GROSSA,MACRORREGIONAL LESTE,19,Influenza,1
HOSPITAL UNIVERSITARIO REGIONAL DOS CAMPOS GERAIS,PONTA GROSSA,3a RS PONTA GROSSA,MACRORREGIONAL LESTE,19,Influenza,5
HOSPITAL UNIVERSITARIO REGIONAL DOS CAMPOS GERAIS,CASTRO,3a RS PONTA GROSSA,MACRORREGIONAL LESTE,19,Rinovírus,1
HOSPITAL UNIVERSITARIO REGIONAL DOS CAMPOS GERAIS,PONTA GROSSA,3a RS PONTA GROSSA,MACRORREGIONAL LESTE,19,Rinovírus,3
HOSPITAL UNIVERSITARIO REGIONAL DOS CAMPOS GERAIS,IPIRANGA,3a RS PONTA GROSSA,MACRORREGIONAL LESTE,20,Influenza,1
HOSPITAL UNIVERSITARIO REGIONAL DOS CAMPOS GERAIS,PONTA GROSSA,3a RS PONTA GROSSA,MACRORREGIONAL LESTE,20,Rinovírus,2
HOSPITAL UNIVERSITARIO REGIONAL DOS CAMPOS GERAIS,PONTA GROSSA,3a RS PONTA GROSSA,MACRORREGIONAL LESTE,21,Adenovírus,1
HOSPITAL UNIVERSITARIO REGIONAL DOS CAMPOS GERAIS,ARAPOTI,3a RS PONTA GROSSA,MACRORREGIONAL LESTE,21,Influenza,1
HOSPITAL UNIVERSITARIO REGIONAL DOS CAMPOS GERAIS,PONTA GROSSA,3a RS PONTA GROSSA,MACRORREGIONAL LESTE,21,Influenza,8
HOSPITAL UNIVERSITARIO REGIONAL DOS CAMPOS GERAIS,SAO JOAO DO TRIUNFO,3a RS PONTA GROSSA,MACRORREGIONAL LESTE,21,Influenza,1
HOSPITAL UNIVERSITARIO REGIONAL DOS CAMPOS GERAIS,CASTRO,3a RS PONTA GROSSA,MACRORREGIONAL LESTE,21,Rinovírus,1
HOSPITAL UNIVERSITARIO REGIONAL DOS CAMPOS GERAIS,PIRAI DO SUL,3a RS PONTA GROSSA,MACRORREGIONAL LESTE,21,Rinovírus,1
HOSPITAL UNIVERSITARIO REGIONAL DOS CAMPOS GERAIS,PONTA GROSSA,3a RS PONTA GROSSA,MACRORREGIONAL LESTE,21,Rinovírus,4
HOSPITAL UNIVERSITARIO REGIONAL DOS CAMPOS GERAIS,PONTA GROSSA,3a RS PONTA GROSSA,MACRORREGIONAL LESTE,22,Adenovírus,2
HOSPITAL UNIVERSITARIO REGIONAL DOS CAMPOS GERAIS,PONTA GROSSA,3a RS PONTA GROSSA,MACRORREGIONAL LESTE,22,Influenza,6
HOSPITAL UNIVERSITARIO REGIONAL DOS CAMPOS GERAIS,CASTRO,3a RS PONTA GROSSA,MACRORREGIONAL LESTE,22,Metapneumovírus,1
HOSPITAL UNIVERSITARIO REGIONAL DOS CAMPOS GERAIS,PALMEIRA,3a RS PONTA GROSSA,MACRORREGIONAL LESTE,22,Rinovírus,1
HOSPITAL UNIVERSITARIO REGIONAL DOS CAMPOS GERAIS,PIRAI DO SUL,3a RS PONTA GROSSA,MACRORREGIONAL LESTE,22,Rinovírus,1
HOSPITAL UNIVERSITARIO REGIONAL DOS CAMPOS GERAIS,PONTA GROSSA,3a RS PONTA GROSSA,MACRORREGIONAL LESTE,22,Rinovírus,3
HOSPITAL UNIVERSITARIO REGIONAL DOS CAMPOS GERAIS,PONTA GROSSA,3a RS PONTA GROSSA,MACRORREGIONAL LESTE,22,VSR,1
HOSPITAL UNIVERSITARIO REGIONAL DOS CAMPOS GERAIS,PONTA GROSSA,3a RS PONTA GROSSA,MACRORREGIONAL LESTE,23,Adenovírus,1
HOSPITAL UNIVERSITARIO REGIONAL DOS CAMPOS GERAIS,CARAMBEI,3a RS PONTA GROSSA,MACRORREGIONAL LESTE,23,Influenza,1
HOSPITAL UNIVERSITARIO REGIONAL DOS CAMPOS GERAIS,PONTA GROSSA,3a RS PONTA GROSSA,MACRORREGIONAL LESTE,23,Influenza,8
HOSPITAL UNIVERSITARIO REGIONAL DOS CAMPOS GERAIS,PONTA GROSSA,3a RS PONTA GROSSA,MACRORREGIONAL LESTE,23,Metapneumovírus,1
HOSPITAL UNIVERSITARIO REGIONAL DOS CAMPOS GERAIS,CARAMBEI,3a RS PONTA GROSSA,MACRORREGIONAL LESTE,23,Rinovírus,1
HOSPITAL UNIVERSITARIO REGIONAL DOS CAMPOS GERAIS,PORTO AMAZONAS,3a RS PONTA GROSSA,MACRORREGIONAL LESTE,23,Rinovírus,1
HOSPITAL UNIVERSITARIO REGIONAL DOS CAMPOS GERAIS,CARAMBEI,3a RS PONTA GROSSA,MACRORREGIONAL LESTE,23,VSR,1
HOSPITAL UNIVERSITARIO REGIONAL DOS CAMPOS GERAIS,PONTA GROSSA,3a RS PONTA GROSSA,MACRORREGIONAL LESTE,24,Influenza,6
HOSPITAL UNIVERSITARIO REGIONAL DOS CAMPOS GERAIS,CARAMBEI,3a RS PONTA GROSSA,MACRORREGIONAL LESTE,24,Metapneumovírus,1
HOSPITAL UNIVERSITARIO REGIONAL DOS CAMPOS GERAIS,PONTA GROSSA,3a RS PONTA GROSSA,MACRORREGIONAL LESTE,24,Metapneumovírus,2
HOSPITAL UNIVERSITARIO REGIONAL DOS CAMPOS GERAIS,PONTA GROSSA,3a RS PONTA GROSSA,MACRORREGIONAL LESTE,24,Rinovírus,3
HOSPITAL UNIVERSITARIO REGIONAL DOS CAMPOS GERAIS,PONTA GROSSA,3a RS PONTA GROSSA,MACRORREGIONAL LESTE,24,VSR,2
HOSPITAL UNIVERSITARIO REGIONAL DOS CAMPOS GERAIS,PONTA GROSSA,3a RS PONTA GROSSA,MACRORREGIONAL LESTE,25,Influenza,2
HOSPITAL UNIVERSITARIO REGIONAL DOS CAMPOS GERAIS,CASTRO,3a RS PONTA GROSSA,MACRORREGIONAL LESTE,25,Metapneumovírus,1
HOSPITAL UNIVERSITARIO REGIONAL DOS CAMPOS GERAIS,CASTRO,3a RS PONTA GROSSA,MACRORREGIONAL LESTE,25,Rinovírus,1
HOSPITAL UNIVERSITARIO REGIONAL DOS CAMPOS GERAIS,PONTA GROSSA,3a RS PONTA GROSSA,MACRORREGIONAL LESTE,25,Rinovírus,1
HOSPITAL UNIVERSITARIO REGIONAL DOS CAMPOS GERAIS,PONTA GROSSA,3a RS PONTA GROSSA,MACRORREGIONAL LESTE,25,VSR,3
HOSPITAL UNIVERSITARIO REGIONAL DOS CAMPOS GERAIS,CARAMBEI,3a RS PONTA GROSSA,MACRORREGIONAL LESTE,26,Adenovírus,1
HOSPITAL UNIVERSITARIO REGIONAL DOS CAMPOS GERAIS,PONTA GROSSA,3a RS PONTA GROSSA,MACRORREGIONAL LESTE,26,Adenovírus,1
HOSPITAL UNIVERSITARIO REGIONAL DOS CAMPOS GERAIS,CASTRO,3a RS PONTA GROSSA,MACRORREGIONAL LESTE,26,Influenza,1
HOSPITAL UNIVERSITARIO REGIONAL DOS CAMPOS GERAIS,PONTA GROSSA,3a RS PONTA GROSSA,MACRORREGIONAL LESTE,26,Influenza,4
HOSPITAL UNIVERSITARIO REGIONAL DOS CAMPOS GERAIS,SAO JOAO DO TRIUNFO,3a RS PONTA GROSSA,MACRORREGIONAL LESTE,26,Influenza,1
HOSPITAL UNIVERSITARIO REGIONAL DOS CAMPOS GERAIS,ARAPOTI,3a RS PONTA GROSSA,MACRORREGIONAL LESTE,26,Metapneumovírus,1
HOSPITAL UNIVERSITARIO REGIONAL DOS CAMPOS GERAIS,PONTA GROSSA,3a RS PONTA GROSSA,MACRORREGIONAL LESTE,26,Metapneumovírus,2
HOSPITAL UNIVERSITARIO REGIONAL DOS CAMPOS GERAIS,CARAMBEI,3a RS PONTA GROSSA,MACRORREGIONAL LESTE,26,Rinovírus,1
HOSPITAL UNIVERSITARIO REGIONAL DOS CAMPOS GERAIS,CASTRO,3a RS PONTA GROSSA,MACRORREGIONAL LESTE,26,Rinovírus,1
HOSPITAL UNIVERSITARIO REGIONAL DOS CAMPOS GERAIS,ARAPOTI,3a RS PONTA GROSSA,MACRORREGIONAL LESTE,26,VSR,1
HOSPITAL UNIVERSITARIO REGIONAL DOS CAMPOS GERAIS,IVAI,3a RS PONTA GROSSA,MACRORREGIONAL LESTE,26,VSR,1
HOSPITAL UNIVERSITARIO REGIONAL DOS CAMPOS GERAIS,PONTA GROSSA,3a RS PONTA GROSSA,MACRORREGIONAL LESTE,26,VSR,4
HOSPITAL UNIVERSITARIO REGIONAL DOS CAMPOS GERAIS,PONTA GROSSA,3a RS PONTA GROSSA,MACRORREGIONAL LESTE,27,Adenovírus,1
HOSPITAL UNIVERSITARIO REGIONAL DOS CAMPOS GERAIS,CASTRO,3a RS PONTA GROSSA,MACRORREGIONAL LESTE,27,Influenza,1
HOSPITAL UNIVERSITARIO REGIONAL DOS CAMPOS GERAIS,PONTA GROSSA,3a RS PONTA GROSSA,MACRORREGIONAL LESTE,27,Influenza,4
HOSPITAL UNIVERSITARIO REGIONAL DOS CAMPOS GERAIS,PONTA GROSSA,3a RS PONTA GROSSA,MACRORREGIONAL LESTE,27,Metapneumovírus,1
HOSPITAL UNIVERSITARIO REGIONAL DOS CAMPOS GERAIS,PONTA GROSSA,3a RS PONTA GROSSA,MACRORREGIONAL LESTE,27,Rinovírus,4
HOSPITAL UNIVERSITARIO REGIONAL DOS CAMPOS GERAIS,CASTRO,3a RS PONTA GROSSA,MACRORREGIONAL LESTE,27,VSR,2
HOSPITAL UNIVERSITARIO REGIONAL DOS CAMPOS GERAIS,PONTA GROSSA,3a RS PONTA GROSSA,MACRORREGIONAL LESTE,27,VSR,10
HOSPITAL UNIVERSITARIO REGIONAL DOS CAMPOS GERAIS,PORTO AMAZONAS,3a RS PONTA GROSSA,MACRORREGIONAL LESTE,27,VSR,1
HOSPITAL UNIVERSITARIO REGIONAL DOS CAMPOS GERAIS,CASTRO,3a RS PONTA GROSSA,MACRORREGIONAL LESTE,28,Adenovírus,1
HOSPITAL UNIVERSITARIO REGIONAL DOS CAMPOS GERAIS,PONTA GROSSA,3a RS PONTA GROSSA,MACRORREGIONAL LESTE,28,Influenza,2
HOSPITAL UNIVERSITARIO REGIONAL DOS CAMPOS GERAIS,PIRAI DO SUL,3a RS PONTA GROSSA,MACRORREGIONAL LESTE,28,Metapneumovírus,1
HOSPITAL UNIVERSITARIO REGIONAL DOS CAMPOS GERAIS,PONTA GROSSA,3a RS PONTA GROSSA,MACRORREGIONAL LESTE,28,Metapneumovírus,4
HOSPITAL UNIVERSITARIO REGIONAL DOS CAMPOS GERAIS,PONTA GROSSA,3a RS PONTA GROSSA,MACRORREGIONAL LESTE,28,Rinovírus,1
HOSPITAL UNIVERSITARIO REGIONAL DOS CAMPOS GERAIS,CASTRO,3a RS PONTA GROSSA,MACRORREGIONAL LESTE,28,VSR,3
HOSPITAL UNIVERSITARIO REGIONAL DOS CAMPOS GERAIS,IVAI,3a RS PONTA GROSSA,MACRORREGIONAL LESTE,28,VSR,1
HOSPITAL UNIVERSITARIO REGIONAL DOS CAMPOS GERAIS,PONTA GROSSA,3a RS PONTA GROSSA,MACRORREGIONAL LESTE,28,VSR,8
HOSPITAL UNIVERSITARIO REGIONAL DOS CAMPOS GERAIS,PORTO AMAZONAS,3a RS PONTA GROSSA,MACRORREGIONAL LESTE,28,VSR,1
HOSPITAL UNIVERSITARIO REGIONAL DOS CAMPOS GERAIS,PONTA GROSSA,3a RS PONTA GROSSA,MACRORREGIONAL LESTE,29,Adenovírus,1
HOSPITAL UNIVERSITARIO REGIONAL DOS CAMPOS GERAIS,PONTA GROSSA,3a RS PONTA GROSSA,MACRORREGIONAL LESTE,29,Influenza,1
HOSPITAL UNIVERSITARIO REGIONAL DOS CAMPOS GERAIS,JAGUARIAIVA,3a RS PONTA GROSSA,MACRORREGIONAL LESTE,29,Rinovírus,1
HOSPITAL UNIVERSITARIO REGIONAL DOS CAMPOS GERAIS,PONTA GROSSA,3a RS PONTA GROSSA,MACRORREGIONAL LESTE,29,Rinovírus,2
HOSPITAL UNIVERSITARIO REGIONAL DOS CAMPOS GERAIS,CASTRO,3a RS PONTA GROSSA,MACRORREGIONAL LESTE,29,VSR,1
HOSPITAL UNIVERSITARIO REGIONAL DOS CAMPOS GERAIS,JAGUARIAIVA,3a RS PONTA GROSSA,MACRORREGIONAL LESTE,29,VSR,1
HOSPITAL UNIVERSITARIO REGIONAL DOS CAMPOS GERAIS,PONTA GROSSA,3a RS PONTA GROSSA,MACRORREGIONAL LESTE,29,VSR,7
HOSPITAL UNIVERSITARIO REGIONAL DOS CAMPOS GERAIS,PORTO AMAZONAS,3a RS PONTA GROSSA,MACRORREGIONAL LESTE,29,VSR,1
HOSPITAL UNIVERSITARIO REGIONAL DOS CAMPOS GERAIS,SAO JOAO DO TRIUNFO,3a RS PONTA GROSSA,MACRORREGIONAL LESTE,29,VSR,1
HOSPITAL UNIVERSITARIO REGIONAL DOS CAMPOS GERAIS,CASTRO,3a RS PONTA GROSSA,MACRORREGIONAL LESTE,30,Influenza,1
HOSPITAL UNIVERSITARIO REGIONAL DOS CAMPOS GERAIS,PIRAI DO SUL,3a RS PONTA GROSSA,MACRORREGIONAL LESTE,30,Metapneumovírus,2
HOSPITAL UNIVERSITARIO REGIONAL DOS CAMPOS GERAIS,PONTA GROSSA,3a RS PONTA GROSSA,MACRORREGIONAL LESTE,30,Metapneumovírus,1
HOSPITAL UNIVERSITARIO REGIONAL DOS CAMPOS GERAIS,CASTRO,3a RS PONTA GROSSA,MACRORREGIONAL LESTE,30,VSR,3
HOSPITAL UNIVERSITARIO REGIONAL DOS CAMPOS GERAIS,PALMEIRA,3a RS PONTA GROSSA,MACRORREGIONAL LESTE,30,VSR,1
HOSPITAL UNIVERSITARIO REGIONAL DOS CAMPOS GERAIS,PONTA GROSSA,3a RS PONTA GROSSA,MACRORREGIONAL LESTE,30,VSR,6
HOSPITAL UNIVERSITARIO REGIONAL DOS CAMPOS GERAIS,CASTRO,3a RS PONTA GROSSA,MACRORREGIONAL LESTE,31,Adenovírus,1
HOSPITAL UNIVERSITARIO REGIONAL DOS CAMPOS GERAIS,JAGUARIAIVA,3a RS PONTA GROSSA,MACRORREGIONAL LESTE,31,Influenza,1
HOSPITAL UNIVERSITARIO REGIONAL DOS CAMPOS GERAIS,PIRAI DO SUL,3a RS PONTA GROSSA,MACRORREGIONAL LESTE,31,Metapneumovírus,1
HOSPITAL UNIVERSITARIO REGIONAL DOS CAMPOS GERAIS,PONTA GROSSA,3a RS PONTA GROSSA,MACRORREGIONAL LESTE,31,Metapneumovírus,1
HOSPITAL UNIVERSITARIO REGIONAL DOS CAMPOS GERAIS,SAO JOAO DO TRIUNFO,3a RS PONTA GROSSA,MACRORREGIONAL LESTE,31,Metapneumovírus,1
HOSPITAL UNIVERSITARIO REGIONAL DOS CAMPOS GERAIS,IPIRANGA,3a RS PONTA GROSSA,MACRORREGIONAL LESTE,31,Rinovírus,1
HOSPITAL UNIVERSITARIO REGIONAL DOS CAMPOS GERAIS,PONTA GROSSA,3a RS PONTA GROSSA,MACRORREGIONAL LESTE,31,Rinovírus,1
HOSPITAL UNIVERSITARIO REGIONAL DOS CAMPOS GERAIS,CASTRO,3a RS PONTA GROSSA,MACRORREGIONAL LESTE,31,VSR,2
HOSPITAL UNIVERSITARIO REGIONAL DOS CAMPOS GERAIS,IPIRANGA,3a RS PONTA GROSSA,MACRORREGIONAL LESTE,31,VSR,1
HOSPITAL UNIVERSITARIO REGIONAL DOS CAMPOS GERAIS,IVAI,3a RS PONTA GROSSA,MACRORREGIONAL LESTE,31,VSR,1
HOSPITAL UNIVERSITARIO REGIONAL DOS CAMPOS GERAIS,PONTA GROSSA,3a RS PONTA GROSSA,MACRORREGIONAL LESTE,31,VSR,3
HOSPITAL UNIVERSITARIO REGIONAL DOS CAMPOS GERAIS,PONTA GROSSA,3a RS PONTA GROSSA,MACRORREGIONAL LESTE,32,Adenovírus,2
HOSPITAL UNIVERSITARIO REGIONAL DOS CAMPOS GERAIS,PONTA GROSSA,3a RS PONTA GROSSA,MACRORREGIONAL LESTE,32,Metapneumovírus,1
HOSPITAL UNIVERSITARIO REGIONAL DOS CAMPOS GERAIS,CASTRO,3a RS PONTA GROSSA,MACRORREGIONAL LESTE,32,Rinovírus,1
HOSPITAL UNIVERSITARIO REGIONAL DOS CAMPOS GERAIS,PONTA GROSSA,3a RS PONTA GROSSA,MACRORREGIONAL LESTE,32,Rinovírus,3
HOSPITAL UNIVERSITARIO REGIONAL DOS CAMPOS GERAIS,CASTRO,3a RS PONTA GROSSA,MACRORREGIONAL LESTE,32,VSR,1
HOSPITAL UNIVERSITARIO REGIONAL DOS CAMPOS GERAIS,IVAI,3a RS PONTA GROSSA,MACRORREGIONAL LESTE,32,VSR,1
HOSPITAL UNIVERSITARIO REGIONAL DOS CAMPOS GERAIS,PONTA GROSSA,3a RS PONTA GROSSA,MACRORREGIONAL LESTE,32,VSR,2
HOSPITAL UNIVERSITARIO REGIONAL DOS CAMPOS GERAIS,PONTA GROSSA,3a RS PONTA GROSSA,MACRORREGIONAL LESTE,33,Influenza,1
HOSPITAL UNIVERSITARIO REGIONAL DOS CAMPOS GERAIS,IVAI,3a RS PONTA GROSSA,MACRORREGIONAL LESTE,33,Metapneumovírus,1
HOSPITAL UNIVERSITARIO REGIONAL DOS CAMPOS GERAIS,PALMEIRA,3a RS PONTA GROSSA,MACRORREGIONAL LESTE,33,Metapneumovírus,1
HOSPITAL UNIVERSITARIO REGIONAL DOS CAMPOS GERAIS,PONTA GROSSA,3a RS PONTA GROSSA,MACRORREGIONAL LESTE,33,Metapneumovírus,1
HOSPITAL UNIVERSITARIO REGIONAL DOS CAMPOS GERAIS,CARAMBEI,3a RS PONTA GROSSA,MACRORREGIONAL LESTE,33,Rinovírus,1
HOSPITAL UNIVERSITARIO REGIONAL DOS CAMPOS GERAIS,PONTA GROSSA,3a RS PONTA GROSSA,MACRORREGIONAL LESTE,33,Rinovírus,1
HOSPITAL UNIVERSITARIO REGIONAL DOS CAMPOS GERAIS,PIRAI DO SUL,3a RS PONTA GROSSA,MACRORREGIONAL LESTE,33,VSR,1
HOSPITAL UNIVERSITARIO REGIONAL DOS CAMPOS GERAIS,PONTA GROSSA,3a RS PONTA GROSSA,MACRORREGIONAL LESTE,34,Adenovírus,2
HOSPITAL UNIVERSITARIO REGIONAL DOS CAMPOS GERAIS,PONTA GROSSA,3a RS PONTA GROSSA,MACRORREGIONAL LESTE,34,Metapneumovírus,2
HOSPITAL UNIVERSITARIO REGIONAL DOS CAMPOS GERAIS,CASTRO,3a RS PONTA GROSSA,MACRORREGIONAL LESTE,34,Rinovírus,1
HOSPITAL UNIVERSITARIO REGIONAL DOS CAMPOS GERAIS,PONTA GROSSA,3a RS PONTA GROSSA,MACRORREGIONAL LESTE,34,Rinovírus,3
HOSPITAL UNIVERSITARIO REGIONAL DOS CAMPOS GERAIS,PIRAI DO SUL,3a RS PONTA GROSSA,MACRORREGIONAL LESTE,34,VSR,1
HOSPITAL UNIVERSITARIO REGIONAL DOS CAMPOS GERAIS,PONTA GROSSA,3a RS PONTA GROSSA,MACRORREGIONAL LESTE,34,VSR,4
HOSPITAL UNIVERSITARIO REGIONAL DOS CAMPOS GERAIS,PONTA GROSSA,3a RS PONTA GROSSA,MACRORREGIONAL LESTE,35,Rinovírus,2
HOSPITAL UNIVERSITARIO REGIONAL DOS CAMPOS GERAIS,CASTRO,3a RS PONTA GROSSA,MACRORREGIONAL LESTE,35,VSR,1
HOSPITAL UNIVERSITARIO REGIONAL DOS CAMPOS GERAIS,PIRAI DO SUL,3a RS PONTA GROSSA,MACRORREGIONAL LESTE,35,VSR,1
HOSPITAL UNIVERSITARIO REGIONAL DOS CAMPOS GERAIS,PONTA GROSSA,3a RS PONTA GROSSA,MACRORREGIONAL LESTE,35,VSR,1
HOSPITAL UNIVERSITARIO REGIONAL DOS CAMPOS GERAIS,PONTA GROSSA,3a RS PONTA GROSSA,MACRORREGIONAL LESTE,36,Influenza,1
HOSPITAL UNIVERSITARIO REGIONAL DOS CAMPOS GERAIS,CASTRO,3a RS PONTA GROSSA,MACRORREGIONAL LESTE,36,Metapneumovírus,1
HOSPITAL UNIVERSITARIO REGIONAL DOS CAMPOS GERAIS,PONTA GROSSA,3a RS PONTA GROSSA,MACRORREGIONAL LESTE,36,Metapneumovírus,5
HOSPITAL UNIVERSITARIO REGIONAL DOS CAMPOS GERAIS,PONTA GROSSA,3a RS PONTA GROSSA,MACRORREGIONAL LESTE,36,Rinovírus,3
HOSPITAL UNIVERSITARIO REGIONAL DOS CAMPOS GERAIS,IVAI,3a RS PONTA GROSSA,MACRORREGIONAL LESTE,36,VSR,1
HOSPITAL UNIVERSITARIO REGIONAL DOS CAMPOS GERAIS,PONTA GROSSA,3a RS PONTA GROSSA,MACRORREGIONAL LESTE,37,Metapneumovírus,1
HOSPITAL UNIVERSITARIO REGIONAL DOS CAMPOS GERAIS,PONTA GROSSA,3a RS PONTA GROSSA,MACRORREGIONAL LESTE,37,Rinovírus,2
IDF,IPIRANGA,3a RS PONTA GROSSA,MACRORREGIONAL LESTE,22,Influenza,1
SANTA CASA DE IRATI,PORTO AMAZONAS,3a RS PONTA GROSSA,MACRORREGIONAL LESTE,16,Rinovírus,1
SANTA CASA DE IRATI,PALMEIRA,3a RS PONTA GROSSA,MACRORREGIONAL LESTE,22,Influenza,1
SANTA CASA DE IRATI,CARAMBEI,3a RS PONTA GROSSA,MACRORREGIONAL LESTE,29,VSR,1
SANTA CASA DE IRATI,PONTA GROSSA,3a RS PONTA GROSSA,MACRORREGIONAL LESTE,34,Rinovírus,1
SANTA CASA DE IRATI,CASTRO,3a RS PONTA GROSSA,MACRORREGIONAL LESTE,34,VSR,1
SANTA CASA DE MISERICORDIA DE PONTA GROSSA,CASTRO,3a RS PONTA GROSSA,MACRORREGIONAL LESTE,6,Rinovírus,1
SANTA CASA DE MISERICORDIA DE PONTA GROSSA,PONTA GROSSA,3a RS PONTA GROSSA,MACRORREGIONAL LESTE,9,Rinovírus,1
SANTA CASA DE MISERICORDIA DE PONTA GROSSA,PALMEIRA,3a RS PONTA GROSSA,MACRORREGIONAL LESTE,12,Covid-19,1
SANTA CASA DE MISERICORDIA DE PONTA GROSSA,PONTA GROSSA,3a RS PONTA GROSSA,MACRORREGIONAL LESTE,14,Influenza,1
SANTA CASA DE MISERICORDIA DE PONTA GROSSA,PONTA GROSSA,3a RS PONTA GROSSA,MACRORREGIONAL LESTE,16,Influenza,1
SANTA CASA DE MISERICORDIA DE PONTA GROSSA,PONTA GROSSA,3a RS PONTA GROSSA,MACRORREGIONAL LESTE,16,Rinovírus,1
SANTA CASA DE MISERICORDIA DE PONTA GROSSA,CASTRO,3a RS PONTA GROSSA,MACRORREGIONAL LESTE,17,Rinovírus,1
SANTA CASA DE MISERICORDIA DE PONTA GROSSA,PONTA GROSSA,3a RS PONTA GROSSA,MACRORREGIONAL LESTE,18,Adenovírus,1
SANTA CASA DE MISERICORDIA DE PONTA GROSSA,PONTA GROSSA,3a RS PONTA GROSSA,MACRORREGIONAL LESTE,18,Influenza,2
SANTA CASA DE MISERICORDIA DE PONTA GROSSA,PONTA GROSSA,3a RS PONTA GROSSA,MACRORREGIONAL LESTE,19,Influenza,1
SANTA CASA DE MISERICORDIA DE PONTA GROSSA,PONTA GROSSA,3a RS PONTA GROSSA,MACRORREGIONAL LESTE,19,Rinovírus,2
SANTA CASA DE MISERICORDIA DE PONTA GROSSA,CARAMBEI,3a RS PONTA GROSSA,MACRORREGIONAL LESTE,22,Influenza,1
SANTA CASA DE MISERICORDIA DE PONTA GROSSA,PONTA GROSSA,3a RS PONTA GROSSA,MACRORREGIONAL LESTE,22,Influenza,2
SANTA CASA DE MISERICORDIA DE PONTA GROSSA,PONTA GROSSA,3a RS PONTA GROSSA,MACRORREGIONAL LESTE,22,Rinovírus,1
SANTA CASA DE MISERICORDIA DE PONTA GROSSA,PONTA GROSSA,3a RS PONTA GROSSA,MACRORREGIONAL LESTE,24,Influenza,1
SANTA CASA DE MISERICORDIA DE PONTA GROSSA,PALMEIRA,3a RS PONTA GROSSA,MACRORREGIONAL LESTE,24,Rinovírus,1
SANTA CASA DE MISERICORDIA DE PONTA GROSSA,PONTA GROSSA,3a RS PONTA GROSSA,MACRORREGIONAL LESTE,25,Influenza,2
SANTA CASA DE MISERICORDIA DE PONTA GROSSA,PONTA GROSSA,3a RS PONTA GROSSA,MACRORREGIONAL LESTE,26,Covid-19,1
SANTA CASA DE MISERICORDIA DE PONTA GROSSA,SENGES,3a RS PONTA GROSSA,MACRORREGIONAL LESTE,26,Influenza,1
SANTA CASA DE MISERICORDIA DE PONTA GROSSA,ARAPOTI,3a RS PONTA GROSSA,MACRORREGIONAL LESTE,29,Metapneumovírus,1
SANTA CASA DE MISERICORDIA DE PONTA GROSSA,ARAPOTI,3a RS PONTA GROSSA,MACRORREGIONAL LESTE,29,Rinovírus,1
SANTA CASA DE MISERICORDIA DE PONTA GROSSA,PONTA GROSSA,3a RS PONTA GROSSA,MACRORREGIONAL LESTE,30,VSR,1
SANTA CASA DE MISERICORDIA DE PONTA GROSSA,PONTA GROSSA,3a RS PONTA GROSSA,MACRORREGIONAL LESTE,32,Influenza,1
UNIDADE DE PRONTO ATENDIMENTO MOACIR ELIAS FADEL,CASTRO,3a RS PONTA GROSSA,MACRORREGIONAL LESTE,33,VSR,1
UNIDADE DE PRONTO ATENDIMENTO UPA SANTANA,PONTA GROSSA,3a RS PONTA GROSSA,MACRORREGIONAL LESTE,27,Influenza,1
UNIDADE DE PRONTO ATENDIMENTO UPA UVARANAS,PONTA GROSSA,3a RS PONTA GROSSA,MACRORREGIONAL LESTE,21,Influenza,1
UNIDADE DE PRONTO ATENDIMENTO UPA UVARANAS,PONTA GROSSA,3a RS PONTA GROSSA,MACRORREGIONAL LESTE,34,VSR,1
AAHTS,TEIXEIRA SOARES,4a RS IRATI,MACRORREGIONAL LESTE,9,Rinovírus,1
AAHTS,TEIXEIRA SOARES,4a RS IRATI,MACRORREGIONAL LESTE,11,Rinovírus,1
AAHTS,TEIXEIRA SOARES,4a RS IRATI,MACRORREGIONAL LESTE,12,Adenovírus,1
AAHTS,TEIXEIRA SOARES,4a RS IRATI,MACRORREGIONAL LESTE,12,Rinovírus,1
AAHTS,TEIXEIRA SOARES,4a RS IRATI,MACRORREGIONAL LESTE,15,Rinovírus,1
AAHTS,TEIXEIRA SOARES,4a RS IRATI,MACRORREGIONAL LESTE,22,Influenza,1
AAHTS,TEIXEIRA SOARES,4a RS IRATI,MACRORREGIONAL LESTE,23,Influenza,2
AAHTS,TEIXEIRA SOARES,4a RS IRATI,MACRORREGIONAL LESTE,25,VSR,1
AAHTS,TEIXEIRA SOARES,4a RS IRATI,MACRORREGIONAL LESTE,27,Influenza,1
AAHTS,TEIXEIRA SOARES,4a RS IRATI,MACRORREGIONAL LESTE,27,Rinovírus,1
AAHTS,TEIXEIRA SOARES,4a RS IRATI,MACRORREGIONAL LESTE,28,VSR,2
AAHTS,TEIXEIRA SOARES,4a RS IRATI,MACRORREGIONAL LESTE,30,Rinovírus,1
AAHTS,TEIXEIRA SOARES,4a RS IRATI,MACRORREGIONAL LESTE,30,VSR,1
AAHTS,TEIXEIRA SOARES,4a RS IRATI,MACRORREGIONAL LESTE,31,Metapneumovírus,1
AAHTS,TEIXEIRA SOARES,4a RS IRATI,MACRORREGIONAL LESTE,33,Rinovírus,1
AAHTS,TEIXEIRA SOARES,4a RS IRATI,MACRORREGIONAL LESTE,34,Metapneumovírus,1
AAHTS,TEIXEIRA SOARES,4a RS IRATI,MACRORREGIONAL LESTE,34,VSR,1
COMPLEXO DO HOSPITAL DE CLINICAS DA UFPR HC E MVFA,IRATI,4a RS IRATI,MACRORREGIONAL LESTE,28,Metapneumovírus,1
HNSG,IRATI,4a RS IRATI,MACRORREGIONAL LESTE,34,VSR,1
HOSPITAL DE CARIDADE DONA DARCY VARGAS,REBOUCAS,4a RS IRATI,MACRORREGIONAL LESTE,2,Covid-19,1
HOSPITAL DE CARIDADE DONA DARCY VARGAS,REBOUCAS,4a RS IRATI,MACRORREGIONAL LESTE,15,Influenza,1
HOSPITAL DE CARIDADE DONA DARCY VARGAS,REBOUCAS,4a RS IRATI,MACRORREGIONAL LESTE,17,Influenza,1
HOSPITAL DE CARIDADE DONA DARCY VARGAS,REBOUCAS,4a RS IRATI,MACRORREGIONAL LESTE,18,Rinovírus,1
HOSPITAL DE CARIDADE DONA DARCY VARGAS,REBOUCAS,4a RS IRATI,MACRORREGIONAL LESTE,19,Influenza,1
HOSPITAL DE CARIDADE DONA DARCY VARGAS,REBOUCAS,4a RS IRATI,MACRORREGIONAL LESTE,20,Influenza,1
HOSPITAL DE CARIDADE DONA DARCY VARGAS,REBOUCAS,4a RS IRATI,MACRORREGIONAL LESTE,20,Rinovírus,1
HOSPITAL DE CARIDADE DONA DARCY VARGAS,REBOUCAS,4a RS IRATI,MACRORREGIONAL LESTE,23,Influenza,1
HOSPITAL DE CARIDADE DONA DARCY VARGAS,REBOUCAS,4a RS IRATI,MACRORREGIONAL LESTE,23,Rinovírus,1
HOSPITAL DE CARIDADE DONA DARCY VARGAS,REBOUCAS,4a RS IRATI,MACRORREGIONAL LESTE,24,Metapneumovírus,1
HOSPITAL DE CARIDADE DONA DARCY VARGAS,REBOUCAS,4a RS IRATI,MACRORREGIONAL LESTE,25,Influenza,1
HOSPITAL DE CARIDADE DONA DARCY VARGAS,REBOUCAS,4a RS IRATI,MACRORREGIONAL LESTE,26,Metapneumovírus,1
HOSPITAL DE CARIDADE DONA DARCY VARGAS,REBOUCAS,4a RS IRATI,MACRORREGIONAL LESTE,27,Rinovírus,2
HOSPITAL DE CARIDADE DONA DARCY VARGAS,REBOUCAS,4a RS IRATI,MACRORREGIONAL LESTE,28,Rinovírus,1
HOSPITAL DE CARIDADE DONA DARCY VARGAS,REBOUCAS,4a RS IRATI,MACRORREGIONAL LESTE,30,Rinovírus,1
HOSPITAL DE CARIDADE DONA DARCY VARGAS,REBOUCAS,4a RS IRATI,MACRORREGIONAL LESTE,30,VSR,1
HOSPITAL DE CARIDADE DONA DARCY VARGAS,REBOUCAS,4a RS IRATI,MACRORREGIONAL LESTE,33,VSR,1
HOSPITAL DE CARIDADE SAO FRANCISCO DE ASSIS,RIO AZUL,4a RS IRATI,MACRORREGIONAL LESTE,2,Metapneumovírus,1
HOSPITAL DE CARIDADE SAO FRANCISCO DE ASSIS,RIO AZUL,4a RS IRATI,MACRORREGIONAL LESTE,3,Covid-19,1
HOSPITAL DE CARIDADE SAO FRANCISCO DE ASSIS,RIO AZUL,4a RS IRATI,MACRORREGIONAL LESTE,3,Rinovírus,1
HOSPITAL DE CARIDADE SAO FRANCISCO DE ASSIS,RIO AZUL,4a RS IRATI,MACRORREGIONAL LESTE,9,Rinovírus,1
HOSPITAL DE CARIDADE SAO FRANCISCO DE ASSIS,RIO AZUL,4a RS IRATI,MACRORREGIONAL LESTE,10,Rinovírus,1
HOSPITAL DE CARIDADE SAO FRANCISCO DE ASSIS,RIO AZUL,4a RS IRATI,MACRORREGIONAL LESTE,11,Rinovírus,3
HOSPITAL DE CARIDADE SAO FRANCISCO DE ASSIS,RIO AZUL,4a RS IRATI,MACRORREGIONAL LESTE,12,Rinovírus,1
HOSPITAL DE CARIDADE SAO FRANCISCO DE ASSIS,RIO AZUL,4a RS IRATI,MACRORREGIONAL LESTE,13,Rinovírus,1
HOSPITAL DE CARIDADE SAO FRANCISCO DE ASSIS,RIO AZUL,4a RS IRATI,MACRORREGIONAL LESTE,14,Rinovírus,1
HOSPITAL DE CARIDADE SAO FRANCISCO DE ASSIS,RIO AZUL,4a RS IRATI,MACRORREGIONAL LESTE,17,Influenza,1
HOSPITAL DE CARIDADE SAO FRANCISCO DE ASSIS,RIO AZUL,4a RS IRATI,MACRORREGIONAL LESTE,17,Rinovírus,1
HOSPITAL DE CARIDADE SAO FRANCISCO DE ASSIS,RIO AZUL,4a RS IRATI,MACRORREGIONAL LESTE,18,Influenza,2
HOSPITAL DE CARIDADE SAO FRANCISCO DE ASSIS,RIO AZUL,4a RS IRATI,MACRORREGIONAL LESTE,19,Influenza,1
HOSPITAL DE CARIDADE SAO FRANCISCO DE ASSIS,RIO AZUL,4a RS IRATI,MACRORREGIONAL LESTE,19,Rinovírus,1
HOSPITAL DE CARIDADE SAO FRANCISCO DE ASSIS,RIO AZUL,4a RS IRATI,MACRORREGIONAL LESTE,20,Metapneumovírus,1
HOSPITAL DE CARIDADE SAO FRANCISCO DE ASSIS,RIO AZUL,4a RS IRATI,MACRORREGIONAL LESTE,20,Rinovírus,1
HOSPITAL DE CARIDADE SAO FRANCISCO DE ASSIS,MALLET,4a RS IRATI,MACRORREGIONAL LESTE,21,Influenza,1
HOSPITAL DE CARIDADE SAO FRANCISCO DE ASSIS,RIO AZUL,4a RS IRATI,MACRORREGIONAL LESTE,21,Influenza,1
HOSPITAL DE CARIDADE SAO FRANCISCO DE ASSIS,RIO AZUL,4a RS IRATI,MACRORREGIONAL LESTE,21,Rinovírus,1
HOSPITAL DE CARIDADE SAO FRANCISCO DE ASSIS,RIO AZUL,4a RS IRATI,MACRORREGIONAL LESTE,23,Adenovírus,1
HOSPITAL DE CARIDADE SAO FRANCISCO DE ASSIS,RIO AZUL,4a RS IRATI,MACRORREGIONAL LESTE,23,Metapneumovírus,1
HOSPITAL DE CARIDADE SAO FRANCISCO DE ASSIS,RIO AZUL,4a RS IRATI,MACRORREGIONAL LESTE,23,Rinovírus,1
HOSPITAL DE CARIDADE SAO FRANCISCO DE ASSIS,REBOUCAS,4a RS IRATI,MACRORREGIONAL LESTE,24,Influenza,1
HOSPITAL DE CARIDADE SAO FRANCISCO DE ASSIS,RIO AZUL,4a RS IRATI,MACRORREGIONAL LESTE,24,Metapneumovírus,1
HOSPITAL DE CARIDADE SAO FRANCISCO DE ASSIS,RIO AZUL,4a RS IRATI,MACRORREGIONAL LESTE,24,Rinovírus,1
HOSPITAL DE CARIDADE SAO FRANCISCO DE ASSIS,RIO AZUL,4a RS IRATI,MACRORREGIONAL LESTE,25,Influenza,3
HOSPITAL DE CARIDADE SAO FRANCISCO DE ASSIS,RIO AZUL,4a RS IRATI,MACRORREGIONAL LESTE,25,Metapneumovírus,2
HOSPITAL DE CARIDADE SAO FRANCISCO DE ASSIS,RIO AZUL,4a RS IRATI,MACRORREGIONAL LESTE,26,Metapneumovírus,6
HOSPITAL DE CARIDADE SAO FRANCISCO DE ASSIS,RIO AZUL,4a RS IRATI,MACRORREGIONAL LESTE,26,Rinovírus,1
HOSPITAL DE CARIDADE SAO FRANCISCO DE ASSIS,RIO AZUL,4a RS IRATI,MACRORREGIONAL LESTE,27,Adenovírus,1
HOSPITAL DE CARIDADE SAO FRANCISCO DE ASSIS,RIO AZUL,4a RS IRATI,MACRORREGIONAL LESTE,27,Metapneumovírus,4
HOSPITAL DE CARIDADE SAO FRANCISCO DE ASSIS,RIO AZUL,4a RS IRATI,MACRORREGIONAL LESTE,28,Influenza,1
HOSPITAL DE CARIDADE SAO FRANCISCO DE ASSIS,TEIXEIRA SOARES,4a RS IRATI,MACRORREGIONAL LESTE,28,Influenza,1
HOSPITAL DE CARIDADE SAO FRANCISCO DE ASSIS,REBOUCAS,4a RS IRATI,MACRORREGIONAL LESTE,28,Metapneumovírus,1
HOSPITAL DE CARIDADE SAO FRANCISCO DE ASSIS,RIO AZUL,4a RS IRATI,MACRORREGIONAL LESTE,28,Metapneumovírus,1
HOSPITAL DE CARIDADE SAO FRANCISCO DE ASSIS,RIO AZUL,4a RS IRATI,MACRORREGIONAL LESTE,28,Rinovírus,1
HOSPITAL DE CARIDADE SAO FRANCISCO DE ASSIS,RIO AZUL,4a RS IRATI,MACRORREGIONAL LESTE,28,VSR,1
HOSPITAL DE CARIDADE SAO FRANCISCO DE ASSIS,RIO AZUL,4a RS IRATI,MACRORREGIONAL LESTE,29,Influenza,1
HOSPITAL DE CARIDADE SAO FRANCISCO DE ASSIS,RIO AZUL,4a RS IRATI,MACRORREGIONAL LESTE,29,Metapneumovírus,2
HOSPITAL DE CARIDADE SAO FRANCISCO DE ASSIS,RIO AZUL,4a RS IRATI,MACRORREGIONAL LESTE,29,Rinovírus,1
HOSPITAL DE CARIDADE SAO FRANCISCO DE ASSIS,RIO AZUL,4a RS IRATI,MACRORREGIONAL LESTE,30,Influenza,1
HOSPITAL DE CARIDADE SAO FRANCISCO DE ASSIS,REBOUCAS,4a RS IRATI,MACRORREGIONAL LESTE,30,VSR,1
HOSPITAL DE CARIDADE SAO FRANCISCO DE ASSIS,RIO AZUL,4a RS IRATI,MACRORREGIONAL LESTE,31,Metapneumovírus,1
HOSPITAL DE CARIDADE SAO FRANCISCO DE ASSIS,RIO AZUL,4a RS IRATI,MACRORREGIONAL LESTE,32,Rinovírus,1
HOSPITAL DE CARIDADE SAO FRANCISCO DE ASSIS,RIO AZUL,4a RS IRATI,MACRORREGIONAL LESTE,33,Rinovírus,2
HOSPITAL DE CARIDADE SAO FRANCISCO DE ASSIS,RIO AZUL,4a RS IRATI,MACRORREGIONAL LESTE,34,Rinovírus,1
HOSPITAL DE CARIDADE SAO FRANCISCO DE ASSIS,RIO AZUL,4a RS IRATI,MACRORREGIONAL LESTE,34,VSR,1
HOSPITAL DE CARIDADE SAO PEDRO,MALLET,4a RS IRATI,MACRORREGIONAL LESTE,12,Covid-19,1
HOSPITAL DE CARIDADE SAO PEDRO,MALLET,4a RS IRATI,MACRORREGIONAL LESTE,13,Influenza,1
HOSPITAL DE CARIDADE SAO PEDRO,MALLET,4a RS IRATI,MACRORREGIONAL LESTE,13,Rinovírus,1
HOSPITAL DE CARIDADE SAO PEDRO,MALLET,4a RS IRATI,MACRORREGIONAL LESTE,17,Influenza,1
HOSPITAL DE CARIDADE SAO PEDRO,MALLET,4a RS IRATI,MACRORREGIONAL LESTE,19,Influenza,1
HOSPITAL DE CARIDADE SAO PEDRO,MALLET,4a RS IRATI,MACRORREGIONAL LESTE,21,Influenza,2
HOSPITAL DE CARIDADE SAO PEDRO,MALLET,4a RS IRATI,MACRORREGIONAL LESTE,22,Influenza,3
HOSPITAL DE CARIDADE SAO PEDRO,MALLET,4a RS IRATI,MACRORREGIONAL LESTE,22,Rinovírus,1
HOSPITAL DE CARIDADE SAO PEDRO,MALLET,4a RS IRATI,MACRORREGIONAL LESTE,23,Influenza,1
HOSPITAL DE CARIDADE SAO PEDRO,MALLET,4a RS IRATI,MACRORREGIONAL LESTE,24,Influenza,1
HOSPITAL DE CARIDADE SAO PEDRO,MALLET,4a RS IRATI,MACRORREGIONAL LESTE,24,Rinovírus,1
HOSPITAL DE CARIDADE SAO PEDRO,MALLET,4a RS IRATI,MACRORREGIONAL LESTE,26,Metapneumovírus,1
HOSPITAL DE CARIDADE SAO PEDRO,MALLET,4a RS IRATI,MACRORREGIONAL LESTE,26,Rinovírus,3
HOSPITAL DE CARIDADE SAO PEDRO,MALLET,4a RS IRATI,MACRORREGIONAL LESTE,29,Metapneumovírus,2
HOSPITAL DE CARIDADE SAO PEDRO,MALLET,4a RS IRATI,MACRORREGIONAL LESTE,30,Metapneumovírus,1
HOSPITAL DE CARIDADE SAO PEDRO,MALLET,4a RS IRATI,MACRORREGIONAL LESTE,30,Rinovírus,1
HOSPITAL DO ROCIO,IRATI,4a RS IRATI,MACRORREGIONAL LESTE,22,Influenza,1
HOSPITAL DO ROCIO,IMBITUVA,4a RS IRATI,MACRORREGIONAL LESTE,34,VSR,1
HOSPITAL GERAL UNIMED,IMBITUVA,4a RS IRATI,MACRORREGIONAL LESTE,4,Covid-19,1
HOSPITAL GERAL UNIMED,IRATI,4a RS IRATI,MACRORREGIONAL LESTE,28,Rinovírus,1
HOSPITAL GERAL UNIMED,IRATI,4a RS IRATI,MACRORREGIONAL LESTE,28,VSR,1
HOSPITAL INFANTIL DOUTOR WALDEMAR MONASTIER,REBOUCAS,4a RS IRATI,MACRORREGIONAL LESTE,6,Rinovírus,1
HOSPITAL INFANTIL DOUTOR WALDEMAR MONASTIER,MALLET,4a RS IRATI,MACRORREGIONAL LESTE,8,Rinovírus,1
HOSPITAL INFANTIL DOUTOR WALDEMAR MONASTIER,IMBITUVA,4a RS IRATI,MACRORREGIONAL LESTE,12,Rinovírus,1
HOSPITAL INFANTIL DOUTOR WALDEMAR MONASTIER,IMBITUVA,4a RS IRATI,MACRORREGIONAL LESTE,13,Rinovírus,1
HOSPITAL INFANTIL DOUTOR WALDEMAR MONASTIER,IRATI,4a RS IRATI,MACRORREGIONAL LESTE,17,Influenza,1
HOSPITAL INFANTIL PEQUENO PRINCIPE,REBOUCAS,4a RS IRATI,MACRORREGIONAL LESTE,26,Influenza,1
HOSPITAL MUNICIPAL PADRE GERMANO LAUCK,FERNANDES PINHEIRO,4a RS IRATI,MACRORREGIONAL LESTE,11,Covid-19,1
HOSPITAL UNIVERSITARIO REGIONAL DOS CAMPOS GERAIS,REBOUCAS,4a RS IRATI,MACRORREGIONAL LESTE,9,Adenovírus,1
HOSPITAL UNIVERSITARIO REGIONAL DOS CAMPOS GERAIS,INACIO MARTINS,4a RS IRATI,MACRORREGIONAL LESTE,10,Rinovírus,1
HOSPITAL UNIVERSITARIO REGIONAL DOS CAMPOS GERAIS,INACIO MARTINS,4a RS IRATI,MACRORREGIONAL LESTE,12,Rinovírus,1
HOSPITAL UNIVERSITARIO REGIONAL DOS CAMPOS GERAIS,IRATI,4a RS IRATI,MACRORREGIONAL LESTE,12,Rinovírus,1
HOSPITAL UNIVERSITARIO REGIONAL DOS CAMPOS GERAIS,TEIXEIRA SOARES,4a RS IRATI,MACRORREGIONAL LESTE,14,Adenovírus,1
HOSPITAL UNIVERSITARIO REGIONAL DOS CAMPOS GERAIS,TEIXEIRA SOARES,4a RS IRATI,MACRORREGIONAL LESTE,14,Rinovírus,1
HOSPITAL UNIVERSITARIO REGIONAL DOS CAMPOS GERAIS,GUAMIRANGA,4a RS IRATI,MACRORREGIONAL LESTE,15,Influenza,1
HOSPITAL UNIVERSITARIO REGIONAL DOS CAMPOS GERAIS,TEIXEIRA SOARES,4a RS IRATI,MACRORREGIONAL LESTE,19,Rinovírus,1
HOSPITAL UNIVERSITARIO REGIONAL DOS CAMPOS GERAIS,IRATI,4a RS IRATI,MACRORREGIONAL LESTE,21,Influenza,1
HOSPITAL UNIVERSITARIO REGIONAL DOS CAMPOS GERAIS,INACIO MARTINS,4a RS IRATI,MACRORREGIONAL LESTE,21,Rinovírus,1
HOSPITAL UNIVERSITARIO REGIONAL DOS CAMPOS GERAIS,TEIXEIRA SOARES,4a RS IRATI,MACRORREGIONAL LESTE,21,Rinovírus,1
HOSPITAL UNIVERSITARIO REGIONAL DOS CAMPOS GERAIS,IRATI,4a RS IRATI,MACRORREGIONAL LESTE,22,Rinovírus,1
HOSPITAL UNIVERSITARIO REGIONAL DOS CAMPOS GERAIS,IMBITUVA,4a RS IRATI,MACRORREGIONAL LESTE,23,Influenza,1
HOSPITAL UNIVERSITARIO REGIONAL DOS CAMPOS GERAIS,IRATI,4a RS IRATI,MACRORREGIONAL LESTE,23,Influenza,1
HOSPITAL UNIVERSITARIO REGIONAL DOS CAMPOS GERAIS,TEIXEIRA SOARES,4a RS IRATI,MACRORREGIONAL LESTE,23,Influenza,1
HOSPITAL UNIVERSITARIO REGIONAL DOS CAMPOS GERAIS,IRATI,4a RS IRATI,MACRORREGIONAL LESTE,26,Influenza,2
HOSPITAL UNIVERSITARIO REGIONAL DOS CAMPOS GERAIS,RIO AZUL,4a RS IRATI,MACRORREGIONAL LESTE,26,Rinovírus,1
HOSPITAL UNIVERSITARIO REGIONAL DOS CAMPOS GERAIS,MALLET,4a RS IRATI,MACRORREGIONAL LESTE,28,Influenza,1
HOSPITAL UNIVERSITARIO REGIONAL DOS CAMPOS GERAIS,IMBITUVA,4a RS IRATI,MACRORREGIONAL LESTE,28,Rinovírus,1
HOSPITAL UNIVERSITARIO REGIONAL DOS CAMPOS GERAIS,IRATI,4a RS IRATI,MACRORREGIONAL LESTE,34,Metapneumovírus,1
HOSPITAL UNIVERSITARIO REGIONAL DOS CAMPOS GERAIS,REBOUCAS,4a RS IRATI,MACRORREGIONAL LESTE,34,VSR,1
HOSPITAL UNIVERSITARIO REGIONAL DOS CAMPOS GERAIS,IRATI,4a RS IRATI,MACRORREGIONAL LESTE,35,Rinovírus,1
INSTITUTO MEDICO VIRMOND FREDERICO G K VIRMOND NETO,IRATI,4a RS IRATI,MACRORREGIONAL LESTE,33,VSR,1
PRONTO ATENDIMENTO MUNICIPAL DE IRATI,IRATI,4a RS IRATI,MACRORREGIONAL LESTE,6,Metapneumovírus,1
PRONTO ATENDIMENTO MUNICIPAL DE IRATI,IRATI,4a RS IRATI,MACRORREGIONAL LESTE,12,Rinovírus,2
SANTA CASA DE IRATI,IRATI,4a RS IRATI,MACRORREGIONAL LESTE,3,Metapneumovírus,1
SANTA CASA DE IRATI,IRATI,4a RS IRATI,MACRORREGIONAL LESTE,6,Rinovírus,1
SANTA CASA DE IRATI,FERNANDES PINHEIRO,4a RS IRATI,MACRORREGIONAL LESTE,7,Rinovírus,1
SANTA CASA DE IRATI,IMBITUVA,4a RS IRATI,MACRORREGIONAL LESTE,9,Rinovírus,1
SANTA CASA DE IRATI,RIO AZUL,4a RS IRATI,MACRORREGIONAL LESTE,9,Rinovírus,1
SANTA CASA DE IRATI,TEIXEIRA SOARES,4a RS IRATI,MACRORREGIONAL LESTE,10,Rinovírus,1
SANTA CASA DE IRATI,FERNANDES PINHEIRO,4a RS IRATI,MACRORREGIONAL LESTE,11,Rinovírus,1
SANTA CASA DE IRATI,IRATI,4a RS IRATI,MACRORREGIONAL LESTE,11,Rinovírus,1
SANTA CASA DE IRATI,IMBITUVA,4a RS IRATI,MACRORREGIONAL LESTE,15,Rinovírus,1
SANTA CASA DE IRATI,INACIO MARTINS,4a RS IRATI,MACRORREGIONAL LESTE,15,Rinovírus,1
SANTA CASA DE IRATI,IRATI,4a RS IRATI,MACRORREGIONAL LESTE,15,Rinovírus,1
SANTA CASA DE IRATI,IRATI,4a RS IRATI,MACRORREGIONAL LESTE,16,Influenza,1
SANTA CASA DE IRATI,TEIXEIRA SOARES,4a RS IRATI,MACRORREGIONAL LESTE,16,Influenza,1
SANTA CASA DE IRATI,IRATI,4a RS IRATI,MACRORREGIONAL LESTE,16,Rinovírus,1
SANTA CASA DE IRATI,REBOUCAS,4a RS IRATI,MACRORREGIONAL LESTE,16,Rinovírus,1
SANTA CASA DE IRATI,IRATI,4a RS IRATI,MACRORREGIONAL LESTE,17,Influenza,1
SANTA CASA DE IRATI,IMBITUVA,4a RS IRATI,MACRORREGIONAL LESTE,18,Influenza,1
SANTA CASA DE IRATI,IRATI,4a RS IRATI,MACRORREGIONAL LESTE,18,Influenza,1
SANTA CASA DE IRATI,IMBITUVA,4a RS IRATI,MACRORREGIONAL LESTE,18,Rinovírus,1
SANTA CASA DE IRATI,INACIO MARTINS,4a RS IRATI,MACRORREGIONAL LESTE,18,Rinovírus,1
SANTA CASA DE IRATI,IMBITUVA,4a RS IRATI,MACRORREGIONAL LESTE,19,Influenza,1
SANTA CASA DE IRATI,IRATI,4a RS IRATI,MACRORREGIONAL LESTE,19,Influenza,5
SANTA CASA DE IRATI,IMBITUVA,4a RS IRATI,MACRORREGIONAL LESTE,21,Influenza,2
SANTA CASA DE IRATI,FERNANDES PINHEIRO,4a RS IRATI,MACRORREGIONAL LESTE,21,Rinovírus,1
SANTA CASA DE IRATI,REBOUCAS,4a RS IRATI,MACRORREGIONAL LESTE,21,Rinovírus,1
SANTA CASA DE IRATI,TEIXEIRA SOARES,4a RS IRATI,MACRORREGIONAL LESTE,21,VSR,1
SANTA CASA DE IRATI,IMBITUVA,4a RS IRATI,MACRORREGIONAL LESTE,22,Influenza,1
SANTA CASA DE IRATI,INACIO MARTINS,4a RS IRATI,MACRORREGIONAL LESTE,22,Influenza,2
SANTA CASA DE IRATI,IRATI,4a RS IRATI,MACRORREGIONAL LESTE,22,Influenza,3
SANTA CASA DE IRATI,MALLET,4a RS IRATI,MACRORREGIONAL LESTE,22,Influenza,1
SANTA CASA DE IRATI,IMBITUVA,4a RS IRATI,MACRORREGIONAL LESTE,23,Adenovírus,1
SANTA CASA DE IRATI,IMBITUVA,4a RS IRATI,MACRORREGIONAL LESTE,23,Influenza,1
SANTA CASA DE IRATI,INACIO MARTINS,4a RS IRATI,MACRORREGIONAL LESTE,23,Influenza,1
SANTA CASA DE IRATI,IRATI,4a RS IRATI,MACRORREGIONAL LESTE,23,Influenza,1
SANTA CASA DE IRATI,TEIXEIRA SOARES,4a RS IRATI,MACRORREGIONAL LESTE,23,Influenza,1
SANTA CASA DE IRATI,RIO AZUL,4a RS IRATI,MACRORREGIONAL LESTE,23,Rinovírus,1
SANTA CASA DE IRATI,FERNANDES PINHEIRO,4a RS IRATI,MACRORREGIONAL LESTE,24,Influenza,3
SANTA CASA DE IRATI,IRATI,4a RS IRATI,MACRORREGIONAL LESTE,24,Influenza,5
SANTA CASA DE IRATI,FERNANDES PINHEIRO,4a RS IRATI,MACRORREGIONAL LESTE,24,Metapneumovírus,1
SANTA CASA DE IRATI,IRATI,4a RS IRATI,MACRORREGIONAL LESTE,24,Metapneumovírus,1
SANTA CASA DE IRATI,IRATI,4a RS IRATI,MACRORREGIONAL LESTE,24,Rinovírus,1
SANTA CASA DE IRATI,FERNANDES PINHEIRO,4a RS IRATI,MACRORREGIONAL LESTE,25,Influenza,1
SANTA CASA DE IRATI,IRATI,4a RS IRATI,MACRORREGIONAL LESTE,25,Influenza,2
SANTA CASA DE IRATI,IRATI,4a RS IRATI,MACRORREGIONAL LESTE,25,Metapneumovírus,1
SANTA CASA DE IRATI,IRATI,4a RS IRATI,MACRORREGIONAL LESTE,26,Adenovírus,1
SANTA CASA DE IRATI,IRATI,4a RS IRATI,MACRORREGIONAL LESTE,26,Influenza,3
SANTA CASA DE IRATI,IRATI,4a RS IRATI,MACRORREGIONAL LESTE,26,Metapneumovírus,1
SANTA CASA DE IRATI,MALLET,4a RS IRATI,MACRORREGIONAL LESTE,26,Metapneumovírus,1
SANTA CASA DE IRATI,IRATI,4a RS IRATI,MACRORREGIONAL LESTE,26,Rinovírus,1
SANTA CASA DE IRATI,IMBITUVA,4a RS IRATI,MACRORREGIONAL LESTE,26,VSR,1
SANTA CASA DE IRATI,FERNANDES PINHEIRO,4a RS IRATI,MACRORREGIONAL LESTE,27,Influenza,1
SANTA CASA DE IRATI,IRATI,4a RS IRATI,MACRORREGIONAL LESTE,27,Influenza,1
SANTA CASA DE IRATI,IRATI,4a RS IRATI,MACRORREGIONAL LESTE,27,Metapneumovírus,2
SANTA CASA DE IRATI,TEIXEIRA SOARES,4a RS IRATI,MACRORREGIONAL LESTE,27,Metapneumovírus,1
SANTA CASA DE IRATI,IRATI,4a RS IRATI,MACRORREGIONAL LESTE,27,Rinovírus,1
SANTA CASA DE IRATI,REBOUCAS,4a RS IRATI,MACRORREGIONAL LESTE,27,Rinovírus,1
SANTA CASA DE IRATI,TEIXEIRA SOARES,4a RS IRATI,MACRORREGIONAL LESTE,27,Rinovírus,1
SANTA CASA DE IRATI,IMBITUVA,4a RS IRATI,MACRORREGIONAL LESTE,27,VSR,1
SANTA CASA DE IRATI,TEIXEIRA SOARES,4a RS IRATI,MACRORREGIONAL LESTE,27,VSR,1
SANTA CASA DE IRATI,FERNANDES PINHEIRO,4a RS IRATI,MACRORREGIONAL LESTE,28,Metapneumovírus,1
SANTA CASA DE IRATI,FERNANDES PINHEIRO,4a RS IRATI,MACRORREGIONAL LESTE,28,Rinovírus,1
SANTA CASA DE IRATI,IRATI,4a RS IRATI,MACRORREGIONAL LESTE,28,Rinovírus,1
SANTA CASA DE IRATI,IMBITUVA,4a RS IRATI,MACRORREGIONAL LESTE,28,VSR,1
SANTA CASA DE IRATI,INACIO MARTINS,4a RS IRATI,MACRORREGIONAL LESTE,28,VSR,1
SANTA CASA DE IRATI,IRATI,4a RS IRATI,MACRORREGIONAL LESTE,28,VSR,1
SANTA CASA DE IRATI,TEIXEIRA SOARES,4a RS IRATI,MACRORREGIONAL LESTE,28,VSR,2
SANTA CASA DE IRATI,IRATI,4a RS IRATI,MACRORREGIONAL LESTE,29,Metapneumovírus,1
SANTA CASA DE IRATI,IRATI,4a RS IRATI,MACRORREGIONAL LESTE,29,Rinovírus,4
SANTA CASA DE IRATI,GUAMIRANGA,4a RS IRATI,MACRORREGIONAL LESTE,29,VSR,1
SANTA CASA DE IRATI,IRATI,4a RS IRATI,MACRORREGIONAL LESTE,29,VSR,2
SANTA CASA DE IRATI,IRATI,4a RS IRATI,MACRORREGIONAL LESTE,30,Metapneumovírus,1
SANTA CASA DE IRATI,IMBITUVA,4a RS IRATI,MACRORREGIONAL LESTE,30,VSR,1
SANTA CASA DE IRATI,IRATI,4a RS IRATI,MACRORREGIONAL LESTE,30,VSR,3
SANTA CASA DE IRATI,REBOUCAS,4a RS IRATI,MACRORREGIONAL LESTE,30,VSR,1
SANTA CASA DE IRATI,FERNANDES PINHEIRO,4a RS IRATI,MACRORREGIONAL LESTE,31,VSR,1
SANTA CASA DE IRATI,IMBITUVA,4a RS IRATI,MACRORREGIONAL LESTE,31,VSR,1
SANTA CASA DE IRATI,INACIO MARTINS,4a RS IRATI,MACRORREGIONAL LESTE,32,Metapneumovírus,1
SANTA CASA DE IRATI,IRATI,4a RS IRATI,MACRORREGIONAL LESTE,32,Metapneumovírus,1
SANTA CASA DE IRATI,IRATI,4a RS IRATI,MACRORREGIONAL LESTE,32,VSR,1
SANTA CASA DE IRATI,FERNANDES PINHEIRO,4a RS IRATI,MACRORREGIONAL LESTE,33,Metapneumovírus,1
SANTA CASA DE IRATI,INACIO MARTINS,4a RS IRATI,MACRORREGIONAL LESTE,33,Rinovírus,1
SANTA CASA DE IRATI,IRATI,4a RS IRATI,MACRORREGIONAL LESTE,33,Rinovírus,1
SANTA CASA DE IRATI,IRATI,4a RS IRATI,MACRORREGIONAL LESTE,33,VSR,1
SANTA CASA DE IRATI,IMBITUVA,4a RS IRATI,MACRORREGIONAL LESTE,34,Metapneumovírus,1
SANTA CASA DE IRATI,IRATI,4a RS IRATI,MACRORREGIONAL LESTE,34,Metapneumovírus,3
SANTA CASA DE IRATI,INACIO MARTINS,4a RS IRATI,MACRORREGIONAL LESTE,34,Rinovírus,1
SANTA CASA DE IRATI,IRATI,4a RS IRATI,MACRORREGIONAL LESTE,34,Rinovírus,1
SANTA CASA DE IRATI,IRATI,4a RS IRATI,MACRORREGIONAL LESTE,34,VSR,1
SANTA CASA DE IRATI,IRATI,4a RS IRATI,MACRORREGIONAL LESTE,35,Metapneumovírus,3
SANTA CASA DE IRATI,TEIXEIRA SOARES,4a RS IRATI,MACRORREGIONAL LESTE,35,Rinovírus,1
SANTA CASA DE IRATI,IRATI,4a RS IRATI,MACRORREGIONAL LESTE,35,VSR,1
SANTA CASA DE IRATI,TEIXEIRA SOARES,4a RS IRATI,MACRORREGIONAL LESTE,35,VSR,1
SANTA CASA DE MISERICORDIA DE PONTA GROSSA,TEIXEIRA SOARES,4a RS IRATI,MACRORREGIONAL LESTE,17,Covid-19,1
CENTRO MEDICO HOSPITALAR SAO LUCAS,NOVA LARANJEIRAS,5a RS GUARAPUAVA,MACRORREGIONAL LESTE,11,Influenza,8
CENTRO MEDICO HOSPITALAR SAO LUCAS,LARANJEIRAS DO SUL,5a RS GUARAPUAVA,MACRORREGIONAL LESTE,11,Rinovírus,1
CENTRO MEDICO HOSPITALAR SAO LUCAS,NOVA LARANJEIRAS,5a RS GUARAPUAVA,MACRORREGIONAL LESTE,11,Rinovírus,1
CENTRO MEDICO HOSPITALAR SAO LUCAS,NOVA LARANJEIRAS,5a RS GUARAPUAVA,MACRORREGIONAL LESTE,12,Influenza,4
CENTRO MEDICO HOSPITALAR SAO LUCAS,NOVA LARANJEIRAS,5a RS GUARAPUAVA,MACRORREGIONAL LESTE,12,Rinovírus,1
CENTRO MEDICO HOSPITALAR SAO LUCAS,RIO BONITO DO IGUACU,5a RS GUARAPUAVA,MACRORREGIONAL LESTE,12,Rinovírus,1
CENTRO MEDICO HOSPITALAR SAO LUCAS,LARANJEIRAS DO SUL,5a RS GUARAPUAVA,MACRORREGIONAL LESTE,28,Influenza,2
CENTRO MEDICO HOSPITALAR SAO LUCAS,RIO BONITO DO IGUACU,5a RS GUARAPUAVA,MACRORREGIONAL LESTE,28,Influenza,1
CENTRO MEDICO HOSPITALAR SAO LUCAS,LARANJEIRAS DO SUL,5a RS GUARAPUAVA,MACRORREGIONAL LESTE,28,VSR,1
CENTRO MEDICO HOSPITALAR SAO LUCAS,RIO BONITO DO IGUACU,5a RS GUARAPUAVA,MACRORREGIONAL LESTE,28,VSR,1
COMPLEXO DO HOSPITAL DE CLINICAS DA UFPR HC E MVFA,TURVO,5a RS GUARAPUAVA,MACRORREGIONAL LESTE,19,Rinovírus,1
COMPLEXO DO HOSPITAL DE CLINICAS DA UFPR HC E MVFA,TURVO,5a RS GUARAPUAVA,MACRORREGIONAL LESTE,23,Influenza,1
COMPLEXO DO HOSPITAL DE CLINICAS DA UFPR HC E MVFA,GUARAPUAVA,5a RS GUARAPUAVA,MACRORREGIONAL LESTE,24,Influenza,1
HOSPITAL ANGELINA CARON,PRUDENTOPOLIS,5a RS GUARAPUAVA,MACRORREGIONAL LESTE,4,Influenza,1
HOSPITAL DE CARIDADE SAO VICENTE DE PAULO,GUARAPUAVA,5a RS GUARAPUAVA,MACRORREGIONAL LESTE,3,Covid-19,2
HOSPITAL DE CARIDADE SAO VICENTE DE PAULO,GUARAPUAVA,5a RS GUARAPUAVA,MACRORREGIONAL LESTE,5,Covid-19,1
HOSPITAL DE CARIDADE SAO VICENTE DE PAULO,VIRMOND,5a RS GUARAPUAVA,MACRORREGIONAL LESTE,12,Covid-19,1
HOSPITAL DE CARIDADE SAO VICENTE DE PAULO,RESERVA DO IGUACU,5a RS GUARAPUAVA,MACRORREGIONAL LESTE,14,Influenza,1
HOSPITAL DE CARIDADE SAO VICENTE DE PAULO,PRUDENTOPOLIS,5a RS GUARAPUAVA,MACRORREGIONAL LESTE,15,Influenza,1
HOSPITAL DE CARIDADE SAO VICENTE DE PAULO,GUARAPUAVA,5a RS GUARAPUAVA,MACRORREGIONAL LESTE,16,Rinovírus,1
HOSPITAL DE CARIDADE SAO VICENTE DE PAULO,GUARAPUAVA,5a RS GUARAPUAVA,MACRORREGIONAL LESTE,17,Influenza,1
HOSPITAL DE CARIDADE SAO VICENTE DE PAULO,PINHAO,5a RS GUARAPUAVA,MACRORREGIONAL LESTE,19,Influenza,1
HOSPITAL DE CARIDADE SAO VICENTE DE PAULO,GUARAPUAVA,5a RS GUARAPUAVA,MACRORREGIONAL LESTE,20,Influenza,1
HOSPITAL DE CARIDADE SAO VICENTE DE PAULO,PRUDENTOPOLIS,5a RS GUARAPUAVA,MACRORREGIONAL LESTE,20,Influenza,1
HOSPITAL DE CARIDADE SAO VICENTE DE PAULO,CAMPINA DO SIMAO,5a RS GUARAPUAVA,MACRORREGIONAL LESTE,22,Influenza,1
HOSPITAL DE CARIDADE SAO VICENTE DE PAULO,GUARAPUAVA,5a RS GUARAPUAVA,MACRORREGIONAL LESTE,22,Influenza,1
HOSPITAL DE CARIDADE SAO VICENTE DE PAULO,NOVA LARANJEIRAS,5a RS GUARAPUAVA,MACRORREGIONAL LESTE,23,Influenza,1
HOSPITAL DE CARIDADE SAO VICENTE DE PAULO,GUARAPUAVA,5a RS GUARAPUAVA,MACRORREGIONAL LESTE,27,VSR,4
HOSPITAL DE CARIDADE SAO VICENTE DE PAULO,GUARAPUAVA,5a RS GUARAPUAVA,MACRORREGIONAL LESTE,28,Influenza,1
HOSPITAL DE CARIDADE SAO VICENTE DE PAULO,GUARAPUAVA,5a RS GUARAPUAVA,MACRORREGIONAL LESTE,28,VSR,1
HOSPITAL DE CARIDADE SAO VICENTE DE PAULO,GUARAPUAVA,5a RS GUARAPUAVA,MACRORREGIONAL LESTE,29,VSR,1
HOSPITAL DE ENSINO SAO LUCAS,NOVA LARANJEIRAS,5a RS GUARAPUAVA,MACRORREGIONAL LESTE,31,Influenza,1
HOSPITAL GERAL UNIMED,PRUDENTOPOLIS,5a RS GUARAPUAVA,MACRORREGIONAL LESTE,4,Metapneumovírus,1
HOSPITAL INFANTIL DOUTOR WALDEMAR MONASTIER,PITANGA,5a RS GUARAPUAVA,MACRORREGIONAL LESTE,9,Rinovírus,1
HOSPITAL INFANTIL DOUTOR WALDEMAR MONASTIER,GUARAPUAVA,5a RS GUARAPUAVA,MACRORREGIONAL LESTE,15,Rinovírus,1
HOSPITAL INFANTIL DOUTOR WALDEMAR MONASTIER,CANDOI,5a RS GUARAPUAVA,MACRORREGIONAL LESTE,17,Rinovírus,1
HOSPITAL INFANTIL DOUTOR WALDEMAR MONASTIER,PITANGA,5a RS GUARAPUAVA,MACRORREGIONAL LESTE,17,Rinovírus,1
HOSPITAL INFANTIL DOUTOR WALDEMAR MONASTIER,PITANGA,5a RS GUARAPUAVA,MACRORREGIONAL LESTE,19,Influenza,1
HOSPITAL INFANTIL DOUTOR WALDEMAR MONASTIER,PRUDENTOPOLIS,5a RS GUARAPUAVA,MACRORREGIONAL LESTE,20,Rinovírus,1
HOSPITAL INFANTIL DOUTOR WALDEMAR MONASTIER,PITANGA,5a RS GUARAPUAVA,MACRORREGIONAL LESTE,22,Rinovírus,1
HOSPITAL INFANTIL DOUTOR WALDEMAR MONASTIER,PITANGA,5a RS GUARAPUAVA,MACRORREGIONAL LESTE,26,Rinovírus,1
HOSPITAL INFANTIL PEQUENO PRINCIPE,LARANJAL,5a RS GUARAPUAVA,MACRORREGIONAL LESTE,4,Rinovírus,1
HOSPITAL INFANTIL PEQUENO PRINCIPE,PALMITAL,5a RS GUARAPUAVA,MACRORREGIONAL LESTE,12,Rinovírus,1
HOSPITAL INFANTIL PEQUENO PRINCIPE,FOZ DO JORDAO,5a RS GUARAPUAVA,MACRORREGIONAL LESTE,15,Rinovírus,1
HOSPITAL INFANTIL PEQUENO PRINCIPE,GUARAPUAVA,5a RS GUARAPUAVA,MACRORREGIONAL LESTE,18,Rinovírus,1
HOSPITAL INFANTIL PEQUENO PRINCIPE,PALMITAL,5a RS GUARAPUAVA,MACRORREGIONAL LESTE,26,Rinovírus,1
HOSPITAL INFANTIL PEQUENO PRINCIPE,NOVA LARANJEIRAS,5a RS GUARAPUAVA,MACRORREGIONAL LESTE,34,Rinovírus,1
HOSPITAL IRMANDADE DA SANTA CASA,PRUDENTOPOLIS,5a RS GUARAPUAVA,MACRORREGIONAL LESTE,22,Influenza,1
HOSPITAL REGIONAL DE GUARAPUAVA,GUARAPUAVA,5a RS GUARAPUAVA,MACRORREGIONAL LESTE,18,Influenza,1
HOSPITAL REGIONAL DE GUARAPUAVA,GUARAPUAVA,5a RS GUARAPUAVA,MACRORREGIONAL LESTE,21,Influenza,1
HOSPITAL REGIONAL DE GUARAPUAVA,GUARAPUAVA,5a RS GUARAPUAVA,MACRORREGIONAL LESTE,22,Influenza,1
HOSPITAL REGIONAL DE GUARAPUAVA,GUARAPUAVA,5a RS GUARAPUAVA,MACRORREGIONAL LESTE,24,Influenza,1
HOSPITAL REGIONAL DE GUARAPUAVA,GUARAPUAVA,5a RS GUARAPUAVA,MACRORREGIONAL LESTE,25,Influenza,1
HOSPITAL REGIONAL DE GUARAPUAVA,GUARAPUAVA,5a RS GUARAPUAVA,MACRORREGIONAL LESTE,25,Rinovírus,1
HOSPITAL SAO VICENTE DE PAULO,PITANGA,5a RS GUARAPUAVA,MACRORREGIONAL LESTE,17,Influenza,1
HOSPITAL SEMMELWEIS,GUARAPUAVA,5a RS GUARAPUAVA,MACRORREGIONAL LESTE,19,Influenza,2
HOSPITAL UNIVERSITARIO REGIONAL DOS CAMPOS GERAIS,GUARAPUAVA,5a RS GUARAPUAVA,MACRORREGIONAL LESTE,4,Rinovírus,1
HOSPITAL UNIVERSITARIO REGIONAL DOS CAMPOS GERAIS,GUARAPUAVA,5a RS GUARAPUAVA,MACRORREGIONAL LESTE,17,Influenza,1
HOSPITAL UNIVERSITARIO REGIONAL DOS CAMPOS GERAIS,PINHAO,5a RS GUARAPUAVA,MACRORREGIONAL LESTE,30,VSR,1
INSTITUTO LUCENA SANCHEZ,PITANGA,5a RS GUARAPUAVA,MACRORREGIONAL LESTE,20,Influenza,1
INSTITUTO MEDICO VIRMOND FREDERICO G K VIRMOND NETO,GUARAPUAVA,5a RS GUARAPUAVA,MACRORREGIONAL LESTE,2,Adenovírus,1
INSTITUTO MEDICO VIRMOND FREDERICO G K VIRMOND NETO,LARANJAL,5a RS GUARAPUAVA,MACRORREGIONAL LESTE,4,Rinovírus,1
INSTITUTO MEDICO VIRMOND FREDERICO G K VIRMOND NETO,TURVO,5a RS GUARAPUAVA,MACRORREGIONAL LESTE,9,Rinovírus,1
INSTITUTO MEDICO VIRMOND FREDERICO G K VIRMOND NETO,PINHAO,5a RS GUARAPUAVA,MACRORREGIONAL LESTE,13,Adenovírus,1
INSTITUTO MEDICO VIRMOND FREDERICO G K VIRMOND NETO,PINHAO,5a RS GUARAPUAVA,MACRORREGIONAL LESTE,13,Rinovírus,1
INSTITUTO MEDICO VIRMOND FREDERICO G K VIRMOND NETO,NOVA LARANJEIRAS,5a RS GUARAPUAVA,MACRORREGIONAL LESTE,14,Rinovírus,1
INSTITUTO MEDICO VIRMOND FREDERICO G K VIRMOND NETO,GUARAPUAVA,5a RS GUARAPUAVA,MACRORREGIONAL LESTE,16,Influenza,1
INSTITUTO MEDICO VIRMOND FREDERICO G K VIRMOND NETO,GUARAPUAVA,5a RS GUARAPUAVA,MACRORREGIONAL LESTE,16,Rinovírus,1
INSTITUTO MEDICO VIRMOND FREDERICO G K VIRMOND NETO,GUARAPUAVA,5a RS GUARAPUAVA,MACRORREGIONAL LESTE,17,VSR,1
INSTITUTO MEDICO VIRMOND FREDERICO G K VIRMOND NETO,GUARAPUAVA,5a RS GUARAPUAVA,MACRORREGIONAL LESTE,18,VSR,1
INSTITUTO MEDICO VIRMOND FREDERICO G K VIRMOND NETO,GUARAPUAVA,5a RS GUARAPUAVA,MACRORREGIONAL LESTE,21,Influenza,1
INSTITUTO MEDICO VIRMOND FREDERICO G K VIRMOND NETO,GUARAPUAVA,5a RS GUARAPUAVA,MACRORREGIONAL LESTE,21,Rinovírus,1
INSTITUTO MEDICO VIRMOND FREDERICO G K VIRMOND NETO,BOA VENTURA DE SAO ROQUE,5a RS GUARAPUAVA,MACRORREGIONAL LESTE,22,Covid-19,1
INSTITUTO MEDICO VIRMOND FREDERICO G K VIRMOND NETO,CANTAGALO,5a RS GUARAPUAVA,MACRORREGIONAL LESTE,22,Rinovírus,1
INSTITUTO MEDICO VIRMOND FREDERICO G K VIRMOND NETO,GUARAPUAVA,5a RS GUARAPUAVA,MACRORREGIONAL LESTE,24,Influenza,1
INSTITUTO MEDICO VIRMOND FREDERICO G K VIRMOND NETO,GUARAPUAVA,5a RS GUARAPUAVA,MACRORREGIONAL LESTE,26,VSR,1
INSTITUTO MEDICO VIRMOND FREDERICO G K VIRMOND NETO,LARANJAL,5a RS GUARAPUAVA,MACRORREGIONAL LESTE,26,VSR,1
INSTITUTO MEDICO VIRMOND FREDERICO G K VIRMOND NETO,GUARAPUAVA,5a RS GUARAPUAVA,MACRORREGIONAL LESTE,27,Influenza,1
INSTITUTO MEDICO VIRMOND FREDERICO G K VIRMOND NETO,GUARAPUAVA,5a RS GUARAPUAVA,MACRORREGIONAL LESTE,27,Metapneumovírus,2
INSTITUTO MEDICO VIRMOND FREDERICO G K VIRMOND NETO,GUARAPUAVA,5a RS GUARAPUAVA,MACRORREGIONAL LESTE,27,VSR,3
INSTITUTO MEDICO VIRMOND FREDERICO G K VIRMOND NETO,GUARAPUAVA,5a RS GUARAPUAVA,MACRORREGIONAL LESTE,28,VSR,1
INSTITUTO MEDICO VIRMOND FREDERICO G K VIRMOND NETO,GUARAPUAVA,5a RS GUARAPUAVA,MACRORREGIONAL LESTE,29,VSR,2
INSTITUTO MEDICO VIRMOND FREDERICO G K VIRMOND NETO,PINHAO,5a RS GUARAPUAVA,MACRORREGIONAL LESTE,30,VSR,1
INSTITUTO MEDICO VIRMOND FREDERICO G K VIRMOND NETO,PITANGA,5a RS GUARAPUAVA,MACRORREGIONAL LESTE,32,Rinovírus,1
INSTITUTO MEDICO VIRMOND FREDERICO G K VIRMOND NETO,GUARAPUAVA,5a RS GUARAPUAVA,MACRORREGIONAL LESTE,33,Rinovírus,1
INSTITUTO MEDICO VIRMOND FREDERICO G K VIRMOND NETO,PINHAO,5a RS GUARAPUAVA,MACRORREGIONAL LESTE,33,Rinovírus,1
INSTITUTO SAO JOSE,LARANJEIRAS DO SUL,5a RS GUARAPUAVA,MACRORREGIONAL LESTE,2,Metapneumovírus,1
INSTITUTO SAO JOSE,NOVA LARANJEIRAS,5a RS GUARAPUAVA,MACRORREGIONAL LESTE,3,Covid-19,1
INSTITUTO SAO JOSE,NOVA LARANJEIRAS,5a RS GUARAPUAVA,MACRORREGIONAL LESTE,7,Influenza,1
INSTITUTO SAO JOSE,NOVA LARANJEIRAS,5a RS GUARAPUAVA,MACRORREGIONAL LESTE,7,Rinovírus,1
INSTITUTO SAO JOSE,LARANJEIRAS DO SUL,5a RS GUARAPUAVA,MACRORREGIONAL LESTE,8,Rinovírus,1
INSTITUTO SAO JOSE,LARANJEIRAS DO SUL,5a RS GUARAPUAVA,MACRORREGIONAL LESTE,12,Rinovírus,1
INSTITUTO SAO JOSE,LARANJEIRAS DO SUL,5a RS GUARAPUAVA,MACRORREGIONAL LESTE,13,Influenza,1
INSTITUTO SAO JOSE,NOVA LARANJEIRAS,5a RS GUARAPUAVA,MACRORREGIONAL LESTE,13,Influenza,1
INSTITUTO SAO JOSE,LARANJEIRAS DO SUL,5a RS GUARAPUAVA,MACRORREGIONAL LESTE,13,Rinovírus,1
INSTITUTO SAO JOSE,LARANJEIRAS DO SUL,5a RS GUARAPUAVA,MACRORREGIONAL LESTE,14,Influenza,2
INSTITUTO SAO JOSE,LARANJEIRAS DO SUL,5a RS GUARAPUAVA,MACRORREGIONAL LESTE,14,Rinovírus,1
INSTITUTO SAO JOSE,LARANJEIRAS DO SUL,5a RS GUARAPUAVA,MACRORREGIONAL LESTE,15,Influenza,1
INSTITUTO SAO JOSE,RIO BONITO DO IGUACU,5a RS GUARAPUAVA,MACRORREGIONAL LESTE,15,Influenza,1
INSTITUTO SAO JOSE,LARANJEIRAS DO SUL,5a RS GUARAPUAVA,MACRORREGIONAL LESTE,15,Rinovírus,1
INSTITUTO SAO JOSE,LARANJEIRAS DO SUL,5a RS GUARAPUAVA,MACRORREGIONAL LESTE,16,Influenza,1
INSTITUTO SAO JOSE,LARANJEIRAS DO SUL,5a RS GUARAPUAVA,MACRORREGIONAL LESTE,17,Influenza,2
INSTITUTO SAO JOSE,CANTAGALO,5a RS GUARAPUAVA,MACRORREGIONAL LESTE,17,Rinovírus,1
INSTITUTO SAO JOSE,LARANJEIRAS DO SUL,5a RS GUARAPUAVA,MACRORREGIONAL LESTE,19,Influenza,1
INSTITUTO SAO JOSE,LARANJEIRAS DO SUL,5a RS GUARAPUAVA,MACRORREGIONAL LESTE,19,Rinovírus,1
INSTITUTO SAO JOSE,LARANJEIRAS DO SUL,5a RS GUARAPUAVA,MACRORREGIONAL LESTE,20,Influenza,1
INSTITUTO SAO JOSE,MARQUINHO,5a RS GUARAPUAVA,MACRORREGIONAL LESTE,20,Influenza,1
INSTITUTO SAO JOSE,LARANJEIRAS DO SUL,5a RS GUARAPUAVA,MACRORREGIONAL LESTE,20,Rinovírus,1
INSTITUTO SAO JOSE,LARANJEIRAS DO SUL,5a RS GUARAPUAVA,MACRORREGIONAL LESTE,21,Influenza,1
INSTITUTO SAO JOSE,VIRMOND,5a RS GUARAPUAVA,MACRORREGIONAL LESTE,21,Rinovírus,1
INSTITUTO SAO JOSE,NOVA LARANJEIRAS,5a RS GUARAPUAVA,MACRORREGIONAL LESTE,23,Metapneumovírus,1
INSTITUTO SAO JOSE,LARANJEIRAS DO SUL,5a RS GUARAPUAVA,MACRORREGIONAL LESTE,24,Influenza,1
INSTITUTO SAO JOSE,NOVA LARANJEIRAS,5a RS GUARAPUAVA,MACRORREGIONAL LESTE,25,VSR,1
INSTITUTO SAO JOSE,LARANJEIRAS DO SUL,5a RS GUARAPUAVA,MACRORREGIONAL LESTE,26,Influenza,1
INSTITUTO SAO JOSE,CANTAGALO,5a RS GUARAPUAVA,MACRORREGIONAL LESTE,27,Influenza,1
INSTITUTO SAO JOSE,LARANJEIRAS DO SUL,5a RS GUARAPUAVA,MACRORREGIONAL LESTE,27,Influenza,3
INSTITUTO SAO JOSE,VIRMOND,5a RS GUARAPUAVA,MACRORREGIONAL LESTE,27,Influenza,2
INSTITUTO SAO JOSE,NOVA LARANJEIRAS,5a RS GUARAPUAVA,MACRORREGIONAL LESTE,27,VSR,1
INSTITUTO SAO JOSE,RIO BONITO DO IGUACU,5a RS GUARAPUAVA,MACRORREGIONAL LESTE,27,VSR,1
INSTITUTO SAO JOSE,LARANJEIRAS DO SUL,5a RS GUARAPUAVA,MACRORREGIONAL LESTE,28,Influenza,2
INSTITUTO SAO JOSE,RIO BONITO DO IGUACU,5a RS GUARAPUAVA,MACRORREGIONAL LESTE,28,Influenza,1
INSTITUTO SAO JOSE,LARANJEIRAS DO SUL,5a RS GUARAPUAVA,MACRORREGIONAL LESTE,28,Metapneumovírus,1
INSTITUTO SAO JOSE,LARANJEIRAS DO SUL,5a RS GUARAPUAVA,MACRORREGIONAL LESTE,28,Rinovírus,1
INSTITUTO SAO JOSE,LARANJEIRAS DO SUL,5a RS GUARAPUAVA,MACRORREGIONAL LESTE,28,VSR,1
INSTITUTO SAO JOSE,RIO BONITO DO IGUACU,5a RS GUARAPUAVA,MACRORREGIONAL LESTE,29,Influenza,1
INSTITUTO SAO JOSE,RIO BONITO DO IGUACU,5a RS GUARAPUAVA,MACRORREGIONAL LESTE,29,VSR,1
INSTITUTO SAO JOSE,VIRMOND,5a RS GUARAPUAVA,MACRORREGIONAL LESTE,29,VSR,1
INSTITUTO SAO JOSE,RIO BONITO DO IGUACU,5a RS GUARAPUAVA,MACRORREGIONAL LESTE,31,VSR,1
INSTITUTO SAO JOSE,VIRMOND,5a RS GUARAPUAVA,MACRORREGIONAL LESTE,31,VSR,1
ASSOCIACAO DE PROTECAO A MATERNIDADE E A INFANCIA,UNIAO DA VITORIA,6a RS UNIAO DA VITORIA,MACRORREGIONAL LESTE,11,Rinovírus,2
ASSOCIACAO DE PROTECAO A MATERNIDADE E A INFANCIA,UNIAO DA VITORIA,6a RS UNIAO DA VITORIA,MACRORREGIONAL LESTE,12,Rinovírus,1
ASSOCIACAO DE PROTECAO A MATERNIDADE E A INFANCIA,UNIAO DA VITORIA,6a RS UNIAO DA VITORIA,MACRORREGIONAL LESTE,14,Influenza,1
ASSOCIACAO DE PROTECAO A MATERNIDADE E A INFANCIA,UNIAO DA VITORIA,6a RS UNIAO DA VITORIA,MACRORREGIONAL LESTE,15,Influenza,3
ASSOCIACAO DE PROTECAO A MATERNIDADE E A INFANCIA,GENERAL CARNEIRO,6a RS UNIAO DA VITORIA,MACRORREGIONAL LESTE,15,Rinovírus,1
ASSOCIACAO DE PROTECAO A MATERNIDADE E A INFANCIA,UNIAO DA VITORIA,6a RS UNIAO DA VITORIA,MACRORREGIONAL LESTE,16,Influenza,2
ASSOCIACAO DE PROTECAO A MATERNIDADE E A INFANCIA,UNIAO DA VITORIA,6a RS UNIAO DA VITORIA,MACRORREGIONAL LESTE,16,Rinovírus,1
ASSOCIACAO DE PROTECAO A MATERNIDADE E A INFANCIA,GENERAL CARNEIRO,6a RS UNIAO DA VITORIA,MACRORREGIONAL LESTE,17,Covid-19,1
ASSOCIACAO DE PROTECAO A MATERNIDADE E A INFANCIA,UNIAO DA VITORIA,6a RS UNIAO DA VITORIA,MACRORREGIONAL LESTE,17,Covid-19,1
ASSOCIACAO DE PROTECAO A MATERNIDADE E A INFANCIA,UNIAO DA VITORIA,6a RS UNIAO DA VITORIA,MACRORREGIONAL LESTE,17,Influenza,1
ASSOCIACAO DE PROTECAO A MATERNIDADE E A INFANCIA,UNIAO DA VITORIA,6a RS UNIAO DA VITORIA,MACRORREGIONAL LESTE,17,Rinovírus,1
ASSOCIACAO DE PROTECAO A MATERNIDADE E A INFANCIA,UNIAO DA VITORIA,6a RS UNIAO DA VITORIA,MACRORREGIONAL LESTE,17,VSR,1
ASSOCIACAO DE PROTECAO A MATERNIDADE E A INFANCIA,PAULO FRONTIN,6a RS UNIAO DA VITORIA,MACRORREGIONAL LESTE,18,Covid-19,1
ASSOCIACAO DE PROTECAO A MATERNIDADE E A INFANCIA,UNIAO DA VITORIA,6a RS UNIAO DA VITORIA,MACRORREGIONAL LESTE,18,Influenza,1
ASSOCIACAO DE PROTECAO A MATERNIDADE E A INFANCIA,GENERAL CARNEIRO,6a RS UNIAO DA VITORIA,MACRORREGIONAL LESTE,19,Rinovírus,1
ASSOCIACAO DE PROTECAO A MATERNIDADE E A INFANCIA,SAO MATEUS DO SUL,6a RS UNIAO DA VITORIA,MACRORREGIONAL LESTE,19,Rinovírus,1
ASSOCIACAO DE PROTECAO A MATERNIDADE E A INFANCIA,SAO MATEUS DO SUL,6a RS UNIAO DA VITORIA,MACRORREGIONAL LESTE,19,VSR,1
ASSOCIACAO DE PROTECAO A MATERNIDADE E A INFANCIA,UNIAO DA VITORIA,6a RS UNIAO DA VITORIA,MACRORREGIONAL LESTE,20,Influenza,1
ASSOCIACAO DE PROTECAO A MATERNIDADE E A INFANCIA,PAULA FREITAS,6a RS UNIAO DA VITORIA,MACRORREGIONAL LESTE,20,Metapneumovírus,1
ASSOCIACAO DE PROTECAO A MATERNIDADE E A INFANCIA,CRUZ MACHADO,6a RS UNIAO DA VITORIA,MACRORREGIONAL LESTE,21,Influenza,1
ASSOCIACAO DE PROTECAO A MATERNIDADE E A INFANCIA,UNIAO DA VITORIA,6a RS UNIAO DA VITORIA,MACRORREGIONAL LESTE,21,Influenza,1
ASSOCIACAO DE PROTECAO A MATERNIDADE E A INFANCIA,UNIAO DA VITORIA,6a RS UNIAO DA VITORIA,MACRORREGIONAL LESTE,22,Adenovírus,1
ASSOCIACAO DE PROTECAO A MATERNIDADE E A INFANCIA,GENERAL CARNEIRO,6a RS UNIAO DA VITORIA,MACRORREGIONAL LESTE,22,Influenza,1
ASSOCIACAO DE PROTECAO A MATERNIDADE E A INFANCIA,PAULA FREITAS,6a RS UNIAO DA VITORIA,MACRORREGIONAL LESTE,22,Rinovírus,1
ASSOCIACAO DE PROTECAO A MATERNIDADE E A INFANCIA,UNIAO DA VITORIA,6a RS UNIAO DA VITORIA,MACRORREGIONAL LESTE,24,Rinovírus,1
ASSOCIACAO DE PROTECAO A MATERNIDADE E A INFANCIA,UNIAO DA VITORIA,6a RS UNIAO DA VITORIA,MACRORREGIONAL LESTE,24,VSR,2
ASSOCIACAO DE PROTECAO A MATERNIDADE E A INFANCIA,UNIAO DA VITORIA,6a RS UNIAO DA VITORIA,MACRORREGIONAL LESTE,26,VSR,1
ASSOCIACAO DE PROTECAO A MATERNIDADE E A INFANCIA,UNIAO DA VITORIA,6a RS UNIAO DA VITORIA,MACRORREGIONAL LESTE,27,VSR,1
ASSOCIACAO DE PROTECAO A MATERNIDADE E A INFANCIA,BITURUNA,6a RS UNIAO DA VITORIA,MACRORREGIONAL LESTE,28,Metapneumovírus,1
ASSOCIACAO DE PROTECAO A MATERNIDADE E A INFANCIA,PORTO VITORIA,6a RS UNIAO DA VITORIA,MACRORREGIONAL LESTE,28,Metapneumovírus,1
ASSOCIACAO DE PROTECAO A MATERNIDADE E A INFANCIA,UNIAO DA VITORIA,6a RS UNIAO DA VITORIA,MACRORREGIONAL LESTE,28,VSR,1
ASSOCIACAO DE PROTECAO A MATERNIDADE E A INFANCIA,GENERAL CARNEIRO,6a RS UNIAO DA VITORIA,MACRORREGIONAL LESTE,29,Influenza,1
ASSOCIACAO DE PROTECAO A MATERNIDADE E A INFANCIA,GENERAL CARNEIRO,6a RS UNIAO DA VITORIA,MACRORREGIONAL LESTE,29,Metapneumovírus,2
ASSOCIACAO DE PROTECAO A MATERNIDADE E A INFANCIA,BITURUNA,6a RS UNIAO DA VITORIA,MACRORREGIONAL LESTE,29,Rinovírus,1
ASSOCIACAO DE PROTECAO A MATERNIDADE E A INFANCIA,BITURUNA,6a RS UNIAO DA VITORIA,MACRORREGIONAL LESTE,29,VSR,2
ASSOCIACAO DE PROTECAO A MATERNIDADE E A INFANCIA,SAO MATEUS DO SUL,6a RS UNIAO DA VITORIA,MACRORREGIONAL LESTE,29,VSR,1
ASSOCIACAO DE PROTECAO A MATERNIDADE E A INFANCIA,SAO MATEUS DO SUL,6a RS UNIAO DA VITORIA,MACRORREGIONAL LESTE,30,VSR,1
ASSOCIACAO DE PROTECAO A MATERNIDADE E A INFANCIA,GENERAL CARNEIRO,6a RS UNIAO DA VITORIA,MACRORREGIONAL LESTE,32,Rinovírus,1
ASSOCIACAO DE PROTECAO A MATERNIDADE E A INFANCIA,GENERAL CARNEIRO,6a RS UNIAO DA VITORIA,MACRORREGIONAL LESTE,32,VSR,1
ASSOCIACAO DE PROTECAO A MATERNIDADE E A INFANCIA,GENERAL CARNEIRO,6a RS UNIAO DA VITORIA,MACRORREGIONAL LESTE,34,VSR,1
COMPLEXO DO HOSPITAL DE CLINICAS DA UFPR HC E MVFA,UNIAO DA VITORIA,6a RS UNIAO DA VITORIA,MACRORREGIONAL LESTE,10,Covid-19,1
COMPLEXO DO HOSPITAL DE CLINICAS DA UFPR HC E MVFA,PORTO VITORIA,6a RS UNIAO DA VITORIA,MACRORREGIONAL LESTE,29,VSR,1
HNSG,SAO MATEUS DO SUL,6a RS UNIAO DA VITORIA,MACRORREGIONAL LESTE,8,Covid-19,1
HNSG,ANTONIO OLINTO,6a RS UNIAO DA VITORIA,MACRORREGIONAL LESTE,11,Covid-19,1
HOSPITAL ANGELINA CARON,SAO MATEUS DO SUL,6a RS UNIAO DA VITORIA,MACRORREGIONAL LESTE,11,Rinovírus,1
HOSPITAL ANGELINA CARON,CRUZ MACHADO,6a RS UNIAO DA VITORIA,MACRORREGIONAL LESTE,30,Rinovírus,1
HOSPITAL ANGELINA CARON,UNIAO DA VITORIA,6a RS UNIAO DA VITORIA,MACRORREGIONAL LESTE,30,Rinovírus,1
HOSPITAL ANGELINA CARON,BITURUNA,6a RS UNIAO DA VITORIA,MACRORREGIONAL LESTE,31,VSR,1
HOSPITAL DE CARIDADE SAO FRANCISCO DE ASSIS,SAO MATEUS DO SUL,6a RS UNIAO DA VITORIA,MACRORREGIONAL LESTE,30,Adenovírus,1
HOSPITAL DO CENTRO,CRUZ MACHADO,6a RS UNIAO DA VITORIA,MACRORREGIONAL LESTE,14,Adenovírus,1
HOSPITAL INFANTIL PEQUENO PRINCIPE,SAO MATEUS DO SUL,6a RS UNIAO DA VITORIA,MACRORREGIONAL LESTE,25,Rinovírus,1
HOSPITAL MUNICIPAL SANTA TEREZINHA,CRUZ MACHADO,6a RS UNIAO DA VITORIA,MACRORREGIONAL LESTE,21,Influenza,1
HOSPITAL MUNICIPAL SANTA TEREZINHA,CRUZ MACHADO,6a RS UNIAO DA VITORIA,MACRORREGIONAL LESTE,22,Influenza,2
HOSPITAL MUNICIPAL SANTA TEREZINHA,CRUZ MACHADO,6a RS UNIAO DA VITORIA,MACRORREGIONAL LESTE,24,Influenza,1
HOSPITAL MUNICIPAL SANTA TEREZINHA,CRUZ MACHADO,6a RS UNIAO DA VITORIA,MACRORREGIONAL LESTE,29,Metapneumovírus,1
HOSPITAL MUNICIPAL SANTA TEREZINHA,CRUZ MACHADO,6a RS UNIAO DA VITORIA,MACRORREGIONAL LESTE,34,Metapneumovírus,1
HOSPITAL PAULO FORTES,SAO MATEUS DO SUL,6a RS UNIAO DA VITORIA,MACRORREGIONAL LESTE,27,Rinovírus,1
HOSPITAL PAULO FORTES,SAO MATEUS DO SUL,6a RS UNIAO DA VITORIA,MACRORREGIONAL LESTE,27,VSR,1
HOSPITAL REGIONAL DE CARIDADE NOSSA SRA APARECIDA,UNIAO DA VITORIA,6a RS UNIAO DA VITORIA,MACRORREGIONAL LESTE,25,Adenovírus,1
HOSPITAL SAO VICENTE DE PAULA,BITURUNA,6a RS UNIAO DA VITORIA,MACRORREGIONAL LESTE,22,Influenza,1
HOSPITAL SAO VICENTE DE PAULA,BITURUNA,6a RS UNIAO DA VITORIA,MACRORREGIONAL LESTE,24,Rinovírus,1
COMPLEXO DO HOSPITAL DE CLINICAS DA UFPR HC E MVFA,SAO JOAO,7a RS PATO BRANCO,MACRORREGIAO OESTE,20,Rinovírus,1
HOSPITAL ERASTO GAERTNER,PATO BRANCO,7a RS PATO BRANCO,MACRORREGIAO OESTE,28,Rinovírus,1
HOSPITAL FILANTROPICO POLICLINICA,PATO BRANCO,7a RS PATO BRANCO,MACRORREGIAO OESTE,2,Rinovírus,1
HOSPITAL FILANTROPICO POLICLINICA,PATO BRANCO,7a RS PATO BRANCO,MACRORREGIAO OESTE,8,Metapneumovírus,1
HOSPITAL FILANTROPICO POLICLINICA,MARIOPOLIS,7a RS PATO BRANCO,MACRORREGIAO OESTE,8,Rinovírus,1
HOSPITAL FILANTROPICO POLICLINICA,PATO BRANCO,7a RS PATO BRANCO,MACRORREGIAO OESTE,8,Rinovírus,1
HOSPITAL FILANTROPICO POLICLINICA,PATO BRANCO,7a RS PATO BRANCO,MACRORREGIAO OESTE,9,Rinovírus,1
HOSPITAL FILANTROPICO POLICLINICA,CHOPINZINHO,7a RS PATO BRANCO,MACRORREGIAO OESTE,10,Covid-19,1
HOSPITAL FILANTROPICO POLICLINICA,PATO BRANCO,7a RS PATO BRANCO,MACRORREGIAO OESTE,10,Rinovírus,1
HOSPITAL FILANTROPICO POLICLINICA,MARIOPOLIS,7a RS PATO BRANCO,MACRORREGIAO OESTE,11,Rinovírus,1
HOSPITAL FILANTROPICO POLICLINICA,PATO BRANCO,7a RS PATO BRANCO,MACRORREGIAO OESTE,11,Rinovírus,3
HOSPITAL FILANTROPICO POLICLINICA,SAO JOAO,7a RS PATO BRANCO,MACRORREGIAO OESTE,11,Rinovírus,1
HOSPITAL FILANTROPICO POLICLINICA,VITORINO,7a RS PATO BRANCO,MACRORREGIAO OESTE,11,Rinovírus,1
HOSPITAL FILANTROPICO POLICLINICA,PALMAS,7a RS PATO BRANCO,MACRORREGIAO OESTE,12,Adenovírus,1
HOSPITAL FILANTROPICO POLICLINICA,PATO BRANCO,7a RS PATO BRANCO,MACRORREGIAO OESTE,12,Rinovírus,1
HOSPITAL FILANTROPICO POLICLINICA,MARIOPOLIS,7a RS PATO BRANCO,MACRORREGIAO OESTE,13,Adenovírus,1
HOSPITAL FILANTROPICO POLICLINICA,PATO BRANCO,7a RS PATO BRANCO,MACRORREGIAO OESTE,13,Influenza,1
HOSPITAL FILANTROPICO POLICLINICA,MARIOPOLIS,7a RS PATO BRANCO,MACRORREGIAO OESTE,13,Rinovírus,1
HOSPITAL FILANTROPICO POLICLINICA,VITORINO,7a RS PATO BRANCO,MACRORREGIAO OESTE,14,Rinovírus,1
HOSPITAL FILANTROPICO POLICLINICA,PATO BRANCO,7a RS PATO BRANCO,MACRORREGIAO OESTE,15,Influenza,1
HOSPITAL FILANTROPICO POLICLINICA,SAUDADE DO IGUACU,7a RS PATO BRANCO,MACRORREGIAO OESTE,15,Influenza,1
HOSPITAL FILANTROPICO POLICLINICA,PATO BRANCO,7a RS PATO BRANCO,MACRORREGIAO OESTE,15,Rinovírus,1
HOSPITAL FILANTROPICO POLICLINICA,CHOPINZINHO,7a RS PATO BRANCO,MACRORREGIAO OESTE,16,Influenza,1
HOSPITAL FILANTROPICO POLICLINICA,PATO BRANCO,7a RS PATO BRANCO,MACRORREGIAO OESTE,16,Influenza,1
HOSPITAL FILANTROPICO POLICLINICA,PATO BRANCO,7a RS PATO BRANCO,MACRORREGIAO OESTE,17,Influenza,1
HOSPITAL FILANTROPICO POLICLINICA,PATO BRANCO,7a RS PATO BRANCO,MACRORREGIAO OESTE,18,Influenza,1
HOSPITAL FILANTROPICO POLICLINICA,SAO JOAO,7a RS PATO BRANCO,MACRORREGIAO OESTE,18,Influenza,1
HOSPITAL FILANTROPICO POLICLINICA,MARIOPOLIS,7a RS PATO BRANCO,MACRORREGIAO OESTE,18,Rinovírus,1
HOSPITAL FILANTROPICO POLICLINICA,SAO JOAO,7a RS PATO BRANCO,MACRORREGIAO OESTE,18,Rinovírus,1
HOSPITAL FILANTROPICO POLICLINICA,SAO JOAO,7a RS PATO BRANCO,MACRORREGIAO OESTE,18,VSR,1
HOSPITAL FILANTROPICO POLICLINICA,CHOPINZINHO,7a RS PATO BRANCO,MACRORREGIAO OESTE,19,Influenza,1
HOSPITAL FILANTROPICO POLICLINICA,PATO BRANCO,7a RS PATO BRANCO,MACRORREGIAO OESTE,19,Influenza,2
HOSPITAL FILANTROPICO POLICLINICA,PATO BRANCO,7a RS PATO BRANCO,MACRORREGIAO OESTE,19,Rinovírus,1
HOSPITAL FILANTROPICO POLICLINICA,VITORINO,7a RS PATO BRANCO,MACRORREGIAO OESTE,19,Rinovírus,1
HOSPITAL FILANTROPICO POLICLINICA,PATO BRANCO,7a RS PATO BRANCO,MACRORREGIAO OESTE,19,VSR,1
HOSPITAL FILANTROPICO POLICLINICA,CORONEL VIVIDA,7a RS PATO BRANCO,MACRORREGIAO OESTE,20,Adenovírus,1
HOSPITAL FILANTROPICO POLICLINICA,PATO BRANCO,7a RS PATO BRANCO,MACRORREGIAO OESTE,20,Adenovírus,1
HOSPITAL FILANTROPICO POLICLINICA,PATO BRANCO,7a RS PATO BRANCO,MACRORREGIAO OESTE,20,Influenza,2
HOSPITAL FILANTROPICO POLICLINICA,MANGUEIRINHA,7a RS PATO BRANCO,MACRORREGIAO OESTE,20,Rinovírus,1
HOSPITAL FILANTROPICO POLICLINICA,MARIOPOLIS,7a RS PATO BRANCO,MACRORREGIAO OESTE,20,Rinovírus,1
HOSPITAL FILANTROPICO POLICLINICA,PATO BRANCO,7a RS PATO BRANCO,MACRORREGIAO OESTE,20,Rinovírus,2
HOSPITAL FILANTROPICO POLICLINICA,PATO BRANCO,7a RS PATO BRANCO,MACRORREGIAO OESTE,20,VSR,1
HOSPITAL FILANTROPICO POLICLINICA,PATO BRANCO,7a RS PATO BRANCO,MACRORREGIAO OESTE,21,Influenza,3
HOSPITAL FILANTROPICO POLICLINICA,CORONEL VIVIDA,7a RS PATO BRANCO,MACRORREGIAO OESTE,21,Rinovírus,1
HOSPITAL FILANTROPICO POLICLINICA,PATO BRANCO,7a RS PATO BRANCO,MACRORREGIAO OESTE,21,Rinovírus,2
HOSPITAL FILANTROPICO POLICLINICA,VITORINO,7a RS PATO BRANCO,MACRORREGIAO OESTE,21,Rinovírus,1
HOSPITAL FILANTROPICO POLICLINICA,PATO BRANCO,7a RS PATO BRANCO,MACRORREGIAO OESTE,22,Adenovírus,1
HOSPITAL FILANTROPICO POLICLINICA,PATO BRANCO,7a RS PATO BRANCO,MACRORREGIAO OESTE,22,Influenza,3
HOSPITAL FILANTROPICO POLICLINICA,PATO BRANCO,7a RS PATO BRANCO,MACRORREGIAO OESTE,22,Rinovírus,1
HOSPITAL FILANTROPICO POLICLINICA,PATO BRANCO,7a RS PATO BRANCO,MACRORREGIAO OESTE,22,VSR,2
HOSPITAL FILANTROPICO POLICLINICA,PATO BRANCO,7a RS PATO BRANCO,MACRORREGIAO OESTE,23,Influenza,3
HOSPITAL FILANTROPICO POLICLINICA,PATO BRANCO,7a RS PATO BRANCO,MACRORREGIAO OESTE,23,Rinovírus,1
HOSPITAL FILANTROPICO POLICLINICA,PATO BRANCO,7a RS PATO BRANCO,MACRORREGIAO OESTE,23,VSR,1
HOSPITAL FILANTROPICO POLICLINICA,PATO BRANCO,7a RS PATO BRANCO,MACRORREGIAO OESTE,24,Influenza,1
HOSPITAL FILANTROPICO POLICLINICA,ITAPEJARA D'OESTE,7a RS PATO BRANCO,MACRORREGIAO OESTE,24,Rinovírus,1
HOSPITAL FILANTROPICO POLICLINICA,PATO BRANCO,7a RS PATO BRANCO,MACRORREGIAO OESTE,24,VSR,1
HOSPITAL FILANTROPICO POLICLINICA,PATO BRANCO,7a RS PATO BRANCO,MACRORREGIAO OESTE,25,Influenza,3
HOSPITAL FILANTROPICO POLICLINICA,SAO JOAO,7a RS PATO BRANCO,MACRORREGIAO OESTE,25,Influenza,1
HOSPITAL FILANTROPICO POLICLINICA,PATO BRANCO,7a RS PATO BRANCO,MACRORREGIAO OESTE,25,Metapneumovírus,1
HOSPITAL FILANTROPICO POLICLINICA,PATO BRANCO,7a RS PATO BRANCO,MACRORREGIAO OESTE,25,Rinovírus,2
HOSPITAL FILANTROPICO POLICLINICA,PATO BRANCO,7a RS PATO BRANCO,MACRORREGIAO OESTE,25,VSR,2
HOSPITAL FILANTROPICO POLICLINICA,SAO JOAO,7a RS PATO BRANCO,MACRORREGIAO OESTE,25,VSR,1
HOSPITAL FILANTROPICO POLICLINICA,PATO BRANCO,7a RS PATO BRANCO,MACRORREGIAO OESTE,26,Influenza,2
HOSPITAL FILANTROPICO POLICLINICA,PATO BRANCO,7a RS PATO BRANCO,MACRORREGIAO OESTE,26,Metapneumovírus,1
HOSPITAL FILANTROPICO POLICLINICA,VITORINO,7a RS PATO BRANCO,MACRORREGIAO OESTE,26,Metapneumovírus,1
HOSPITAL FILANTROPICO POLICLINICA,PATO BRANCO,7a RS PATO BRANCO,MACRORREGIAO OESTE,26,Rinovírus,3
HOSPITAL FILANTROPICO POLICLINICA,BOM SUCESSO DO SUL,7a RS PATO BRANCO,MACRORREGIAO OESTE,26,VSR,1
HOSPITAL FILANTROPICO POLICLINICA,CORONEL VIVIDA,7a RS PATO BRANCO,MACRORREGIAO OESTE,26,VSR,1
HOSPITAL FILANTROPICO POLICLINICA,PATO BRANCO,7a RS PATO BRANCO,MACRORREGIAO OESTE,26,VSR,4
HOSPITAL FILANTROPICO POLICLINICA,SAO JOAO,7a RS PATO BRANCO,MACRORREGIAO OESTE,26,VSR,1
HOSPITAL FILANTROPICO POLICLINICA,PATO BRANCO,7a RS PATO BRANCO,MACRORREGIAO OESTE,27,Influenza,2
HOSPITAL FILANTROPICO POLICLINICA,ITAPEJARA D'OESTE,7a RS PATO BRANCO,MACRORREGIAO OESTE,27,VSR,1
HOSPITAL FILANTROPICO POLICLINICA,PATO BRANCO,7a RS PATO BRANCO,MACRORREGIAO OESTE,27,VSR,3
HOSPITAL FILANTROPICO POLICLINICA,VITORINO,7a RS PATO BRANCO,MACRORREGIAO OESTE,27,VSR,1
HOSPITAL FILANTROPICO POLICLINICA,PATO BRANCO,7a RS PATO BRANCO,MACRORREGIAO OESTE,28,Influenza,1
HOSPITAL FILANTROPICO POLICLINICA,PATO BRANCO,7a RS PATO BRANCO,MACRORREGIAO OESTE,28,VSR,1
HOSPITAL FILANTROPICO POLICLINICA,CLEVELANDIA,7a RS PATO BRANCO,MACRORREGIAO OESTE,29,Metapneumovírus,1
HOSPITAL FILANTROPICO POLICLINICA,VITORINO,7a RS PATO BRANCO,MACRORREGIAO OESTE,30,Metapneumovírus,1
HOSPITAL FILANTROPICO POLICLINICA,MARIOPOLIS,7a RS PATO BRANCO,MACRORREGIAO OESTE,30,Rinovírus,1
HOSPITAL FILANTROPICO POLICLINICA,HONORIO SERPA,7a RS PATO BRANCO,MACRORREGIAO OESTE,30,VSR,1
HOSPITAL FILANTROPICO POLICLINICA,ITAPEJARA D'OESTE,7a RS PATO BRANCO,MACRORREGIAO OESTE,30,VSR,1
HOSPITAL FILANTROPICO POLICLINICA,PATO BRANCO,7a RS PATO BRANCO,MACRORREGIAO OESTE,30,VSR,1
HOSPITAL FILANTROPICO POLICLINICA,PATO BRANCO,7a RS PATO BRANCO,MACRORREGIAO OESTE,31,VSR,1
HOSPITAL FILANTROPICO POLICLINICA,HONORIO SERPA,7a RS PATO BRANCO,MACRORREGIAO OESTE,32,Influenza,1
HOSPITAL FILANTROPICO POLICLINICA,MARIOPOLIS,7a RS PATO BRANCO,MACRORREGIAO OESTE,32,Metapneumovírus,1
HOSPITAL FILANTROPICO POLICLINICA,PATO BRANCO,7a RS PATO BRANCO,MACRORREGIAO OESTE,34,Influenza,1
HOSPITAL FILANTROPICO POLICLINICA,PATO BRANCO,7a RS PATO BRANCO,MACRORREGIAO OESTE,34,Metapneumovírus,1
HOSPITAL FILANTROPICO POLICLINICA,PATO BRANCO,7a RS PATO BRANCO,MACRORREGIAO OESTE,35,Adenovírus,1
HOSPITAL FILANTROPICO POLICLINICA,PATO BRANCO,7a RS PATO BRANCO,MACRORREGIAO OESTE,35,Metapneumovírus,1
HOSPITAL FILANTROPICO POLICLINICA,PATO BRANCO,7a RS PATO BRANCO,MACRORREGIAO OESTE,35,Rinovírus,1
HOSPITAL INFANTIL PEQUENO PRINCIPE,MANGUEIRINHA,7a RS PATO BRANCO,MACRORREGIAO OESTE,9,Rinovírus,1
HOSPITAL INFANTIL PEQUENO PRINCIPE,ITAPEJARA D'OESTE,7a RS PATO BRANCO,MACRORREGIAO OESTE,14,Influenza,1
HPU HOSPITAL POLICLINICA UNIMED,SAO JOAO,7a RS PATO BRANCO,MACRORREGIAO OESTE,32,Influenza,1
ISSAL,PATO BRANCO,7a RS PATO BRANCO,MACRORREGIAO OESTE,3,Metapneumovírus,1
ISSAL,PATO BRANCO,7a RS PATO BRANCO,MACRORREGIAO OESTE,6,Covid-19,1
ISSAL,PATO BRANCO,7a RS PATO BRANCO,MACRORREGIAO OESTE,10,Covid-19,1
ISSAL,PATO BRANCO,7a RS PATO BRANCO,MACRORREGIAO OESTE,10,Rinovírus,1
ISSAL,PATO BRANCO,7a RS PATO BRANCO,MACRORREGIAO OESTE,11,Metapneumovírus,1
ISSAL,PATO BRANCO,7a RS PATO BRANCO,MACRORREGIAO OESTE,11,Rinovírus,1
ISSAL,HONORIO SERPA,7a RS PATO BRANCO,MACRORREGIAO OESTE,15,Influenza,1
ISSAL,PATO BRANCO,7a RS PATO BRANCO,MACRORREGIAO OESTE,16,VSR,1
ISSAL,PATO BRANCO,7a RS PATO BRANCO,MACRORREGIAO OESTE,19,Influenza,2
ISSAL,CORONEL VIVIDA,7a RS PATO BRANCO,MACRORREGIAO OESTE,19,VSR,1
ISSAL,MARIOPOLIS,7a RS PATO BRANCO,MACRORREGIAO OESTE,19,VSR,1
ISSAL,MANGUEIRINHA,7a RS PATO BRANCO,MACRORREGIAO OESTE,20,Influenza,1
ISSAL,PATO BRANCO,7a RS PATO BRANCO,MACRORREGIAO OESTE,20,Influenza,2
ISSAL,MARIOPOLIS,7a RS PATO BRANCO,MACRORREGIAO OESTE,21,VSR,1
ISSAL,CORONEL VIVIDA,7a RS PATO BRANCO,MACRORREGIAO OESTE,22,Influenza,1
ISSAL,PATO BRANCO,7a RS PATO BRANCO,MACRORREGIAO OESTE,22,Influenza,1
ISSAL,SAO JOAO,7a RS PATO BRANCO,MACRORREGIAO OESTE,22,Rinovírus,1
ISSAL,ITAPEJARA D'OESTE,7a RS PATO BRANCO,MACRORREGIAO OESTE,23,Influenza,1
ISSAL,PATO BRANCO,7a RS PATO BRANCO,MACRORREGIAO OESTE,23,Rinovírus,1
ISSAL,PATO BRANCO,7a RS PATO BRANCO,MACRORREGIAO OESTE,23,VSR,1
ISSAL,PATO BRANCO,7a RS PATO BRANCO,MACRORREGIAO OESTE,25,Adenovírus,1
ISSAL,PATO BRANCO,7a RS PATO BRANCO,MACRORREGIAO OESTE,25,Rinovírus,2
ISSAL,PATO BRANCO,7a RS PATO BRANCO,MACRORREGIAO OESTE,25,VSR,1
ISSAL,CORONEL VIVIDA,7a RS PATO BRANCO,MACRORREGIAO OESTE,27,Rinovírus,1
ISSAL,PATO BRANCO,7a RS PATO BRANCO,MACRORREGIAO OESTE,27,Rinovírus,1
ISSAL,CORONEL VIVIDA,7a RS PATO BRANCO,MACRORREGIAO OESTE,27,VSR,1
ISSAL,PATO BRANCO,7a RS PATO BRANCO,MACRORREGIAO OESTE,28,VSR,1
ISSAL,CORONEL VIVIDA,7a RS PATO BRANCO,MACRORREGIAO OESTE,30,Metapneumovírus,1
ISSAL,PATO BRANCO,7a RS PATO BRANCO,MACRORREGIAO OESTE,32,VSR,2
ISSAL,VITORINO,7a RS PATO BRANCO,MACRORREGIAO OESTE,33,VSR,2
ISSAL,PATO BRANCO,7a RS PATO BRANCO,MACRORREGIAO OESTE,34,VSR,1
CASA DE SAUDE DE SANTA IZABEL DOESTE,SANTA IZABEL DO OESTE,8a RS FRANCISCO BELTRAO,MACRORREGIAO OESTE,4,Covid-19,1
CASA DE SAUDE DE SANTA IZABEL DOESTE,SANTA IZABEL DO OESTE,8a RS FRANCISCO BELTRAO,MACRORREGIAO OESTE,10,Rinovírus,1
CASA DE SAUDE DE SANTA IZABEL DOESTE,SANTA IZABEL DO OESTE,8a RS FRANCISCO BELTRAO,MACRORREGIAO OESTE,12,Adenovírus,1
CASA DE SAUDE DE SANTA IZABEL DOESTE,SANTA IZABEL DO OESTE,8a RS FRANCISCO BELTRAO,MACRORREGIAO OESTE,13,Rinovírus,1
CASA DE SAUDE DE SANTA IZABEL DOESTE,SANTA IZABEL DO OESTE,8a RS FRANCISCO BELTRAO,MACRORREGIAO OESTE,18,Influenza,1
CASA DE SAUDE DE SANTA IZABEL DOESTE,SANTA IZABEL DO OESTE,8a RS FRANCISCO BELTRAO,MACRORREGIAO OESTE,19,Adenovírus,1
CASA DE SAUDE DE SANTA IZABEL DOESTE,SANTA IZABEL DO OESTE,8a RS FRANCISCO BELTRAO,MACRORREGIAO OESTE,19,Influenza,2
CASA DE SAUDE DE SANTA IZABEL DOESTE,SANTA IZABEL DO OESTE,8a RS FRANCISCO BELTRAO,MACRORREGIAO OESTE,19,Rinovírus,1
CASA DE SAUDE DE SANTA IZABEL DOESTE,SANTA IZABEL DO OESTE,8a RS FRANCISCO BELTRAO,MACRORREGIAO OESTE,20,Influenza,2
CASA DE SAUDE DE SANTA IZABEL DOESTE,SANTA IZABEL DO OESTE,8a RS FRANCISCO BELTRAO,MACRORREGIAO OESTE,23,Rinovírus,2
CASA DE SAUDE DE SANTA IZABEL DOESTE,SANTA IZABEL DO OESTE,8a RS FRANCISCO BELTRAO,MACRORREGIAO OESTE,24,Rinovírus,1
CASA DE SAUDE DE SANTA IZABEL DOESTE,SANTA IZABEL DO OESTE,8a RS FRANCISCO BELTRAO,MACRORREGIAO OESTE,24,VSR,3
CASA DE SAUDE DE SANTA IZABEL DOESTE,SANTA IZABEL DO OESTE,8a RS FRANCISCO BELTRAO,MACRORREGIAO OESTE,25,Rinovírus,1
CASA DE SAUDE DE SANTA IZABEL DOESTE,SANTA IZABEL DO OESTE,8a RS FRANCISCO BELTRAO,MACRORREGIAO OESTE,25,VSR,1
CASA DE SAUDE DE SANTA IZABEL DOESTE,SANTA IZABEL DO OESTE,8a RS FRANCISCO BELTRAO,MACRORREGIAO OESTE,26,VSR,1
CASA DE SAUDE DE SANTA IZABEL DOESTE,SANTA IZABEL DO OESTE,8a RS FRANCISCO BELTRAO,MACRORREGIAO OESTE,27,Metapneumovírus,1
CASA DE SAUDE DE SANTA IZABEL DOESTE,SANTA IZABEL DO OESTE,8a RS FRANCISCO BELTRAO,MACRORREGIAO OESTE,27,Rinovírus,1
CASA DE SAUDE DE SANTA IZABEL DOESTE,SANTA IZABEL DO OESTE,8a RS FRANCISCO BELTRAO,MACRORREGIAO OESTE,27,VSR,1
CASA DE SAUDE DE SANTA IZABEL DOESTE,SANTA IZABEL DO OESTE,8a RS FRANCISCO BELTRAO,MACRORREGIAO OESTE,28,Rinovírus,1
CASA DE SAUDE DE SANTA IZABEL DOESTE,SANTA IZABEL DO OESTE,8a RS FRANCISCO BELTRAO,MACRORREGIAO OESTE,28,VSR,3
CASA DE SAUDE DE SANTA IZABEL DOESTE,SANTA IZABEL DO OESTE,8a RS FRANCISCO BELTRAO,MACRORREGIAO OESTE,29,Metapneumovírus,1
CASA DE SAUDE DE SANTA IZABEL DOESTE,SALTO DO LONTRA,8a RS FRANCISCO BELTRAO,MACRORREGIAO OESTE,29,Rinovírus,1
CASA DE SAUDE DE SANTA IZABEL DOESTE,SANTA IZABEL DO OESTE,8a RS FRANCISCO BELTRAO,MACRORREGIAO OESTE,29,VSR,1
CASA DE SAUDE DE SANTA IZABEL DOESTE,SANTA IZABEL DO OESTE,8a RS FRANCISCO BELTRAO,MACRORREGIAO OESTE,30,VSR,2
CASA DE SAUDE DE SANTA IZABEL DOESTE,SANTA IZABEL DO OESTE,8a RS FRANCISCO BELTRAO,MACRORREGIAO OESTE,31,Metapneumovírus,2
CASA DE SAUDE DE SANTA IZABEL DOESTE,SANTA IZABEL DO OESTE,8a RS FRANCISCO BELTRAO,MACRORREGIAO OESTE,33,Rinovírus,1
CASA DE SAUDE DE SANTA IZABEL DOESTE,SANTA IZABEL DO OESTE,8a RS FRANCISCO BELTRAO,MACRORREGIAO OESTE,34,Adenovírus,1
CASA DE SAUDE DE SANTA IZABEL DOESTE,SANTA IZABEL DO OESTE,8a RS FRANCISCO BELTRAO,MACRORREGIAO OESTE,34,Rinovírus,1
FUNDACAO HOSPITALAR DA FRONTEIRA PRANCHITA,PRANCHITA,8a RS FRANCISCO BELTRAO,MACRORREGIAO OESTE,20,Influenza,1
FUNDACAO HOSPITALAR DA FRONTEIRA PRANCHITA,PRANCHITA,8a RS FRANCISCO BELTRAO,MACRORREGIAO OESTE,21,Influenza,2
FUNDACAO HOSPITALAR DA FRONTEIRA PRANCHITA,PRANCHITA,8a RS FRANCISCO BELTRAO,MACRORREGIAO OESTE,22,Influenza,1
FUNDACAO HOSPITALAR DA FRONTEIRA PRANCHITA,BELA VISTA DA CAROBA,8a RS FRANCISCO BELTRAO,MACRORREGIAO OESTE,23,Influenza,1
FUNDACAO HOSPITALAR DA FRONTEIRA PRANCHITA,PRANCHITA,8a RS FRANCISCO BELTRAO,MACRORREGIAO OESTE,23,Influenza,1
FUNDACAO HOSPITALAR DA FRONTEIRA PRANCHITA,PRANCHITA,8a RS FRANCISCO BELTRAO,MACRORREGIAO OESTE,23,Rinovírus,1
FUNDACAO HOSPITALAR DA FRONTEIRA PRANCHITA,BELA VISTA DA CAROBA,8a RS FRANCISCO BELTRAO,MACRORREGIAO OESTE,24,Influenza,1
FUNDACAO HOSPITALAR DA FRONTEIRA PRANCHITA,BELA VISTA DA CAROBA,8a RS FRANCISCO BELTRAO,MACRORREGIAO OESTE,27,Influenza,1
FUNDACAO HOSPITALAR DA FRONTEIRA PRANCHITA,BELA VISTA DA CAROBA,8a RS FRANCISCO BELTRAO,MACRORREGIAO OESTE,28,Influenza,1
FUNDACAO HOSPITALAR DA FRONTEIRA PRANCHITA,PRANCHITA,8a RS FRANCISCO BELTRAO,MACRORREGIAO OESTE,28,Influenza,1
FUNDACAO HOSPITALAR DA FRONTEIRA PRANCHITA,BELA VISTA DA CAROBA,8a RS FRANCISCO BELTRAO,MACRORREGIAO OESTE,29,Influenza,2
FUNDACAO HOSPITALAR DA FRONTEIRA PRANCHITA,PRANCHITA,8a RS FRANCISCO BELTRAO,MACRORREGIAO OESTE,33,VSR,1
HOSPITAL DR JOAO FRANCISCO CIOCCARI,VERE,8a RS FRANCISCO BELTRAO,MACRORREGIAO OESTE,23,Rinovírus,1
HOSPITAL FILANTROPICO POLICLINICA,DOIS VIZINHOS,8a RS FRANCISCO BELTRAO,MACRORREGIAO OESTE,12,Rinovírus,1
HOSPITAL FILANTROPICO POLICLINICA,FRANCISCO BELTRAO,8a RS FRANCISCO BELTRAO,MACRORREGIAO OESTE,30,Influenza,1
HOSPITAL GERAL INTERMUNICIPAL HGI DR ARYZONE MENDES D,FRANCISCO BELTRAO,8a RS FRANCISCO BELTRAO,MACRORREGIAO OESTE,4,Covid-19,1
HOSPITAL GERAL INTERMUNICIPAL HGI DR ARYZONE MENDES D,PEROLA D'OESTE,8a RS FRANCISCO BELTRAO,MACRORREGIAO OESTE,5,Influenza,1
HOSPITAL GERAL INTERMUNICIPAL HGI DR ARYZONE MENDES D,FRANCISCO BELTRAO,8a RS FRANCISCO BELTRAO,MACRORREGIAO OESTE,9,Rinovírus,1
HOSPITAL GERAL INTERMUNICIPAL HGI DR ARYZONE MENDES D,FRANCISCO BELTRAO,8a RS FRANCISCO BELTRAO,MACRORREGIAO OESTE,9,VSR,1
HOSPITAL GERAL INTERMUNICIPAL HGI DR ARYZONE MENDES D,SANTO ANTONIO DO SUDOESTE,8a RS FRANCISCO BELTRAO,MACRORREGIAO OESTE,11,Rinovírus,1
HOSPITAL GERAL INTERMUNICIPAL HGI DR ARYZONE MENDES D,FRANCISCO BELTRAO,8a RS FRANCISCO BELTRAO,MACRORREGIAO OESTE,12,Covid-19,1
HOSPITAL GERAL INTERMUNICIPAL HGI DR ARYZONE MENDES D,FRANCISCO BELTRAO,8a RS FRANCISCO BELTRAO,MACRORREGIAO OESTE,12,Rinovírus,1
HOSPITAL GERAL INTERMUNICIPAL HGI DR ARYZONE MENDES D,FRANCISCO BELTRAO,8a RS FRANCISCO BELTRAO,MACRORREGIAO OESTE,13,Rinovírus,1
HOSPITAL GERAL INTERMUNICIPAL HGI DR ARYZONE MENDES D,FRANCISCO BELTRAO,8a RS FRANCISCO BELTRAO,MACRORREGIAO OESTE,13,VSR,2
HOSPITAL GERAL INTERMUNICIPAL HGI DR ARYZONE MENDES D,REALEZA,8a RS FRANCISCO BELTRAO,MACRORREGIAO OESTE,14,Influenza,1
HOSPITAL GERAL INTERMUNICIPAL HGI DR ARYZONE MENDES D,FRANCISCO BELTRAO,8a RS FRANCISCO BELTRAO,MACRORREGIAO OESTE,14,VSR,3
HOSPITAL GERAL INTERMUNICIPAL HGI DR ARYZONE MENDES D,FRANCISCO BELTRAO,8a RS FRANCISCO BELTRAO,MACRORREGIAO OESTE,15,Rinovírus,1
HOSPITAL GERAL INTERMUNICIPAL HGI DR ARYZONE MENDES D,FRANCISCO BELTRAO,8a RS FRANCISCO BELTRAO,MACRORREGIAO OESTE,15,VSR,2
HOSPITAL GERAL INTERMUNICIPAL HGI DR ARYZONE MENDES D,FRANCISCO BELTRAO,8a RS FRANCISCO BELTRAO,MACRORREGIAO OESTE,16,Influenza,1
HOSPITAL GERAL INTERMUNICIPAL HGI DR ARYZONE MENDES D,PLANALTO,8a RS FRANCISCO BELTRAO,MACRORREGIAO OESTE,16,Influenza,1
HOSPITAL GERAL INTERMUNICIPAL HGI DR ARYZONE MENDES D,NOVA PRATA DO IGUACU,8a RS FRANCISCO BELTRAO,MACRORREGIAO OESTE,17,Rinovírus,1
HOSPITAL GERAL INTERMUNICIPAL HGI DR ARYZONE MENDES D,FRANCISCO BELTRAO,8a RS FRANCISCO BELTRAO,MACRORREGIAO OESTE,18,Influenza,1
HOSPITAL GERAL INTERMUNICIPAL HGI DR ARYZONE MENDES D,FRANCISCO BELTRAO,8a RS FRANCISCO BELTRAO,MACRORREGIAO OESTE,19,Influenza,1
HOSPITAL GERAL INTERMUNICIPAL HGI DR ARYZONE MENDES D,FRANCISCO BELTRAO,8a RS FRANCISCO BELTRAO,MACRORREGIAO OESTE,19,Rinovírus,2
HOSPITAL GERAL INTERMUNICIPAL HGI DR ARYZONE MENDES D,NOVA PRATA DO IGUACU,8a RS FRANCISCO BELTRAO,MACRORREGIAO OESTE,19,Rinovírus,1
HOSPITAL GERAL INTERMUNICIPAL HGI DR ARYZONE MENDES D,FRANCISCO BELTRAO,8a RS FRANCISCO BELTRAO,MACRORREGIAO OESTE,19,VSR,2
HOSPITAL GERAL INTERMUNICIPAL HGI DR ARYZONE MENDES D,FRANCISCO BELTRAO,8a RS FRANCISCO BELTRAO,MACRORREGIAO OESTE,20,Influenza,1
HOSPITAL GERAL INTERMUNICIPAL HGI DR ARYZONE MENDES D,SALTO DO LONTRA,8a RS FRANCISCO BELTRAO,MACRORREGIAO OESTE,20,Influenza,1
HOSPITAL GERAL INTERMUNICIPAL HGI DR ARYZONE MENDES D,ENEAS MARQUES,8a RS FRANCISCO BELTRAO,MACRORREGIAO OESTE,21,Influenza,1
HOSPITAL GERAL INTERMUNICIPAL HGI DR ARYZONE MENDES D,SANTA IZABEL DO OESTE,8a RS FRANCISCO BELTRAO,MACRORREGIAO OESTE,21,Influenza,1
HOSPITAL GERAL INTERMUNICIPAL HGI DR ARYZONE MENDES D,FRANCISCO BELTRAO,8a RS FRANCISCO BELTRAO,MACRORREGIAO OESTE,22,Influenza,1
HOSPITAL GERAL INTERMUNICIPAL HGI DR ARYZONE MENDES D,SALTO DO LONTRA,8a RS FRANCISCO BELTRAO,MACRORREGIAO OESTE,22,Rinovírus,1
HOSPITAL GERAL INTERMUNICIPAL HGI DR ARYZONE MENDES D,SAO JORGE D'OESTE,8a RS FRANCISCO BELTRAO,MACRORREGIAO OESTE,22,Rinovírus,1
HOSPITAL GERAL INTERMUNICIPAL HGI DR ARYZONE MENDES D,AMPERE,8a RS FRANCISCO BELTRAO,MACRORREGIAO OESTE,23,Influenza,1
HOSPITAL GERAL INTERMUNICIPAL HGI DR ARYZONE MENDES D,FRANCISCO BELTRAO,8a RS FRANCISCO BELTRAO,MACRORREGIAO OESTE,24,Influenza,1
HOSPITAL GERAL INTERMUNICIPAL HGI DR ARYZONE MENDES D,AMPERE,8a RS FRANCISCO BELTRAO,MACRORREGIAO OESTE,25,Rinovírus,1
HOSPITAL GERAL INTERMUNICIPAL HGI DR ARYZONE MENDES D,FRANCISCO BELTRAO,8a RS FRANCISCO BELTRAO,MACRORREGIAO OESTE,27,Rinovírus,1
HOSPITAL GERAL INTERMUNICIPAL HGI DR ARYZONE MENDES D,DOIS VIZINHOS,8a RS FRANCISCO BELTRAO,MACRORREGIAO OESTE,28,Influenza,1
HOSPITAL GERAL INTERMUNICIPAL HGI DR ARYZONE MENDES D,SALGADO FILHO,8a RS FRANCISCO BELTRAO,MACRORREGIAO OESTE,28,VSR,1
HOSPITAL GERAL INTERMUNICIPAL HGI DR ARYZONE MENDES D,FRANCISCO BELTRAO,8a RS FRANCISCO BELTRAO,MACRORREGIAO OESTE,34,Influenza,1
HOSPITAL INFANTIL PEQUENO PRINCIPE,FRANCISCO BELTRAO,8a RS FRANCISCO BELTRAO,MACRORREGIAO OESTE,15,Rinovírus,1
HOSPITAL INFANTIL PEQUENO PRINCIPE,REALEZA,8a RS FRANCISCO BELTRAO,MACRORREGIAO OESTE,17,Rinovírus,1
HOSPITAL PRO VIDA,SAO JORGE D'OESTE,8a RS FRANCISCO BELTRAO,MACRORREGIAO OESTE,10,Rinovírus,1
HOSPITAL PRO VIDA,DOIS VIZINHOS,8a RS FRANCISCO BELTRAO,MACRORREGIAO OESTE,13,Influenza,1
HOSPITAL PRO VIDA,DOIS VIZINHOS,8a RS FRANCISCO BELTRAO,MACRORREGIAO OESTE,19,Influenza,1
HOSPITAL PRO VIDA,BOA ESPERANCA DO IGUACU,8a RS FRANCISCO BELTRAO,MACRORREGIAO OESTE,20,Influenza,1
HOSPITAL PRO VIDA,DOIS VIZINHOS,8a RS FRANCISCO BELTRAO,MACRORREGIAO OESTE,20,Influenza,1
HOSPITAL PRO VIDA,DOIS VIZINHOS,8a RS FRANCISCO BELTRAO,MACRORREGIAO OESTE,21,Influenza,2
HOSPITAL PRO VIDA,DOIS VIZINHOS,8a RS FRANCISCO BELTRAO,MACRORREGIAO OESTE,22,Influenza,1
HOSPITAL PRO VIDA,CRUZEIRO DO IGUACU,8a RS FRANCISCO BELTRAO,MACRORREGIAO OESTE,23,Influenza,1
HOSPITAL PRO VIDA,DOIS VIZINHOS,8a RS FRANCISCO BELTRAO,MACRORREGIAO OESTE,25,VSR,1
HOSPITAL PRO VIDA,DOIS VIZINHOS,8a RS FRANCISCO BELTRAO,MACRORREGIAO OESTE,27,Influenza,1
HOSPITAL PRO VIDA,DOIS VIZINHOS,8a RS FRANCISCO BELTRAO,MACRORREGIAO OESTE,28,Influenza,2
HOSPITAL PRO VIDA,DOIS VIZINHOS,8a RS FRANCISCO BELTRAO,MACRORREGIAO OESTE,28,VSR,1
HOSPITAL PRO VIDA,DOIS VIZINHOS,8a RS FRANCISCO BELTRAO,MACRORREGIAO OESTE,29,VSR,1
HOSPITAL PRO VIDA,DOIS VIZINHOS,8a RS FRANCISCO BELTRAO,MACRORREGIAO OESTE,35,Rinovírus,1
HOSPITAL PRO VIDA,SAO JORGE D'OESTE,8a RS FRANCISCO BELTRAO,MACRORREGIAO OESTE,36,VSR,1
HOSPITAL REGIONAL DO SUDOESTE WALTER ALBERTO PECOITS F B,FRANCISCO BELTRAO,8a RS FRANCISCO BELTRAO,MACRORREGIAO OESTE,3,Covid-19,1
HOSPITAL REGIONAL DO SUDOESTE WALTER ALBERTO PECOITS F B,FLOR DA SERRA DO SUL,8a RS FRANCISCO BELTRAO,MACRORREGIAO OESTE,5,Influenza,1
HOSPITAL REGIONAL DO SUDOESTE WALTER ALBERTO PECOITS F B,FRANCISCO BELTRAO,8a RS FRANCISCO BELTRAO,MACRORREGIAO OESTE,6,Adenovírus,1
HOSPITAL REGIONAL DO SUDOESTE WALTER ALBERTO PECOITS F B,VERE,8a RS FRANCISCO BELTRAO,MACRORREGIAO OESTE,9,Adenovírus,1
HOSPITAL REGIONAL DO SUDOESTE WALTER ALBERTO PECOITS F B,AMPERE,8a RS FRANCISCO BELTRAO,MACRORREGIAO OESTE,9,Rinovírus,1
HOSPITAL REGIONAL DO SUDOESTE WALTER ALBERTO PECOITS F B,SAO JORGE D'OESTE,8a RS FRANCISCO BELTRAO,MACRORREGIAO OESTE,10,Rinovírus,1
HOSPITAL REGIONAL DO SUDOESTE WALTER ALBERTO PECOITS F B,FRANCISCO BELTRAO,8a RS FRANCISCO BELTRAO,MACRORREGIAO OESTE,11,Rinovírus,1
HOSPITAL REGIONAL DO SUDOESTE WALTER ALBERTO PECOITS F B,PLANALTO,8a RS FRANCISCO BELTRAO,MACRORREGIAO OESTE,12,Influenza,1
HOSPITAL REGIONAL DO SUDOESTE WALTER ALBERTO PECOITS F B,FRANCISCO BELTRAO,8a RS FRANCISCO BELTRAO,MACRORREGIAO OESTE,12,Rinovírus,1
HOSPITAL REGIONAL DO SUDOESTE WALTER ALBERTO PECOITS F B,FRANCISCO BELTRAO,8a RS FRANCISCO BELTRAO,MACRORREGIAO OESTE,13,Covid-19,1
HOSPITAL REGIONAL DO SUDOESTE WALTER ALBERTO PECOITS F B,MANFRINOPOLIS,8a RS FRANCISCO BELTRAO,MACRORREGIAO OESTE,13,Influenza,1
HOSPITAL REGIONAL DO SUDOESTE WALTER ALBERTO PECOITS F B,FRANCISCO BELTRAO,8a RS FRANCISCO BELTRAO,MACRORREGIAO OESTE,14,VSR,1
HOSPITAL REGIONAL DO SUDOESTE WALTER ALBERTO PECOITS F B,FRANCISCO BELTRAO,8a RS FRANCISCO BELTRAO,MACRORREGIAO OESTE,15,VSR,1
HOSPITAL REGIONAL DO SUDOESTE WALTER ALBERTO PECOITS F B,SALTO DO LONTRA,8a RS FRANCISCO BELTRAO,MACRORREGIAO OESTE,16,Influenza,1
HOSPITAL REGIONAL DO SUDOESTE WALTER ALBERTO PECOITS F B,FRANCISCO BELTRAO,8a RS FRANCISCO BELTRAO,MACRORREGIAO OESTE,16,VSR,2
HOSPITAL REGIONAL DO SUDOESTE WALTER ALBERTO PECOITS F B,FRANCISCO BELTRAO,8a RS FRANCISCO BELTRAO,MACRORREGIAO OESTE,17,Rinovírus,1
HOSPITAL REGIONAL DO SUDOESTE WALTER ALBERTO PECOITS F B,FRANCISCO BELTRAO,8a RS FRANCISCO BELTRAO,MACRORREGIAO OESTE,18,Influenza,2
HOSPITAL REGIONAL DO SUDOESTE WALTER ALBERTO PECOITS F B,PLANALTO,8a RS FRANCISCO BELTRAO,MACRORREGIAO OESTE,18,Influenza,1
HOSPITAL REGIONAL DO SUDOESTE WALTER ALBERTO PECOITS F B,CAPANEMA,8a RS FRANCISCO BELTRAO,MACRORREGIAO OESTE,19,Influenza,1
HOSPITAL REGIONAL DO SUDOESTE WALTER ALBERTO PECOITS F B,FRANCISCO BELTRAO,8a RS FRANCISCO BELTRAO,MACRORREGIAO OESTE,19,Influenza,1
HOSPITAL REGIONAL DO SUDOESTE WALTER ALBERTO PECOITS F B,REALEZA,8a RS FRANCISCO BELTRAO,MACRORREGIAO OESTE,19,Influenza,1
HOSPITAL REGIONAL DO SUDOESTE WALTER ALBERTO PECOITS F B,FRANCISCO BELTRAO,8a RS FRANCISCO BELTRAO,MACRORREGIAO OESTE,19,Metapneumovírus,1
HOSPITAL REGIONAL DO SUDOESTE WALTER ALBERTO PECOITS F B,PINHAL DE SAO BENTO,8a RS FRANCISCO BELTRAO,MACRORREGIAO OESTE,19,Metapneumovírus,1
HOSPITAL REGIONAL DO SUDOESTE WALTER ALBERTO PECOITS F B,FRANCISCO BELTRAO,8a RS FRANCISCO BELTRAO,MACRORREGIAO OESTE,19,Rinovírus,1
HOSPITAL REGIONAL DO SUDOESTE WALTER ALBERTO PECOITS F B,SAO JORGE D'OESTE,8a RS FRANCISCO BELTRAO,MACRORREGIAO OESTE,19,Rinovírus,1
HOSPITAL REGIONAL DO SUDOESTE WALTER ALBERTO PECOITS F B,AMPERE,8a RS FRANCISCO BELTRAO,MACRORREGIAO OESTE,19,VSR,1
HOSPITAL REGIONAL DO SUDOESTE WALTER ALBERTO PECOITS F B,FRANCISCO BELTRAO,8a RS FRANCISCO BELTRAO,MACRORREGIAO OESTE,19,VSR,1
HOSPITAL REGIONAL DO SUDOESTE WALTER ALBERTO PECOITS F B,FLOR DA SERRA DO SUL,8a RS FRANCISCO BELTRAO,MACRORREGIAO OESTE,20,Adenovírus,1
HOSPITAL REGIONAL DO SUDOESTE WALTER ALBERTO PECOITS F B,SANTA IZABEL DO OESTE,8a RS FRANCISCO BELTRAO,MACRORREGIAO OESTE,20,Influenza,1
HOSPITAL REGIONAL DO SUDOESTE WALTER ALBERTO PECOITS F B,AMPERE,8a RS FRANCISCO BELTRAO,MACRORREGIAO OESTE,20,Rinovírus,1
HOSPITAL REGIONAL DO SUDOESTE WALTER ALBERTO PECOITS F B,FRANCISCO BELTRAO,8a RS FRANCISCO BELTRAO,MACRORREGIAO OESTE,20,VSR,1
HOSPITAL REGIONAL DO SUDOESTE WALTER ALBERTO PECOITS F B,FRANCISCO BELTRAO,8a RS FRANCISCO BELTRAO,MACRORREGIAO OESTE,21,Rinovírus,1
HOSPITAL REGIONAL DO SUDOESTE WALTER ALBERTO PECOITS F B,FRANCISCO BELTRAO,8a RS FRANCISCO BELTRAO,MACRORREGIAO OESTE,22,Influenza,1
HOSPITAL REGIONAL DO SUDOESTE WALTER ALBERTO PECOITS F B,SAO JORGE D'OESTE,8a RS FRANCISCO BELTRAO,MACRORREGIAO OESTE,22,Rinovírus,1
HOSPITAL REGIONAL DO SUDOESTE WALTER ALBERTO PECOITS F B,NOVA ESPERANCA DO SUDOESTE,8a RS FRANCISCO BELTRAO,MACRORREGIAO OESTE,23,Influenza,1
HOSPITAL REGIONAL DO SUDOESTE WALTER ALBERTO PECOITS F B,MARMELEIRO,8a RS FRANCISCO BELTRAO,MACRORREGIAO OESTE,24,Rinovírus,1
HOSPITAL REGIONAL DO SUDOESTE WALTER ALBERTO PECOITS F B,FRANCISCO BELTRAO,8a RS FRANCISCO BELTRAO,MACRORREGIAO OESTE,24,VSR,1
HOSPITAL REGIONAL DO SUDOESTE WALTER ALBERTO PECOITS F B,SALTO DO LONTRA,8a RS FRANCISCO BELTRAO,MACRORREGIAO OESTE,24,VSR,1
HOSPITAL REGIONAL DO SUDOESTE WALTER ALBERTO PECOITS F B,DOIS VIZINHOS,8a RS FRANCISCO BELTRAO,MACRORREGIAO OESTE,25,VSR,1
HOSPITAL REGIONAL DO SUDOESTE WALTER ALBERTO PECOITS F B,FRANCISCO BELTRAO,8a RS FRANCISCO BELTRAO,MACRORREGIAO OESTE,25,VSR,3
HOSPITAL REGIONAL DO SUDOESTE WALTER ALBERTO PECOITS F B,FRANCISCO BELTRAO,8a RS FRANCISCO BELTRAO,MACRORREGIAO OESTE,26,Rinovírus,1
HOSPITAL REGIONAL DO SUDOESTE WALTER ALBERTO PECOITS F B,REALEZA,8a RS FRANCISCO BELTRAO,MACRORREGIAO OESTE,26,VSR,1
HOSPITAL REGIONAL DO SUDOESTE WALTER ALBERTO PECOITS F B,SAO JORGE D'OESTE,8a RS FRANCISCO BELTRAO,MACRORREGIAO OESTE,27,Influenza,1
HOSPITAL REGIONAL DO SUDOESTE WALTER ALBERTO PECOITS F B,ENEAS MARQUES,8a RS FRANCISCO BELTRAO,MACRORREGIAO OESTE,27,Metapneumovírus,1
HOSPITAL REGIONAL DO SUDOESTE WALTER ALBERTO PECOITS F B,SALTO DO LONTRA,8a RS FRANCISCO BELTRAO,MACRORREGIAO OESTE,27,Metapneumovírus,1
HOSPITAL REGIONAL DO SUDOESTE WALTER ALBERTO PECOITS F B,FRANCISCO BELTRAO,8a RS FRANCISCO BELTRAO,MACRORREGIAO OESTE,27,Rinovírus,1
HOSPITAL REGIONAL DO SUDOESTE WALTER ALBERTO PECOITS F B,SAO JORGE D'OESTE,8a RS FRANCISCO BELTRAO,MACRORREGIAO OESTE,27,Rinovírus,1
HOSPITAL REGIONAL DO SUDOESTE WALTER ALBERTO PECOITS F B,ENEAS MARQUES,8a RS FRANCISCO BELTRAO,MACRORREGIAO OESTE,27,VSR,1
HOSPITAL REGIONAL DO SUDOESTE WALTER ALBERTO PECOITS F B,SALTO DO LONTRA,8a RS FRANCISCO BELTRAO,MACRORREGIAO OESTE,27,VSR,1
HOSPITAL REGIONAL DO SUDOESTE WALTER ALBERTO PECOITS F B,SAO JORGE D'OESTE,8a RS FRANCISCO BELTRAO,MACRORREGIAO OESTE,27,VSR,1
HOSPITAL REGIONAL DO SUDOESTE WALTER ALBERTO PECOITS F B,FRANCISCO BELTRAO,8a RS FRANCISCO BELTRAO,MACRORREGIAO OESTE,28,Metapneumovírus,1
HOSPITAL REGIONAL DO SUDOESTE WALTER ALBERTO PECOITS F B,NOVA PRATA DO IGUACU,8a RS FRANCISCO BELTRAO,MACRORREGIAO OESTE,28,Metapneumovírus,1
HOSPITAL REGIONAL DO SUDOESTE WALTER ALBERTO PECOITS F B,FRANCISCO BELTRAO,8a RS FRANCISCO BELTRAO,MACRORREGIAO OESTE,28,Rinovírus,2
HOSPITAL REGIONAL DO SUDOESTE WALTER ALBERTO PECOITS F B,MARMELEIRO,8a RS FRANCISCO BELTRAO,MACRORREGIAO OESTE,29,Influenza,1
HOSPITAL REGIONAL DO SUDOESTE WALTER ALBERTO PECOITS F B,AMPERE,8a RS FRANCISCO BELTRAO,MACRORREGIAO OESTE,29,Rinovírus,1
HOSPITAL REGIONAL DO SUDOESTE WALTER ALBERTO PECOITS F B,FRANCISCO BELTRAO,8a RS FRANCISCO BELTRAO,MACRORREGIAO OESTE,29,VSR,1
HOSPITAL REGIONAL DO SUDOESTE WALTER ALBERTO PECOITS F B,DOIS VIZINHOS,8a RS FRANCISCO BELTRAO,MACRORREGIAO OESTE,30,Metapneumovírus,1
HOSPITAL REGIONAL DO SUDOESTE WALTER ALBERTO PECOITS F B,FRANCISCO BELTRAO,8a RS FRANCISCO BELTRAO,MACRORREGIAO OESTE,30,Metapneumovírus,3
HOSPITAL REGIONAL DO SUDOESTE WALTER ALBERTO PECOITS F B,FRANCISCO BELTRAO,8a RS FRANCISCO BELTRAO,MACRORREGIAO OESTE,30,Rinovírus,1
HOSPITAL REGIONAL DO SUDOESTE WALTER ALBERTO PECOITS F B,DOIS VIZINHOS,8a RS FRANCISCO BELTRAO,MACRORREGIAO OESTE,31,Metapneumovírus,1
HOSPITAL REGIONAL DO SUDOESTE WALTER ALBERTO PECOITS F B,DOIS VIZINHOS,8a RS FRANCISCO BELTRAO,MACRORREGIAO OESTE,31,VSR,1
HOSPITAL REGIONAL DO SUDOESTE WALTER ALBERTO PECOITS F B,FRANCISCO BELTRAO,8a RS FRANCISCO BELTRAO,MACRORREGIAO OESTE,31,VSR,1
HOSPITAL REGIONAL DO SUDOESTE WALTER ALBERTO PECOITS F B,FRANCISCO BELTRAO,8a RS FRANCISCO BELTRAO,MACRORREGIAO OESTE,32,Metapneumovírus,1
HOSPITAL REGIONAL DO SUDOESTE WALTER ALBERTO PECOITS F B,MARMELEIRO,8a RS FRANCISCO BELTRAO,MACRORREGIAO OESTE,33,VSR,1
HOSPITAL REGIONAL DO SUDOESTE WALTER ALBERTO PECOITS F B,PRANCHITA,8a RS FRANCISCO BELTRAO,MACRORREGIAO OESTE,33,VSR,1
HOSPITAL REGIONAL DO SUDOESTE WALTER ALBERTO PECOITS F B,PLANALTO,8a RS FRANCISCO BELTRAO,MACRORREGIAO OESTE,34,Metapneumovírus,1
HOSPITAL REGIONAL DO SUDOESTE WALTER ALBERTO PECOITS F B,NOVA PRATA DO IGUACU,8a RS FRANCISCO BELTRAO,MACRORREGIAO OESTE,34,Rinovírus,1
HOSPITAL REGIONAL DO SUDOESTE WALTER ALBERTO PECOITS F B,FRANCISCO BELTRAO,8a RS FRANCISCO BELTRAO,MACRORREGIAO OESTE,35,Adenovírus,1
HOSPITAL REGIONAL DO SUDOESTE WALTER ALBERTO PECOITS F B,PLANALTO,8a RS FRANCISCO BELTRAO,MACRORREGIAO OESTE,35,Adenovírus,1
HOSPITAL REGIONAL DO SUDOESTE WALTER ALBERTO PECOITS F B,DOIS VIZINHOS,8a RS FRANCISCO BELTRAO,MACRORREGIAO OESTE,35,Metapneumovírus,2
HOSPITAL REGIONAL DO SUDOESTE WALTER ALBERTO PECOITS F B,FRANCISCO BELTRAO,8a RS FRANCISCO BELTRAO,MACRORREGIAO OESTE,35,Rinovírus,1
HOSPITAL REGIONAL DO SUDOESTE WALTER ALBERTO PECOITS F B,FRANCISCO BELTRAO,8a RS FRANCISCO BELTRAO,MACRORREGIAO OESTE,35,VSR,1
HOSPITAL SAO FRANCISCO,FRANCISCO BELTRAO,8a RS FRANCISCO BELTRAO,MACRORREGIAO OESTE,13,Rinovírus,1
HOSPITAL SAO FRANCISCO,FRANCISCO BELTRAO,8a RS FRANCISCO BELTRAO,MACRORREGIAO OESTE,17,Influenza,1
HOSPITAL SAO FRANCISCO,FRANCISCO BELTRAO,8a RS FRANCISCO BELTRAO,MACRORREGIAO OESTE,18,Influenza,1
HOSPITAL SAO FRANCISCO,VERE,8a RS FRANCISCO BELTRAO,MACRORREGIAO OESTE,21,Influenza,1
HOSPITAL SAO FRANCISCO,FRANCISCO BELTRAO,8a RS FRANCISCO BELTRAO,MACRORREGIAO OESTE,33,Rinovírus,1
INSTITUTO BOM JESUS,SANTA IZABEL DO OESTE,8a RS FRANCISCO BELTRAO,MACRORREGIAO OESTE,30,Metapneumovírus,1
INSTITUTO DE SAUDE DE AMPERE ISA,AMPERE,8a RS FRANCISCO BELTRAO,MACRORREGIAO OESTE,2,Covid-19,1
INSTITUTO DE SAUDE DE AMPERE ISA,AMPERE,8a RS FRANCISCO BELTRAO,MACRORREGIAO OESTE,5,Adenovírus,2
INSTITUTO DE SAUDE DE AMPERE ISA,AMPERE,8a RS FRANCISCO BELTRAO,MACRORREGIAO OESTE,5,Covid-19,2
INSTITUTO DE SAUDE DE AMPERE ISA,AMPERE,8a RS FRANCISCO BELTRAO,MACRORREGIAO OESTE,8,Adenovírus,1
INSTITUTO DE SAUDE DE AMPERE ISA,AMPERE,8a RS FRANCISCO BELTRAO,MACRORREGIAO OESTE,8,Rinovírus,1
INSTITUTO DE SAUDE DE AMPERE ISA,AMPERE,8a RS FRANCISCO BELTRAO,MACRORREGIAO OESTE,9,Adenovírus,1
INSTITUTO DE SAUDE DE AMPERE ISA,PINHAL DE SAO BENTO,8a RS FRANCISCO BELTRAO,MACRORREGIAO OESTE,9,Covid-19,1
INSTITUTO DE SAUDE DE AMPERE ISA,AMPERE,8a RS FRANCISCO BELTRAO,MACRORREGIAO OESTE,9,Rinovírus,1
INSTITUTO DE SAUDE DE AMPERE ISA,AMPERE,8a RS FRANCISCO BELTRAO,MACRORREGIAO OESTE,10,Metapneumovírus,1
INSTITUTO DE SAUDE DE AMPERE ISA,AMPERE,8a RS FRANCISCO BELTRAO,MACRORREGIAO OESTE,10,Rinovírus,1
INSTITUTO DE SAUDE DE AMPERE ISA,AMPERE,8a RS FRANCISCO BELTRAO,MACRORREGIAO OESTE,11,Adenovírus,1
INSTITUTO DE SAUDE DE AMPERE ISA,PINHAL DE SAO BENTO,8a RS FRANCISCO BELTRAO,MACRORREGIAO OESTE,11,Covid-19,1
INSTITUTO DE SAUDE DE AMPERE ISA,AMPERE,8a RS FRANCISCO BELTRAO,MACRORREGIAO OESTE,12,Metapneumovírus,1
INSTITUTO DE SAUDE DE AMPERE ISA,AMPERE,8a RS FRANCISCO BELTRAO,MACRORREGIAO OESTE,12,Rinovírus,1
INSTITUTO DE SAUDE DE AMPERE ISA,AMPERE,8a RS FRANCISCO BELTRAO,MACRORREGIAO OESTE,13,Adenovírus,2
INSTITUTO DE SAUDE DE AMPERE ISA,AMPERE,8a RS FRANCISCO BELTRAO,MACRORREGIAO OESTE,13,Rinovírus,1
INSTITUTO DE SAUDE DE AMPERE ISA,AMPERE,8a RS FRANCISCO BELTRAO,MACRORREGIAO OESTE,16,Influenza,2
INSTITUTO DE SAUDE DE AMPERE ISA,AMPERE,8a RS FRANCISCO BELTRAO,MACRORREGIAO OESTE,16,Metapneumovírus,1
INSTITUTO DE SAUDE DE AMPERE ISA,AMPERE,8a RS FRANCISCO BELTRAO,MACRORREGIAO OESTE,16,Rinovírus,2
INSTITUTO DE SAUDE DE AMPERE ISA,AMPERE,8a RS FRANCISCO BELTRAO,MACRORREGIAO OESTE,17,Adenovírus,1
INSTITUTO DE SAUDE DE AMPERE ISA,AMPERE,8a RS FRANCISCO BELTRAO,MACRORREGIAO OESTE,17,Influenza,2
INSTITUTO DE SAUDE DE AMPERE ISA,AMPERE,8a RS FRANCISCO BELTRAO,MACRORREGIAO OESTE,17,Metapneumovírus,1
INSTITUTO DE SAUDE DE AMPERE ISA,AMPERE,8a RS FRANCISCO BELTRAO,MACRORREGIAO OESTE,17,VSR,1
INSTITUTO DE SAUDE DE AMPERE ISA,AMPERE,8a RS FRANCISCO BELTRAO,MACRORREGIAO OESTE,18,Adenovírus,1
INSTITUTO DE SAUDE DE AMPERE ISA,AMPERE,8a RS FRANCISCO BELTRAO,MACRORREGIAO OESTE,18,Influenza,1
INSTITUTO DE SAUDE DE AMPERE ISA,AMPERE,8a RS FRANCISCO BELTRAO,MACRORREGIAO OESTE,18,Metapneumovírus,2
INSTITUTO DE SAUDE DE AMPERE ISA,AMPERE,8a RS FRANCISCO BELTRAO,MACRORREGIAO OESTE,18,Rinovírus,2
INSTITUTO DE SAUDE DE AMPERE ISA,AMPERE,8a RS FRANCISCO BELTRAO,MACRORREGIAO OESTE,20,Adenovírus,1
INSTITUTO DE SAUDE DE AMPERE ISA,AMPERE,8a RS FRANCISCO BELTRAO,MACRORREGIAO OESTE,20,Influenza,2
INSTITUTO DE SAUDE DE AMPERE ISA,AMPERE,8a RS FRANCISCO BELTRAO,MACRORREGIAO OESTE,21,Influenza,1
INSTITUTO DE SAUDE DE AMPERE ISA,AMPERE,8a RS FRANCISCO BELTRAO,MACRORREGIAO OESTE,21,Metapneumovírus,3
INSTITUTO DE SAUDE DE AMPERE ISA,AMPERE,8a RS FRANCISCO BELTRAO,MACRORREGIAO OESTE,22,Adenovírus,1
INSTITUTO DE SAUDE DE AMPERE ISA,AMPERE,8a RS FRANCISCO BELTRAO,MACRORREGIAO OESTE,22,Influenza,3
INSTITUTO DE SAUDE DE AMPERE ISA,PINHAL DE SAO BENTO,8a RS FRANCISCO BELTRAO,MACRORREGIAO OESTE,22,Influenza,1
INSTITUTO DE SAUDE DE AMPERE ISA,AMPERE,8a RS FRANCISCO BELTRAO,MACRORREGIAO OESTE,22,Metapneumovírus,2
INSTITUTO DE SAUDE DE AMPERE ISA,AMPERE,8a RS FRANCISCO BELTRAO,MACRORREGIAO OESTE,22,Rinovírus,1
INSTITUTO DE SAUDE DE AMPERE ISA,AMPERE,8a RS FRANCISCO BELTRAO,MACRORREGIAO OESTE,23,Influenza,1
INSTITUTO DE SAUDE DE AMPERE ISA,AMPERE,8a RS FRANCISCO BELTRAO,MACRORREGIAO OESTE,23,Rinovírus,1
INSTITUTO DE SAUDE DE AMPERE ISA,AMPERE,8a RS FRANCISCO BELTRAO,MACRORREGIAO OESTE,24,Influenza,3
INSTITUTO DE SAUDE DE AMPERE ISA,AMPERE,8a RS FRANCISCO BELTRAO,MACRORREGIAO OESTE,24,Metapneumovírus,2
INSTITUTO DE SAUDE DE AMPERE ISA,PINHAL DE SAO BENTO,8a RS FRANCISCO BELTRAO,MACRORREGIAO OESTE,24,Metapneumovírus,1
INSTITUTO DE SAUDE DE AMPERE ISA,AMPERE,8a RS FRANCISCO BELTRAO,MACRORREGIAO OESTE,25,Influenza,1
INSTITUTO DE SAUDE DE AMPERE ISA,AMPERE,8a RS FRANCISCO BELTRAO,MACRORREGIAO OESTE,25,Metapneumovírus,1
INSTITUTO DE SAUDE DE AMPERE ISA,PINHAL DE SAO BENTO,8a RS FRANCISCO BELTRAO,MACRORREGIAO OESTE,25,Rinovírus,1
INSTITUTO DE SAUDE DE AMPERE ISA,PINHAL DE SAO BENTO,8a RS FRANCISCO BELTRAO,MACRORREGIAO OESTE,25,VSR,1
INSTITUTO DE SAUDE DE AMPERE ISA,CAPANEMA,8a RS FRANCISCO BELTRAO,MACRORREGIAO OESTE,26,Adenovírus,1
INSTITUTO DE SAUDE DE AMPERE ISA,AMPERE,8a RS FRANCISCO BELTRAO,MACRORREGIAO OESTE,26,Influenza,1
INSTITUTO DE SAUDE DE AMPERE ISA,AMPERE,8a RS FRANCISCO BELTRAO,MACRORREGIAO OESTE,26,Rinovírus,1
INSTITUTO DE SAUDE DE AMPERE ISA,AMPERE,8a RS FRANCISCO BELTRAO,MACRORREGIAO OESTE,26,VSR,1
INSTITUTO DE SAUDE DE AMPERE ISA,CAPANEMA,8a RS FRANCISCO BELTRAO,MACRORREGIAO OESTE,26,VSR,1
INSTITUTO DE SAUDE DE AMPERE ISA,AMPERE,8a RS FRANCISCO BELTRAO,MACRORREGIAO OESTE,27,VSR,1
INSTITUTO DE SAUDE DE AMPERE ISA,AMPERE,8a RS FRANCISCO BELTRAO,MACRORREGIAO OESTE,28,Rinovírus,1
INSTITUTO DE SAUDE DE AMPERE ISA,AMPERE,8a RS FRANCISCO BELTRAO,MACRORREGIAO OESTE,29,Rinovírus,1
INSTITUTO DE SAUDE DE AMPERE ISA,AMPERE,8a RS FRANCISCO BELTRAO,MACRORREGIAO OESTE,29,VSR,2
INSTITUTO DE SAUDE DE AMPERE ISA,AMPERE,8a RS FRANCISCO BELTRAO,MACRORREGIAO OESTE,30,Adenovírus,2
INSTITUTO DE SAUDE DE AMPERE ISA,AMPERE,8a RS FRANCISCO BELTRAO,MACRORREGIAO OESTE,30,Influenza,1
INSTITUTO DE SAUDE DE AMPERE ISA,AMPERE,8a RS FRANCISCO BELTRAO,MACRORREGIAO OESTE,30,Metapneumovírus,1
INSTITUTO DE SAUDE DE AMPERE ISA,AMPERE,8a RS FRANCISCO BELTRAO,MACRORREGIAO OESTE,30,Rinovírus,1
INSTITUTO DE SAUDE DE AMPERE ISA,AMPERE,8a RS FRANCISCO BELTRAO,MACRORREGIAO OESTE,30,VSR,4
INSTITUTO DE SAUDE DE AMPERE ISA,PINHAL DE SAO BENTO,8a RS FRANCISCO BELTRAO,MACRORREGIAO OESTE,30,VSR,2
INSTITUTO DE SAUDE DE AMPERE ISA,REALEZA,8a RS FRANCISCO BELTRAO,MACRORREGIAO OESTE,30,VSR,1
INSTITUTO DE SAUDE DE AMPERE ISA,AMPERE,8a RS FRANCISCO BELTRAO,MACRORREGIAO OESTE,31,Influenza,2
INSTITUTO DE SAUDE DE AMPERE ISA,AMPERE,8a RS FRANCISCO BELTRAO,MACRORREGIAO OESTE,31,Rinovírus,3
INSTITUTO DE SAUDE DE AMPERE ISA,AMPERE,8a RS FRANCISCO BELTRAO,MACRORREGIAO OESTE,32,Metapneumovírus,2
INSTITUTO DE SAUDE DE AMPERE ISA,AMPERE,8a RS FRANCISCO BELTRAO,MACRORREGIAO OESTE,33,Influenza,1
INSTITUTO DE SAUDE DE AMPERE ISA,AMPERE,8a RS FRANCISCO BELTRAO,MACRORREGIAO OESTE,33,Rinovírus,3
INSTITUTO DE SAUDE DE AMPERE ISA,AMPERE,8a RS FRANCISCO BELTRAO,MACRORREGIAO OESTE,33,VSR,1
INSTITUTO DE SAUDE DE AMPERE ISA,AMPERE,8a RS FRANCISCO BELTRAO,MACRORREGIAO OESTE,34,Rinovírus,3
INSTITUTO DE SAUDE DE AMPERE ISA,PINHAL DE SAO BENTO,8a RS FRANCISCO BELTRAO,MACRORREGIAO OESTE,34,Rinovírus,1
INSTITUTO DE SAUDE DE AMPERE ISA,PINHAL DE SAO BENTO,8a RS FRANCISCO BELTRAO,MACRORREGIAO OESTE,35,Metapneumovírus,1
INSTITUTO DE SAUDE DE AMPERE ISA,AMPERE,8a RS FRANCISCO BELTRAO,MACRORREGIAO OESTE,35,Rinovírus,5
INSTITUTO DE SAUDE DE AMPERE ISA,AMPERE,8a RS FRANCISCO BELTRAO,MACRORREGIAO OESTE,35,VSR,2
POLICLINICA SAO VICENTE DE PAULA FB,FRANCISCO BELTRAO,8a RS FRANCISCO BELTRAO,MACRORREGIAO OESTE,22,Influenza,2
POLICLINICA SAO VICENTE DE PAULA FB,MARMELEIRO,8a RS FRANCISCO BELTRAO,MACRORREGIAO OESTE,26,Influenza,1
HOSPITAL DE ENSINO SAO LUCAS,MATELANDIA,9a RS FOZ DO IGUACU,MACRORREGIAO OESTE,18,Rinovírus,1
HOSPITAL DE ENSINO SAO LUCAS,MEDIANEIRA,9a RS FOZ DO IGUACU,MACRORREGIAO OESTE,21,VSR,1
HOSPITAL DO CANCER DE CASCAVEL UOPECCAN,MATELANDIA,9a RS FOZ DO IGUACU,MACRORREGIAO OESTE,4,Influenza,1
HOSPITAL DO CANCER DE CASCAVEL UOPECCAN,FOZ DO IGUACU,9a RS FOZ DO IGUACU,MACRORREGIAO OESTE,28,VSR,1
HOSPITAL E MATERNIDADE MUNICIPAL SAO MIGUEL ARCANJO,SAO MIGUEL DO IGUACU,9a RS FOZ DO IGUACU,MACRORREGIAO OESTE,15,Rinovírus,1
HOSPITAL E MATERNIDADE MUNICIPAL SAO MIGUEL ARCANJO,SAO MIGUEL DO IGUACU,9a RS FOZ DO IGUACU,MACRORREGIAO OESTE,16,Rinovírus,1
HOSPITAL E MATERNIDADE MUNICIPAL SAO MIGUEL ARCANJO,SAO MIGUEL DO IGUACU,9a RS FOZ DO IGUACU,MACRORREGIAO OESTE,16,VSR,3
HOSPITAL E MATERNIDADE MUNICIPAL SAO MIGUEL ARCANJO,SAO MIGUEL DO IGUACU,9a RS FOZ DO IGUACU,MACRORREGIAO OESTE,17,VSR,1
HOSPITAL E MATERNIDADE MUNICIPAL SAO MIGUEL ARCANJO,SAO MIGUEL DO IGUACU,9a RS FOZ DO IGUACU,MACRORREGIAO OESTE,20,VSR,2
HOSPITAL E MATERNIDADE MUNICIPAL SAO MIGUEL ARCANJO,SAO MIGUEL DO IGUACU,9a RS FOZ DO IGUACU,MACRORREGIAO OESTE,21,VSR,5
HOSPITAL E MATERNIDADE MUNICIPAL SAO MIGUEL ARCANJO,SAO MIGUEL DO IGUACU,9a RS FOZ DO IGUACU,MACRORREGIAO OESTE,22,VSR,2
HOSPITAL E MATERNIDADE MUNICIPAL SAO MIGUEL ARCANJO,SAO MIGUEL DO IGUACU,9a RS FOZ DO IGUACU,MACRORREGIAO OESTE,23,VSR,2
HOSPITAL E MATERNIDADE MUNICIPAL SAO MIGUEL ARCANJO,SAO MIGUEL DO IGUACU,9a RS FOZ DO IGUACU,MACRORREGIAO OESTE,24,Influenza,1
HOSPITAL E MATERNIDADE MUNICIPAL SAO MIGUEL ARCANJO,SAO MIGUEL DO IGUACU,9a RS FOZ DO IGUACU,MACRORREGIAO OESTE,24,VSR,2
HOSPITAL E MATERNIDADE MUNICIPAL SAO MIGUEL ARCANJO,SAO MIGUEL DO IGUACU,9a RS FOZ DO IGUACU,MACRORREGIAO OESTE,25,Influenza,1
HOSPITAL E MATERNIDADE MUNICIPAL SAO MIGUEL ARCANJO,SAO MIGUEL DO IGUACU,9a RS FOZ DO IGUACU,MACRORREGIAO OESTE,25,VSR,1
HOSPITAL E MATERNIDADE MUNICIPAL SAO MIGUEL ARCANJO,SAO MIGUEL DO IGUACU,9a RS FOZ DO IGUACU,MACRORREGIAO OESTE,26,VSR,2
HOSPITAL E MATERNIDADE MUNICIPAL SAO MIGUEL ARCANJO,SAO MIGUEL DO IGUACU,9a RS FOZ DO IGUACU,MACRORREGIAO OESTE,27,Adenovírus,1
HOSPITAL E MATERNIDADE MUNICIPAL SAO MIGUEL ARCANJO,SAO MIGUEL DO IGUACU,9a RS FOZ DO IGUACU,MACRORREGIAO OESTE,28,Adenovírus,1
HOSPITAL E MATERNIDADE MUNICIPAL SAO MIGUEL ARCANJO,SAO MIGUEL DO IGUACU,9a RS FOZ DO IGUACU,MACRORREGIAO OESTE,28,Rinovírus,4
HOSPITAL E MATERNIDADE MUNICIPAL SAO MIGUEL ARCANJO,SAO MIGUEL DO IGUACU,9a RS FOZ DO IGUACU,MACRORREGIAO OESTE,28,VSR,3
HOSPITAL E MATERNIDADE NOSSA SENHORA DA LUZ,MEDIANEIRA,9a RS FOZ DO IGUACU,MACRORREGIAO OESTE,5,Covid-19,1
HOSPITAL E MATERNIDADE NOSSA SENHORA DA LUZ,MEDIANEIRA,9a RS FOZ DO IGUACU,MACRORREGIAO OESTE,8,Rinovírus,1
HOSPITAL E MATERNIDADE NOSSA SENHORA DA LUZ,MEDIANEIRA,9a RS FOZ DO IGUACU,MACRORREGIAO OESTE,12,Rinovírus,1
HOSPITAL E MATERNIDADE NOSSA SENHORA DA LUZ,SAO MIGUEL DO IGUACU,9a RS FOZ DO IGUACU,MACRORREGIAO OESTE,22,Influenza,1
HOSPITAL E MATERNIDADE NOSSA SENHORA DA LUZ,MEDIANEIRA,9a RS FOZ DO IGUACU,MACRORREGIAO OESTE,23,Rinovírus,1
HOSPITAL E MATERNIDADE NOSSA SENHORA DA LUZ,SERRANOPOLIS DO IGUACU,9a RS FOZ DO IGUACU,MACRORREGIAO OESTE,23,Rinovírus,1
HOSPITAL E MATERNIDADE NOSSA SENHORA DA LUZ,MEDIANEIRA,9a RS FOZ DO IGUACU,MACRORREGIAO OESTE,25,Influenza,1
HOSPITAL E MATERNIDADE NOSSA SENHORA DA LUZ,SAO MIGUEL DO IGUACU,9a RS FOZ DO IGUACU,MACRORREGIAO OESTE,25,Rinovírus,1
HOSPITAL E MATERNIDADE NOSSA SENHORA DA LUZ,SERRANOPOLIS DO IGUACU,9a RS FOZ DO IGUACU,MACRORREGIAO OESTE,25,Rinovírus,1
HOSPITAL E MATERNIDADE NOSSA SENHORA DA LUZ,MEDIANEIRA,9a RS FOZ DO IGUACU,MACRORREGIAO OESTE,28,VSR,1
HOSPITAL E MATERNIDADE NOSSA SENHORA DA LUZ,MEDIANEIRA,9a RS FOZ DO IGUACU,MACRORREGIAO OESTE,34,Rinovírus,1
HOSPITAL E MATERNIDADE PADRE TEZZA,MATELANDIA,9a RS FOZ DO IGUACU,MACRORREGIAO OESTE,4,Rinovírus,1
HOSPITAL E MATERNIDADE PADRE TEZZA,MATELANDIA,9a RS FOZ DO IGUACU,MACRORREGIAO OESTE,7,Rinovírus,1
HOSPITAL E MATERNIDADE PADRE TEZZA,MATELANDIA,9a RS FOZ DO IGUACU,MACRORREGIAO OESTE,8,Covid-19,1
HOSPITAL E MATERNIDADE PADRE TEZZA,MATELANDIA,9a RS FOZ DO IGUACU,MACRORREGIAO OESTE,10,Rinovírus,2
HOSPITAL E MATERNIDADE PADRE TEZZA,MATELANDIA,9a RS FOZ DO IGUACU,MACRORREGIAO OESTE,11,Rinovírus,2
HOSPITAL E MATERNIDADE PADRE TEZZA,MATELANDIA,9a RS FOZ DO IGUACU,MACRORREGIAO OESTE,15,Influenza,1
HOSPITAL E MATERNIDADE PADRE TEZZA,MATELANDIA,9a RS FOZ DO IGUACU,MACRORREGIAO OESTE,16,Influenza,1
HOSPITAL E MATERNIDADE PADRE TEZZA,MATELANDIA,9a RS FOZ DO IGUACU,MACRORREGIAO OESTE,16,VSR,1
HOSPITAL E MATERNIDADE PADRE TEZZA,MATELANDIA,9a RS FOZ DO IGUACU,MACRORREGIAO OESTE,18,Rinovírus,1
HOSPITAL E MATERNIDADE PADRE TEZZA,MATELANDIA,9a RS FOZ DO IGUACU,MACRORREGIAO OESTE,19,Influenza,2
HOSPITAL E MATERNIDADE PADRE TEZZA,MATELANDIA,9a RS FOZ DO IGUACU,MACRORREGIAO OESTE,19,Rinovírus,1
HOSPITAL E MATERNIDADE PADRE TEZZA,MATELANDIA,9a RS FOZ DO IGUACU,MACRORREGIAO OESTE,21,Rinovírus,1
HOSPITAL E MATERNIDADE PADRE TEZZA,MATELANDIA,9a RS FOZ DO IGUACU,MACRORREGIAO OESTE,22,Rinovírus,2
HOSPITAL E MATERNIDADE PADRE TEZZA,MATELANDIA,9a RS FOZ DO IGUACU,MACRORREGIAO OESTE,22,VSR,3
HOSPITAL E MATERNIDADE PADRE TEZZA,MATELANDIA,9a RS FOZ DO IGUACU,MACRORREGIAO OESTE,23,Influenza,1
HOSPITAL E MATERNIDADE PADRE TEZZA,MATELANDIA,9a RS FOZ DO IGUACU,MACRORREGIAO OESTE,23,Rinovírus,1
HOSPITAL E MATERNIDADE PADRE TEZZA,MATELANDIA,9a RS FOZ DO IGUACU,MACRORREGIAO OESTE,24,Adenovírus,1
HOSPITAL E MATERNIDADE PADRE TEZZA,MATELANDIA,9a RS FOZ DO IGUACU,MACRORREGIAO OESTE,24,Influenza,2
HOSPITAL E MATERNIDADE PADRE TEZZA,MATELANDIA,9a RS FOZ DO IGUACU,MACRORREGIAO OESTE,24,Rinovírus,1
HOSPITAL E MATERNIDADE PADRE TEZZA,MATELANDIA,9a RS FOZ DO IGUACU,MACRORREGIAO OESTE,24,VSR,1
HOSPITAL E MATERNIDADE PADRE TEZZA,MATELANDIA,9a RS FOZ DO IGUACU,MACRORREGIAO OESTE,25,Rinovírus,3
HOSPITAL E MATERNIDADE PADRE TEZZA,MATELANDIA,9a RS FOZ DO IGUACU,MACRORREGIAO OESTE,26,Adenovírus,1
HOSPITAL E MATERNIDADE PADRE TEZZA,MATELANDIA,9a RS FOZ DO IGUACU,MACRORREGIAO OESTE,26,Rinovírus,1
HOSPITAL E MATERNIDADE PADRE TEZZA,MATELANDIA,9a RS FOZ DO IGUACU,MACRORREGIAO OESTE,26,VSR,2
HOSPITAL E MATERNIDADE PADRE TEZZA,MATELANDIA,9a RS FOZ DO IGUACU,MACRORREGIAO OESTE,27,Influenza,1
HOSPITAL E MATERNIDADE PADRE TEZZA,MATELANDIA,9a RS FOZ DO IGUACU,MACRORREGIAO OESTE,27,Rinovírus,1
HOSPITAL E MATERNIDADE PADRE TEZZA,MATELANDIA,9a RS FOZ DO IGUACU,MACRORREGIAO OESTE,27,VSR,2
HOSPITAL E MATERNIDADE PADRE TEZZA,MATELANDIA,9a RS FOZ DO IGUACU,MACRORREGIAO OESTE,28,VSR,2
HOSPITAL E MATERNIDADE PADRE TEZZA,MATELANDIA,9a RS FOZ DO IGUACU,MACRORREGIAO OESTE,29,Influenza,1
HOSPITAL E MATERNIDADE PADRE TEZZA,MATELANDIA,9a RS FOZ DO IGUACU,MACRORREGIAO OESTE,29,Rinovírus,2
HOSPITAL E MATERNIDADE PADRE TEZZA,MATELANDIA,9a RS FOZ DO IGUACU,MACRORREGIAO OESTE,29,VSR,3
HOSPITAL E MATERNIDADE PADRE TEZZA,FOZ DO IGUACU,9a RS FOZ DO IGUACU,MACRORREGIAO OESTE,30,Adenovírus,1
HOSPITAL E MATERNIDADE PADRE TEZZA,FOZ DO IGUACU,9a RS FOZ DO IGUACU,MACRORREGIAO OESTE,30,Rinovírus,1
HOSPITAL E MATERNIDADE PADRE TEZZA,MATELANDIA,9a RS FOZ DO IGUACU,MACRORREGIAO OESTE,30,VSR,5
HOSPITAL E MATERNIDADE PADRE TEZZA,MATELANDIA,9a RS FOZ DO IGUACU,MACRORREGIAO OESTE,31,Influenza,1
HOSPITAL E MATERNIDADE PADRE TEZZA,MATELANDIA,9a RS FOZ DO IGUACU,MACRORREGIAO OESTE,31,Rinovírus,2
HOSPITAL E MATERNIDADE PADRE TEZZA,MATELANDIA,9a RS FOZ DO IGUACU,MACRORREGIAO OESTE,31,VSR,1
HOSPITAL E MATERNIDADE PADRE TEZZA,MATELANDIA,9a RS FOZ DO IGUACU,MACRORREGIAO OESTE,32,Metapneumovírus,1
HOSPITAL E MATERNIDADE PADRE TEZZA,MATELANDIA,9a RS FOZ DO IGUACU,MACRORREGIAO OESTE,34,VSR,1
HOSPITAL E MATERNIDADE PADRE TEZZA,MATELANDIA,9a RS FOZ DO IGUACU,MACRORREGIAO OESTE,35,Rinovírus,1
HOSPITAL E MATERNIDADE PADRE TEZZA,MATELANDIA,9a RS FOZ DO IGUACU,MACRORREGIAO OESTE,35,VSR,1
HOSPITAL FILANTROPICO POLICLINICA,MEDIANEIRA,9a RS FOZ DO IGUACU,MACRORREGIAO OESTE,12,Rinovírus,1
HOSPITAL FILANTROPICO POLICLINICA,FOZ DO IGUACU,9a RS FOZ DO IGUACU,MACRORREGIAO OESTE,22,VSR,1
HOSPITAL INFANTIL PEQUENO PRINCIPE,FOZ DO IGUACU,9a RS FOZ DO IGUACU,MACRORREGIAO OESTE,21,Rinovírus,1
HOSPITAL INFANTIL PEQUENO PRINCIPE,FOZ DO IGUACU,9a RS FOZ DO IGUACU,MACRORREGIAO OESTE,28,Influenza,1
HOSPITAL ITAMED,FOZ DO IGUACU,9a RS FOZ DO IGUACU,MACRORREGIAO OESTE,4,Influenza,1
HOSPITAL ITAMED,FOZ DO IGUACU,9a RS FOZ DO IGUACU,MACRORREGIAO OESTE,5,Adenovírus,1
HOSPITAL ITAMED,FOZ DO IGUACU,9a RS FOZ DO IGUACU,MACRORREGIAO OESTE,7,Rinovírus,1
HOSPITAL ITAMED,FOZ DO IGUACU,9a RS FOZ DO IGUACU,MACRORREGIAO OESTE,8,Rinovírus,1
HOSPITAL ITAMED,MEDIANEIRA,9a RS FOZ DO IGUACU,MACRORREGIAO OESTE,9,Covid-19,1
HOSPITAL ITAMED,FOZ DO IGUACU,9a RS FOZ DO IGUACU,MACRORREGIAO OESTE,9,Influenza,1
HOSPITAL ITAMED,FOZ DO IGUACU,9a RS FOZ DO IGUACU,MACRORREGIAO OESTE,9,Rinovírus,3
HOSPITAL ITAMED,MEDIANEIRA,9a RS FOZ DO IGUACU,MACRORREGIAO OESTE,9,Rinovírus,1
HOSPITAL ITAMED,SANTA TEREZINHA DE ITAIPU,9a RS FOZ DO IGUACU,MACRORREGIAO OESTE,9,Rinovírus,1
HOSPITAL ITAMED,FOZ DO IGUACU,9a RS FOZ DO IGUACU,MACRORREGIAO OESTE,10,Adenovírus,1
HOSPITAL ITAMED,FOZ DO IGUACU,9a RS FOZ DO IGUACU,MACRORREGIAO OESTE,10,Rinovírus,2
HOSPITAL ITAMED,MEDIANEIRA,9a RS FOZ DO IGUACU,MACRORREGIAO OESTE,10,Rinovírus,1
HOSPITAL ITAMED,FOZ DO IGUACU,9a RS FOZ DO IGUACU,MACRORREGIAO OESTE,10,VSR,1
HOSPITAL ITAMED,FOZ DO IGUACU,9a RS FOZ DO IGUACU,MACRORREGIAO OESTE,11,Rinovírus,2
HOSPITAL ITAMED,SANTA TEREZINHA DE ITAIPU,9a RS FOZ DO IGUACU,MACRORREGIAO OESTE,11,Rinovírus,1
HOSPITAL ITAMED,FOZ DO IGUACU,9a RS FOZ DO IGUACU,MACRORREGIAO OESTE,12,Rinovírus,1
HOSPITAL ITAMED,SANTA TEREZINHA DE ITAIPU,9a RS FOZ DO IGUACU,MACRORREGIAO OESTE,14,VSR,1
HOSPITAL ITAMED,FOZ DO IGUACU,9a RS FOZ DO IGUACU,MACRORREGIAO OESTE,15,VSR,1
HOSPITAL ITAMED,FOZ DO IGUACU,9a RS FOZ DO IGUACU,MACRORREGIAO OESTE,16,Rinovírus,1
HOSPITAL ITAMED,FOZ DO IGUACU,9a RS FOZ DO IGUACU,MACRORREGIAO OESTE,17,Adenovírus,1
HOSPITAL ITAMED,FOZ DO IGUACU,9a RS FOZ DO IGUACU,MACRORREGIAO OESTE,17,Rinovírus,1
HOSPITAL ITAMED,FOZ DO IGUACU,9a RS FOZ DO IGUACU,MACRORREGIAO OESTE,17,VSR,2
HOSPITAL ITAMED,FOZ DO IGUACU,9a RS FOZ DO IGUACU,MACRORREGIAO OESTE,18,Influenza,2
HOSPITAL ITAMED,FOZ DO IGUACU,9a RS FOZ DO IGUACU,MACRORREGIAO OESTE,18,Rinovírus,1
HOSPITAL ITAMED,FOZ DO IGUACU,9a RS FOZ DO IGUACU,MACRORREGIAO OESTE,19,Adenovírus,1
HOSPITAL ITAMED,FOZ DO IGUACU,9a RS FOZ DO IGUACU,MACRORREGIAO OESTE,19,Rinovírus,2
HOSPITAL ITAMED,SAO MIGUEL DO IGUACU,9a RS FOZ DO IGUACU,MACRORREGIAO OESTE,19,Rinovírus,1
HOSPITAL ITAMED,FOZ DO IGUACU,9a RS FOZ DO IGUACU,MACRORREGIAO OESTE,19,VSR,2
HOSPITAL ITAMED,FOZ DO IGUACU,9a RS FOZ DO IGUACU,MACRORREGIAO OESTE,20,VSR,2
HOSPITAL ITAMED,FOZ DO IGUACU,9a RS FOZ DO IGUACU,MACRORREGIAO OESTE,21,Adenovírus,1
HOSPITAL ITAMED,FOZ DO IGUACU,9a RS FOZ DO IGUACU,MACRORREGIAO OESTE,21,Influenza,5
HOSPITAL ITAMED,FOZ DO IGUACU,9a RS FOZ DO IGUACU,MACRORREGIAO OESTE,21,Rinovírus,2
HOSPITAL ITAMED,FOZ DO IGUACU,9a RS FOZ DO IGUACU,MACRORREGIAO OESTE,21,VSR,1
HOSPITAL ITAMED,FOZ DO IGUACU,9a RS FOZ DO IGUACU,MACRORREGIAO OESTE,22,Rinovírus,4
HOSPITAL ITAMED,FOZ DO IGUACU,9a RS FOZ DO IGUACU,MACRORREGIAO OESTE,22,VSR,2
HOSPITAL ITAMED,MEDIANEIRA,9a RS FOZ DO IGUACU,MACRORREGIAO OESTE,22,VSR,1
HOSPITAL ITAMED,FOZ DO IGUACU,9a RS FOZ DO IGUACU,MACRORREGIAO OESTE,23,Influenza,1
HOSPITAL ITAMED,SANTA TEREZINHA DE ITAIPU,9a RS FOZ DO IGUACU,MACRORREGIAO OESTE,23,Influenza,1
HOSPITAL ITAMED,FOZ DO IGUACU,9a RS FOZ DO IGUACU,MACRORREGIAO OESTE,23,Rinovírus,2
HOSPITAL ITAMED,FOZ DO IGUACU,9a RS FOZ DO IGUACU,MACRORREGIAO OESTE,23,VSR,2
HOSPITAL ITAMED,FOZ DO IGUACU,9a RS FOZ DO IGUACU,MACRORREGIAO OESTE,24,Influenza,1
HOSPITAL ITAMED,SAO MIGUEL DO IGUACU,9a RS FOZ DO IGUACU,MACRORREGIAO OESTE,24,Influenza,1
HOSPITAL ITAMED,FOZ DO IGUACU,9a RS FOZ DO IGUACU,MACRORREGIAO OESTE,24,VSR,7
HOSPITAL ITAMED,FOZ DO IGUACU,9a RS FOZ DO IGUACU,MACRORREGIAO OESTE,25,Adenovírus,2
HOSPITAL ITAMED,FOZ DO IGUACU,9a RS FOZ DO IGUACU,MACRORREGIAO OESTE,25,VSR,3
HOSPITAL ITAMED,FOZ DO IGUACU,9a RS FOZ DO IGUACU,MACRORREGIAO OESTE,26,Adenovírus,1
HOSPITAL ITAMED,FOZ DO IGUACU,9a RS FOZ DO IGUACU,MACRORREGIAO OESTE,26,VSR,3
HOSPITAL ITAMED,FOZ DO IGUACU,9a RS FOZ DO IGUACU,MACRORREGIAO OESTE,27,Adenovírus,2
HOSPITAL ITAMED,FOZ DO IGUACU,9a RS FOZ DO IGUACU,MACRORREGIAO OESTE,27,Influenza,1
HOSPITAL ITAMED,FOZ DO IGUACU,9a RS FOZ DO IGUACU,MACRORREGIAO OESTE,27,Rinovírus,4
HOSPITAL ITAMED,FOZ DO IGUACU,9a RS FOZ DO IGUACU,MACRORREGIAO OESTE,27,VSR,7
HOSPITAL ITAMED,ITAIPULANDIA,9a RS FOZ DO IGUACU,MACRORREGIAO OESTE,28,Adenovírus,1
HOSPITAL ITAMED,FOZ DO IGUACU,9a RS FOZ DO IGUACU,MACRORREGIAO OESTE,28,Metapneumovírus,1
HOSPITAL ITAMED,FOZ DO IGUACU,9a RS FOZ DO IGUACU,MACRORREGIAO OESTE,28,Rinovírus,1
HOSPITAL ITAMED,ITAIPULANDIA,9a RS FOZ DO IGUACU,MACRORREGIAO OESTE,28,Rinovírus,1
HOSPITAL ITAMED,RAMILANDIA,9a RS FOZ DO IGUACU,MACRORREGIAO OESTE,28,Rinovírus,1
HOSPITAL ITAMED,FOZ DO IGUACU,9a RS FOZ DO IGUACU,MACRORREGIAO OESTE,28,VSR,4
HOSPITAL ITAMED,FOZ DO IGUACU,9a RS FOZ DO IGUACU,MACRORREGIAO OESTE,29,Influenza,1
HOSPITAL ITAMED,FOZ DO IGUACU,9a RS FOZ DO IGUACU,MACRORREGIAO OESTE,29,Rinovírus,2
HOSPITAL ITAMED,ITAIPULANDIA,9a RS FOZ DO IGUACU,MACRORREGIAO OESTE,29,Rinovírus,1
HOSPITAL ITAMED,FOZ DO IGUACU,9a RS FOZ DO IGUACU,MACRORREGIAO OESTE,29,VSR,2
HOSPITAL ITAMED,FOZ DO IGUACU,9a RS FOZ DO IGUACU,MACRORREGIAO OESTE,30,Influenza,1
HOSPITAL ITAMED,FOZ DO IGUACU,9a RS FOZ DO IGUACU,MACRORREGIAO OESTE,30,Metapneumovírus,1
HOSPITAL ITAMED,FOZ DO IGUACU,9a RS FOZ DO IGUACU,MACRORREGIAO OESTE,30,VSR,1
HOSPITAL ITAMED,FOZ DO IGUACU,9a RS FOZ DO IGUACU,MACRORREGIAO OESTE,31,Covid-19,1
HOSPITAL ITAMED,FOZ DO IGUACU,9a RS FOZ DO IGUACU,MACRORREGIAO OESTE,31,Metapneumovírus,2
HOSPITAL ITAMED,FOZ DO IGUACU,9a RS FOZ DO IGUACU,MACRORREGIAO OESTE,31,VSR,1
HOSPITAL ITAMED,SANTA TEREZINHA DE ITAIPU,9a RS FOZ DO IGUACU,MACRORREGIAO OESTE,31,VSR,1
HOSPITAL ITAMED,FOZ DO IGUACU,9a RS FOZ DO IGUACU,MACRORREGIAO OESTE,32,VSR,3
HOSPITAL ITAMED,FOZ DO IGUACU,9a RS FOZ DO IGUACU,MACRORREGIAO OESTE,33,Metapneumovírus,2
HOSPITAL ITAMED,FOZ DO IGUACU,9a RS FOZ DO IGUACU,MACRORREGIAO OESTE,33,Rinovírus,1
HOSPITAL ITAMED,FOZ DO IGUACU,9a RS FOZ DO IGUACU,MACRORREGIAO OESTE,34,Metapneumovírus,2
HOSPITAL ITAMED,SANTA TEREZINHA DE ITAIPU,9a RS FOZ DO IGUACU,MACRORREGIAO OESTE,34,Rinovírus,1
HOSPITAL ITAMED,FOZ DO IGUACU,9a RS FOZ DO IGUACU,MACRORREGIAO OESTE,34,VSR,1
HOSPITAL ITAMED,FOZ DO IGUACU,9a RS FOZ DO IGUACU,MACRORREGIAO OESTE,35,Rinovírus,1
HOSPITAL MADRE DE DIO,FOZ DO IGUACU,9a RS FOZ DO IGUACU,MACRORREGIAO OESTE,22,VSR,1
HOSPITAL MADRE DE DIO,FOZ DO IGUACU,9a RS FOZ DO IGUACU,MACRORREGIAO OESTE,30,Rinovírus,1
HOSPITAL MADRE DE DIO,FOZ DO IGUACU,9a RS FOZ DO IGUACU,MACRORREGIAO OESTE,30,VSR,1
HOSPITAL MADRE DE DIO,FOZ DO IGUACU,9a RS FOZ DO IGUACU,MACRORREGIAO OESTE,32,Metapneumovírus,1
HOSPITAL MADRE DE DIO,FOZ DO IGUACU,9a RS FOZ DO IGUACU,MACRORREGIAO OESTE,32,Rinovírus,2
HOSPITAL MADRE DE DIO,FOZ DO IGUACU,9a RS FOZ DO IGUACU,MACRORREGIAO OESTE,32,VSR,1
HOSPITAL MADRE DE DIO,MEDIANEIRA,9a RS FOZ DO IGUACU,MACRORREGIAO OESTE,32,VSR,1
HOSPITAL MADRE DE DIO,FOZ DO IGUACU,9a RS FOZ DO IGUACU,MACRORREGIAO OESTE,33,Rinovírus,1
HOSPITAL MADRE DE DIO,MEDIANEIRA,9a RS FOZ DO IGUACU,MACRORREGIAO OESTE,33,VSR,1
HOSPITAL MUNICIPAL PADRE GERMANO LAUCK,FOZ DO IGUACU,9a RS FOZ DO IGUACU,MACRORREGIAO OESTE,2,Covid-19,1
HOSPITAL MUNICIPAL PADRE GERMANO LAUCK,FOZ DO IGUACU,9a RS FOZ DO IGUACU,MACRORREGIAO OESTE,2,Rinovírus,1
HOSPITAL MUNICIPAL PADRE GERMANO LAUCK,FOZ DO IGUACU,9a RS FOZ DO IGUACU,MACRORREGIAO OESTE,3,Adenovírus,2
HOSPITAL MUNICIPAL PADRE GERMANO LAUCK,FOZ DO IGUACU,9a RS FOZ DO IGUACU,MACRORREGIAO OESTE,3,Rinovírus,2
HOSPITAL MUNICIPAL PADRE GERMANO LAUCK,FOZ DO IGUACU,9a RS FOZ DO IGUACU,MACRORREGIAO OESTE,5,Adenovírus,1
HOSPITAL MUNICIPAL PADRE GERMANO LAUCK,FOZ DO IGUACU,9a RS FOZ DO IGUACU,MACRORREGIAO OESTE,5,Influenza,1
HOSPITAL MUNICIPAL PADRE GERMANO LAUCK,FOZ DO IGUACU,9a RS FOZ DO IGUACU,MACRORREGIAO OESTE,7,Rinovírus,2
HOSPITAL MUNICIPAL PADRE GERMANO LAUCK,SAO MIGUEL DO IGUACU,9a RS FOZ DO IGUACU,MACRORREGIAO OESTE,7,Rinovírus,1
HOSPITAL MUNICIPAL PADRE GERMANO LAUCK,FOZ DO IGUACU,9a RS FOZ DO IGUACU,MACRORREGIAO OESTE,7,VSR,1
HOSPITAL MUNICIPAL PADRE GERMANO LAUCK,FOZ DO IGUACU,9a RS FOZ DO IGUACU,MACRORREGIAO OESTE,8,Rinovírus,4
HOSPITAL MUNICIPAL PADRE GERMANO LAUCK,FOZ DO IGUACU,9a RS FOZ DO IGUACU,MACRORREGIAO OESTE,8,VSR,1
HOSPITAL MUNICIPAL PADRE GERMANO LAUCK,FOZ DO IGUACU,9a RS FOZ DO IGUACU,MACRORREGIAO OESTE,9,Adenovírus,2
HOSPITAL MUNICIPAL PADRE GERMANO LAUCK,FOZ DO IGUACU,9a RS FOZ DO IGUACU,MACRORREGIAO OESTE,9,Covid-19,1
HOSPITAL MUNICIPAL PADRE GERMANO LAUCK,FOZ DO IGUACU,9a RS FOZ DO IGUACU,MACRORREGIAO OESTE,9,Rinovírus,1
HOSPITAL MUNICIPAL PADRE GERMANO LAUCK,MEDIANEIRA,9a RS FOZ DO IGUACU,MACRORREGIAO OESTE,9,Rinovírus,1
HOSPITAL MUNICIPAL PADRE GERMANO LAUCK,FOZ DO IGUACU,9a RS FOZ DO IGUACU,MACRORREGIAO OESTE,9,VSR,1
HOSPITAL MUNICIPAL PADRE GERMANO LAUCK,FOZ DO IGUACU,9a RS FOZ DO IGUACU,MACRORREGIAO OESTE,10,Influenza,1
HOSPITAL MUNICIPAL PADRE GERMANO LAUCK,FOZ DO IGUACU,9a RS FOZ DO IGUACU,MACRORREGIAO OESTE,10,Rinovírus,3
HOSPITAL MUNICIPAL PADRE GERMANO LAUCK,FOZ DO IGUACU,9a RS FOZ DO IGUACU,MACRORREGIAO OESTE,11,Covid-19,2
HOSPITAL MUNICIPAL PADRE GERMANO LAUCK,FOZ DO IGUACU,9a RS FOZ DO IGUACU,MACRORREGIAO OESTE,11,Influenza,1
HOSPITAL MUNICIPAL PADRE GERMANO LAUCK,FOZ DO IGUACU,9a RS FOZ DO IGUACU,MACRORREGIAO OESTE,11,Rinovírus,6
HOSPITAL MUNICIPAL PADRE GERMANO LAUCK,FOZ DO IGUACU,9a RS FOZ DO IGUACU,MACRORREGIAO OESTE,12,Influenza,1
HOSPITAL MUNICIPAL PADRE GERMANO LAUCK,FOZ DO IGUACU,9a RS FOZ DO IGUACU,MACRORREGIAO OESTE,12,Rinovírus,2
HOSPITAL MUNICIPAL PADRE GERMANO LAUCK,MEDIANEIRA,9a RS FOZ DO IGUACU,MACRORREGIAO OESTE,12,Rinovírus,1
HOSPITAL MUNICIPAL PADRE GERMANO LAUCK,SANTA TEREZINHA DE ITAIPU,9a RS FOZ DO IGUACU,MACRORREGIAO OESTE,12,Rinovírus,1
HOSPITAL MUNICIPAL PADRE GERMANO LAUCK,FOZ DO IGUACU,9a RS FOZ DO IGUACU,MACRORREGIAO OESTE,13,Rinovírus,2
HOSPITAL MUNICIPAL PADRE GERMANO LAUCK,FOZ DO IGUACU,9a RS FOZ DO IGUACU,MACRORREGIAO OESTE,14,Influenza,3
HOSPITAL MUNICIPAL PADRE GERMANO LAUCK,FOZ DO IGUACU,9a RS FOZ DO IGUACU,MACRORREGIAO OESTE,14,Rinovírus,5
HOSPITAL MUNICIPAL PADRE GERMANO LAUCK,SAO MIGUEL DO IGUACU,9a RS FOZ DO IGUACU,MACRORREGIAO OESTE,14,Rinovírus,1
HOSPITAL MUNICIPAL PADRE GERMANO LAUCK,FOZ DO IGUACU,9a RS FOZ DO IGUACU,MACRORREGIAO OESTE,15,Influenza,5
HOSPITAL MUNICIPAL PADRE GERMANO LAUCK,FOZ DO IGUACU,9a RS FOZ DO IGUACU,MACRORREGIAO OESTE,15,Rinovírus,4
HOSPITAL MUNICIPAL PADRE GERMANO LAUCK,SANTA TEREZINHA DE ITAIPU,9a RS FOZ DO IGUACU,MACRORREGIAO OESTE,15,Rinovírus,1
HOSPITAL MUNICIPAL PADRE GERMANO LAUCK,FOZ DO IGUACU,9a RS FOZ DO IGUACU,MACRORREGIAO OESTE,16,Adenovírus,2
HOSPITAL MUNICIPAL PADRE GERMANO LAUCK,SANTA TEREZINHA DE ITAIPU,9a RS FOZ DO IGUACU,MACRORREGIAO OESTE,16,Influenza,1
HOSPITAL MUNICIPAL PADRE GERMANO LAUCK,FOZ DO IGUACU,9a RS FOZ DO IGUACU,MACRORREGIAO OESTE,16,Rinovírus,4
HOSPITAL MUNICIPAL PADRE GERMANO LAUCK,SANTA TEREZINHA DE ITAIPU,9a RS FOZ DO IGUACU,MACRORREGIAO OESTE,16,Rinovírus,1
HOSPITAL MUNICIPAL PADRE GERMANO LAUCK,SAO MIGUEL DO IGUACU,9a RS FOZ DO IGUACU,MACRORREGIAO OESTE,16,Rinovírus,1
HOSPITAL MUNICIPAL PADRE GERMANO LAUCK,FOZ DO IGUACU,9a RS FOZ DO IGUACU,MACRORREGIAO OESTE,16,VSR,3
HOSPITAL MUNICIPAL PADRE GERMANO LAUCK,SAO MIGUEL DO IGUACU,9a RS FOZ DO IGUACU,MACRORREGIAO OESTE,16,VSR,1
HOSPITAL MUNICIPAL PADRE GERMANO LAUCK,FOZ DO IGUACU,9a RS FOZ DO IGUACU,MACRORREGIAO OESTE,17,Adenovírus,2
HOSPITAL MUNICIPAL PADRE GERMANO LAUCK,FOZ DO IGUACU,9a RS FOZ DO IGUACU,MACRORREGIAO OESTE,17,Influenza,5
HOSPITAL MUNICIPAL PADRE GERMANO LAUCK,FOZ DO IGUACU,9a RS FOZ DO IGUACU,MACRORREGIAO OESTE,17,Metapneumovírus,1
HOSPITAL MUNICIPAL PADRE GERMANO LAUCK,FOZ DO IGUACU,9a RS FOZ DO IGUACU,MACRORREGIAO OESTE,17,Rinovírus,8
HOSPITAL MUNICIPAL PADRE GERMANO LAUCK,FOZ DO IGUACU,9a RS FOZ DO IGUACU,MACRORREGIAO OESTE,18,Influenza,4
HOSPITAL MUNICIPAL PADRE GERMANO LAUCK,FOZ DO IGUACU,9a RS FOZ DO IGUACU,MACRORREGIAO OESTE,18,Rinovírus,2
HOSPITAL MUNICIPAL PADRE GERMANO LAUCK,FOZ DO IGUACU,9a RS FOZ DO IGUACU,MACRORREGIAO OESTE,19,Influenza,3
HOSPITAL MUNICIPAL PADRE GERMANO LAUCK,FOZ DO IGUACU,9a RS FOZ DO IGUACU,MACRORREGIAO OESTE,19,Metapneumovírus,1
HOSPITAL MUNICIPAL PADRE GERMANO LAUCK,FOZ DO IGUACU,9a RS FOZ DO IGUACU,MACRORREGIAO OESTE,19,Rinovírus,3
HOSPITAL MUNICIPAL PADRE GERMANO LAUCK,MATELANDIA,9a RS FOZ DO IGUACU,MACRORREGIAO OESTE,19,Rinovírus,1
HOSPITAL MUNICIPAL PADRE GERMANO LAUCK,FOZ DO IGUACU,9a RS FOZ DO IGUACU,MACRORREGIAO OESTE,19,VSR,1
HOSPITAL MUNICIPAL PADRE GERMANO LAUCK,FOZ DO IGUACU,9a RS FOZ DO IGUACU,MACRORREGIAO OESTE,20,Adenovírus,1
HOSPITAL MUNICIPAL PADRE GERMANO LAUCK,FOZ DO IGUACU,9a RS FOZ DO IGUACU,MACRORREGIAO OESTE,20,Influenza,2
HOSPITAL MUNICIPAL PADRE GERMANO LAUCK,FOZ DO IGUACU,9a RS FOZ DO IGUACU,MACRORREGIAO OESTE,20,Rinovírus,2
HOSPITAL MUNICIPAL PADRE GERMANO LAUCK,SAO MIGUEL DO IGUACU,9a RS FOZ DO IGUACU,MACRORREGIAO OESTE,20,Rinovírus,1
HOSPITAL MUNICIPAL PADRE GERMANO LAUCK,FOZ DO IGUACU,9a RS FOZ DO IGUACU,MACRORREGIAO OESTE,20,VSR,2
HOSPITAL MUNICIPAL PADRE GERMANO LAUCK,FOZ DO IGUACU,9a RS FOZ DO IGUACU,MACRORREGIAO OESTE,21,Adenovírus,1
HOSPITAL MUNICIPAL PADRE GERMANO LAUCK,FOZ DO IGUACU,9a RS FOZ DO IGUACU,MACRORREGIAO OESTE,21,Influenza,2
HOSPITAL MUNICIPAL PADRE GERMANO LAUCK,SANTA TEREZINHA DE ITAIPU,9a RS FOZ DO IGUACU,MACRORREGIAO OESTE,21,Influenza,1
HOSPITAL MUNICIPAL PADRE GERMANO LAUCK,FOZ DO IGUACU,9a RS FOZ DO IGUACU,MACRORREGIAO OESTE,21,Rinovírus,2
HOSPITAL MUNICIPAL PADRE GERMANO LAUCK,ITAIPULANDIA,9a RS FOZ DO IGUACU,MACRORREGIAO OESTE,21,Rinovírus,1
HOSPITAL MUNICIPAL PADRE GERMANO LAUCK,FOZ DO IGUACU,9a RS FOZ DO IGUACU,MACRORREGIAO OESTE,21,VSR,3
HOSPITAL MUNICIPAL PADRE GERMANO LAUCK,FOZ DO IGUACU,9a RS FOZ DO IGUACU,MACRORREGIAO OESTE,22,Influenza,6
HOSPITAL MUNICIPAL PADRE GERMANO LAUCK,FOZ DO IGUACU,9a RS FOZ DO IGUACU,MACRORREGIAO OESTE,22,Rinovírus,2
HOSPITAL MUNICIPAL PADRE GERMANO LAUCK,FOZ DO IGUACU,9a RS FOZ DO IGUACU,MACRORREGIAO OESTE,22,VSR,3
HOSPITAL MUNICIPAL PADRE GERMANO LAUCK,MEDIANEIRA,9a RS FOZ DO IGUACU,MACRORREGIAO OESTE,22,VSR,1
HOSPITAL MUNICIPAL PADRE GERMANO LAUCK,FOZ DO IGUACU,9a RS FOZ DO IGUACU,MACRORREGIAO OESTE,23,Adenovírus,1
HOSPITAL MUNICIPAL PADRE GERMANO LAUCK,FOZ DO IGUACU,9a RS FOZ DO IGUACU,MACRORREGIAO OESTE,23,Influenza,2
HOSPITAL MUNICIPAL PADRE GERMANO LAUCK,FOZ DO IGUACU,9a RS FOZ DO IGUACU,MACRORREGIAO OESTE,23,Rinovírus,2
HOSPITAL MUNICIPAL PADRE GERMANO LAUCK,FOZ DO IGUACU,9a RS FOZ DO IGUACU,MACRORREGIAO OESTE,23,VSR,4
HOSPITAL MUNICIPAL PADRE GERMANO LAUCK,FOZ DO IGUACU,9a RS FOZ DO IGUACU,MACRORREGIAO OESTE,24,Influenza,2
HOSPITAL MUNICIPAL PADRE GERMANO LAUCK,MEDIANEIRA,9a RS FOZ DO IGUACU,MACRORREGIAO OESTE,24,Influenza,1
HOSPITAL MUNICIPAL PADRE GERMANO LAUCK,FOZ DO IGUACU,9a RS FOZ DO IGUACU,MACRORREGIAO OESTE,24,Rinovírus,2
HOSPITAL MUNICIPAL PADRE GERMANO LAUCK,FOZ DO IGUACU,9a RS FOZ DO IGUACU,MACRORREGIAO OESTE,24,VSR,4
HOSPITAL MUNICIPAL PADRE GERMANO LAUCK,SANTA TEREZINHA DE ITAIPU,9a RS FOZ DO IGUACU,MACRORREGIAO OESTE,24,VSR,1
HOSPITAL MUNICIPAL PADRE GERMANO LAUCK,SANTA TEREZINHA DE ITAIPU,9a RS FOZ DO IGUACU,MACRORREGIAO OESTE,25,Covid-19,1
HOSPITAL MUNICIPAL PADRE GERMANO LAUCK,FOZ DO IGUACU,9a RS FOZ DO IGUACU,MACRORREGIAO OESTE,25,Influenza,1
HOSPITAL MUNICIPAL PADRE GERMANO LAUCK,FOZ DO IGUACU,9a RS FOZ DO IGUACU,MACRORREGIAO OESTE,25,VSR,4
HOSPITAL MUNICIPAL PADRE GERMANO LAUCK,FOZ DO IGUACU,9a RS FOZ DO IGUACU,MACRORREGIAO OESTE,26,Rinovírus,2
HOSPITAL MUNICIPAL PADRE GERMANO LAUCK,FOZ DO IGUACU,9a RS FOZ DO IGUACU,MACRORREGIAO OESTE,26,VSR,3
HOSPITAL MUNICIPAL PADRE GERMANO LAUCK,FOZ DO IGUACU,9a RS FOZ DO IGUACU,MACRORREGIAO OESTE,27,Rinovírus,1
HOSPITAL MUNICIPAL PADRE GERMANO LAUCK,FOZ DO IGUACU,9a RS FOZ DO IGUACU,MACRORREGIAO OESTE,27,VSR,3
HOSPITAL MUNICIPAL PADRE GERMANO LAUCK,FOZ DO IGUACU,9a RS FOZ DO IGUACU,MACRORREGIAO OESTE,28,Adenovírus,1
HOSPITAL MUNICIPAL PADRE GERMANO LAUCK,FOZ DO IGUACU,9a RS FOZ DO IGUACU,MACRORREGIAO OESTE,28,Influenza,2
HOSPITAL MUNICIPAL PADRE GERMANO LAUCK,FOZ DO IGUACU,9a RS FOZ DO IGUACU,MACRORREGIAO OESTE,28,Metapneumovírus,2
HOSPITAL MUNICIPAL PADRE GERMANO LAUCK,FOZ DO IGUACU,9a RS FOZ DO IGUACU,MACRORREGIAO OESTE,28,Rinovírus,2
HOSPITAL MUNICIPAL PADRE GERMANO LAUCK,FOZ DO IGUACU,9a RS FOZ DO IGUACU,MACRORREGIAO OESTE,28,VSR,5
HOSPITAL MUNICIPAL PADRE GERMANO LAUCK,FOZ DO IGUACU,9a RS FOZ DO IGUACU,MACRORREGIAO OESTE,29,Influenza,1
HOSPITAL MUNICIPAL PADRE GERMANO LAUCK,MEDIANEIRA,9a RS FOZ DO IGUACU,MACRORREGIAO OESTE,29,Influenza,1
HOSPITAL MUNICIPAL PADRE GERMANO LAUCK,FOZ DO IGUACU,9a RS FOZ DO IGUACU,MACRORREGIAO OESTE,29,Metapneumovírus,1
HOSPITAL MUNICIPAL PADRE GERMANO LAUCK,FOZ DO IGUACU,9a RS FOZ DO IGUACU,MACRORREGIAO OESTE,29,Rinovírus,2
HOSPITAL MUNICIPAL PADRE GERMANO LAUCK,FOZ DO IGUACU,9a RS FOZ DO IGUACU,MACRORREGIAO OESTE,29,VSR,4
HOSPITAL MUNICIPAL PADRE GERMANO LAUCK,FOZ DO IGUACU,9a RS FOZ DO IGUACU,MACRORREGIAO OESTE,30,Influenza,1
HOSPITAL MUNICIPAL PADRE GERMANO LAUCK,FOZ DO IGUACU,9a RS FOZ DO IGUACU,MACRORREGIAO OESTE,30,Metapneumovírus,3
HOSPITAL MUNICIPAL PADRE GERMANO LAUCK,FOZ DO IGUACU,9a RS FOZ DO IGUACU,MACRORREGIAO OESTE,31,Influenza,1
HOSPITAL MUNICIPAL PADRE GERMANO LAUCK,FOZ DO IGUACU,9a RS FOZ DO IGUACU,MACRORREGIAO OESTE,31,Metapneumovírus,1
HOSPITAL MUNICIPAL PADRE GERMANO LAUCK,FOZ DO IGUACU,9a RS FOZ DO IGUACU,MACRORREGIAO OESTE,31,Rinovírus,2
HOSPITAL MUNICIPAL PADRE GERMANO LAUCK,FOZ DO IGUACU,9a RS FOZ DO IGUACU,MACRORREGIAO OESTE,31,VSR,3
HOSPITAL MUNICIPAL PADRE GERMANO LAUCK,FOZ DO IGUACU,9a RS FOZ DO IGUACU,MACRORREGIAO OESTE,32,Adenovírus,1
HOSPITAL MUNICIPAL PADRE GERMANO LAUCK,FOZ DO IGUACU,9a RS FOZ DO IGUACU,MACRORREGIAO OESTE,32,Rinovírus,1
HOSPITAL MUNICIPAL PADRE GERMANO LAUCK,MEDIANEIRA,9a RS FOZ DO IGUACU,MACRORREGIAO OESTE,32,VSR,1
HOSPITAL MUNICIPAL PADRE GERMANO LAUCK,FOZ DO IGUACU,9a RS FOZ DO IGUACU,MACRORREGIAO OESTE,33,Metapneumovírus,2
HOSPITAL MUNICIPAL PADRE GERMANO LAUCK,FOZ DO IGUACU,9a RS FOZ DO IGUACU,MACRORREGIAO OESTE,33,Rinovírus,2
HOSPITAL MUNICIPAL PADRE GERMANO LAUCK,FOZ DO IGUACU,9a RS FOZ DO IGUACU,MACRORREGIAO OESTE,33,VSR,1
HOSPITAL MUNICIPAL PADRE GERMANO LAUCK,FOZ DO IGUACU,9a RS FOZ DO IGUACU,MACRORREGIAO OESTE,34,Rinovírus,1
HOSPITAL MUNICIPAL PADRE GERMANO LAUCK,FOZ DO IGUACU,9a RS FOZ DO IGUACU,MACRORREGIAO OESTE,34,VSR,1
HOSPITAL MUNICIPAL PADRE GERMANO LAUCK,FOZ DO IGUACU,9a RS FOZ DO IGUACU,MACRORREGIAO OESTE,35,Metapneumovírus,1
HOSPITAL MUNICIPAL PADRE GERMANO LAUCK,FOZ DO IGUACU,9a RS FOZ DO IGUACU,MACRORREGIAO OESTE,35,Rinovírus,3
HOSPITAL MUNICIPAL PADRE GERMANO LAUCK,SANTA TEREZINHA DE ITAIPU,9a RS FOZ DO IGUACU,MACRORREGIAO OESTE,35,Rinovírus,1
HOSPITAL MUNICIPAL PADRE GERMANO LAUCK,FOZ DO IGUACU,9a RS FOZ DO IGUACU,MACRORREGIAO OESTE,36,Influenza,1
HOSPITAL MUNICIPAL PADRE GERMANO LAUCK,FOZ DO IGUACU,9a RS FOZ DO IGUACU,MACRORREGIAO OESTE,36,Metapneumovírus,1
HOSPITAL UNIMED FOZ,FOZ DO IGUACU,9a RS FOZ DO IGUACU,MACRORREGIAO OESTE,3,Covid-19,1
HOSPITAL UNIMED FOZ,FOZ DO IGUACU,9a RS FOZ DO IGUACU,MACRORREGIAO OESTE,3,Rinovírus,1
HOSPITAL UNIMED FOZ,FOZ DO IGUACU,9a RS FOZ DO IGUACU,MACRORREGIAO OESTE,4,Influenza,1
HOSPITAL UNIMED FOZ,FOZ DO IGUACU,9a RS FOZ DO IGUACU,MACRORREGIAO OESTE,10,Rinovírus,1
HOSPITAL UNIMED FOZ,FOZ DO IGUACU,9a RS FOZ DO IGUACU,MACRORREGIAO OESTE,11,VSR,1
HOSPITAL UNIMED FOZ,FOZ DO IGUACU,9a RS FOZ DO IGUACU,MACRORREGIAO OESTE,17,Influenza,2
HOSPITAL UNIMED FOZ,SANTA TEREZINHA DE ITAIPU,9a RS FOZ DO IGUACU,MACRORREGIAO OESTE,17,Rinovírus,1
HOSPITAL UNIMED FOZ,FOZ DO IGUACU,9a RS FOZ DO IGUACU,MACRORREGIAO OESTE,19,Rinovírus,1
HOSPITAL UNIMED FOZ,FOZ DO IGUACU,9a RS FOZ DO IGUACU,MACRORREGIAO OESTE,22,Influenza,1
HOSPITAL UNIMED FOZ,SANTA TEREZINHA DE ITAIPU,9a RS FOZ DO IGUACU,MACRORREGIAO OESTE,22,Influenza,1
HOSPITAL UNIMED FOZ,FOZ DO IGUACU,9a RS FOZ DO IGUACU,MACRORREGIAO OESTE,22,Rinovírus,1
HOSPITAL UNIMED FOZ,FOZ DO IGUACU,9a RS FOZ DO IGUACU,MACRORREGIAO OESTE,27,VSR,1
HOSPITAL UNIMED FOZ,FOZ DO IGUACU,9a RS FOZ DO IGUACU,MACRORREGIAO OESTE,29,Rinovírus,1
HOSPITAL UNIMED FOZ,FOZ DO IGUACU,9a RS FOZ DO IGUACU,MACRORREGIAO OESTE,31,Rinovírus,1
HOSPITAL UNIMED FOZ,FOZ DO IGUACU,9a RS FOZ DO IGUACU,MACRORREGIAO OESTE,32,Metapneumovírus,1
HOSPITAL UNIMED FOZ,FOZ DO IGUACU,9a RS FOZ DO IGUACU,MACRORREGIAO OESTE,33,VSR,1
HOSPITAL UNIVERSITARIO DO OESTE DO PARANA,FOZ DO IGUACU,9a RS FOZ DO IGUACU,MACRORREGIAO OESTE,12,Adenovírus,1
HOSPITAL UNIVERSITARIO DO OESTE DO PARANA,FOZ DO IGUACU,9a RS FOZ DO IGUACU,MACRORREGIAO OESTE,16,Rinovírus,1
HOSPITAL UNIVERSITARIO DO OESTE DO PARANA,FOZ DO IGUACU,9a RS FOZ DO IGUACU,MACRORREGIAO OESTE,29,VSR,1
HPU HOSPITAL POLICLINICA UNIMED,MATELANDIA,9a RS FOZ DO IGUACU,MACRORREGIAO OESTE,12,Rinovírus,1
